"PRODUCT_KEY","CATEGORY_NAME","SUPPLIER_ID","UNIT_PRICE","PRICE_BAND"
1,"Cat_9",135,3987,"High"
2,"Cat_18",194,4412,"High"
3,"Cat_23",118,3548,"High"
4,"Cat_19",139,1971,"Mid"
5,"Cat_10",115,4495,"High"
6,"Cat_17",53,2634,"Mid"
7,"Cat_8",160,3028,"High"
8,"Cat_30",21,3686,"High"
9,"Cat_29",74,1844,"Mid"
10,"Cat_29",77,316,"Low"
11,"Cat_9",61,564,"Low"
12,"Cat_14",146,3422,"High"
13,"Cat_30",17,1910,"Mid"
14,"Cat_10",187,2403,"Mid"
15,"Cat_19",145,3155,"High"
16,"Cat_10",122,3332,"High"
17,"Cat_15",124,1578,"Mid"
18,"Cat_7",42,4115,"High"
19,"Cat_8",63,935,"Low"
20,"Cat_27",114,616,"Low"
21,"Cat_6",33,3951,"High"
22,"Cat_10",140,2753,"Mid"
23,"Cat_19",46,1674,"Mid"
24,"Cat_18",187,1200,"Mid"
25,"Cat_18",191,2946,"Mid"
26,"Cat_18",159,4386,"High"
27,"Cat_16",168,1145,"Mid"
28,"Cat_9",95,4567,"High"
29,"Cat_18",157,3423,"High"
30,"Cat_1",114,4207,"High"
31,"Cat_4",44,1326,"Mid"
32,"Cat_17",56,2718,"Mid"
33,"Cat_9",118,1881,"Mid"
34,"Cat_24",47,4761,"High"
35,"Cat_5",57,2971,"Mid"
36,"Cat_8",74,680,"Low"
37,"Cat_12",73,1305,"Mid"
38,"Cat_19",155,2018,"Mid"
39,"Cat_12",181,3121,"High"
40,"Cat_20",192,3067,"High"
41,"Cat_1",77,118,"Low"
42,"Cat_8",128,2564,"Mid"
43,"Cat_21",45,2293,"Mid"
44,"Cat_1",11,711,"Low"
45,"Cat_23",130,3298,"High"
46,"Cat_9",60,4651,"High"
47,"Cat_26",47,2234,"Mid"
48,"Cat_1",162,4044,"High"
49,"Cat_6",110,3609,"High"
50,"Cat_14",133,3724,"High"
51,"Cat_20",91,150,"Low"
52,"Cat_11",71,1125,"Mid"
53,"Cat_26",99,751,"Low"
54,"Cat_5",31,2887,"Mid"
55,"Cat_2",65,4910,"High"
56,"Cat_26",198,3707,"High"
57,"Cat_28",190,1617,"Mid"
58,"Cat_6",167,1577,"Mid"
59,"Cat_8",84,1415,"Mid"
60,"Cat_20",107,3539,"High"
61,"Cat_2",8,1894,"Mid"
62,"Cat_10",134,1950,"Mid"
63,"Cat_22",47,3639,"High"
64,"Cat_22",52,148,"Low"
65,"Cat_4",72,3368,"High"
66,"Cat_22",42,2834,"Mid"
67,"Cat_19",76,4948,"High"
68,"Cat_1",126,1875,"Mid"
69,"Cat_13",151,1011,"Mid"
70,"Cat_8",35,2792,"Mid"
71,"Cat_8",62,347,"Low"
72,"Cat_5",67,3632,"High"
73,"Cat_15",143,3716,"High"
74,"Cat_13",34,3001,"High"
75,"Cat_8",141,3959,"High"
76,"Cat_1",189,4134,"High"
77,"Cat_13",148,4995,"High"
78,"Cat_4",52,3020,"High"
79,"Cat_24",93,3851,"High"
80,"Cat_13",171,1348,"Mid"
81,"Cat_22",158,637,"Low"
82,"Cat_20",88,666,"Low"
83,"Cat_11",4,2740,"Mid"
84,"Cat_11",148,1227,"Mid"
85,"Cat_20",131,3381,"High"
86,"Cat_11",142,3753,"High"
87,"Cat_4",105,1205,"Mid"
88,"Cat_22",103,4946,"High"
89,"Cat_3",13,1185,"Mid"
90,"Cat_3",193,2538,"Mid"
91,"Cat_29",91,3663,"High"
92,"Cat_27",53,4799,"High"
93,"Cat_18",74,3030,"High"
94,"Cat_12",90,2020,"Mid"
95,"Cat_21",180,4965,"High"
96,"Cat_10",137,4011,"High"
97,"Cat_3",98,2637,"Mid"
98,"Cat_26",159,414,"Low"
99,"Cat_10",34,2489,"Mid"
100,"Cat_22",191,4865,"High"
101,"Cat_16",130,2972,"Mid"
102,"Cat_14",147,2083,"Mid"
103,"Cat_29",89,642,"Low"
104,"Cat_9",151,1711,"Mid"
105,"Cat_6",183,4868,"High"
106,"Cat_17",192,3512,"High"
107,"Cat_14",140,2729,"Mid"
108,"Cat_25",76,3296,"High"
109,"Cat_4",164,951,"Low"
110,"Cat_1",165,4299,"High"
111,"Cat_5",3,933,"Low"
112,"Cat_23",87,4411,"High"
113,"Cat_19",150,3582,"High"
114,"Cat_5",107,303,"Low"
115,"Cat_25",11,1595,"Mid"
116,"Cat_2",189,3090,"High"
117,"Cat_15",91,3857,"High"
118,"Cat_21",35,3489,"High"
119,"Cat_3",97,2106,"Mid"
120,"Cat_22",86,1558,"Mid"
121,"Cat_29",38,2094,"Mid"
122,"Cat_20",9,1063,"Mid"
123,"Cat_15",13,2255,"Mid"
124,"Cat_19",142,3695,"High"
125,"Cat_16",49,3389,"High"
126,"Cat_29",1,3325,"High"
127,"Cat_16",134,4857,"High"
128,"Cat_24",67,3151,"High"
129,"Cat_18",29,2755,"Mid"
130,"Cat_14",141,4984,"High"
131,"Cat_19",107,1046,"Mid"
132,"Cat_25",30,2326,"Mid"
133,"Cat_16",43,3341,"High"
134,"Cat_26",57,3218,"High"
135,"Cat_27",122,4846,"High"
136,"Cat_4",1,4524,"High"
137,"Cat_19",21,693,"Low"
138,"Cat_17",125,188,"Low"
139,"Cat_30",65,4819,"High"
140,"Cat_17",180,1299,"Mid"
141,"Cat_1",159,2517,"Mid"
142,"Cat_9",167,848,"Low"
143,"Cat_30",117,4911,"High"
144,"Cat_7",155,3689,"High"
145,"Cat_5",22,872,"Low"
146,"Cat_28",167,315,"Low"
147,"Cat_20",89,747,"Low"
148,"Cat_18",119,129,"Low"
149,"Cat_28",193,2420,"Mid"
150,"Cat_14",32,3194,"High"
151,"Cat_27",179,304,"Low"
152,"Cat_9",158,2249,"Mid"
153,"Cat_20",185,3363,"High"
154,"Cat_30",74,713,"Low"
155,"Cat_8",6,337,"Low"
156,"Cat_17",11,817,"Low"
157,"Cat_23",67,779,"Low"
158,"Cat_11",77,1863,"Mid"
159,"Cat_14",82,146,"Low"
160,"Cat_20",36,4254,"High"
161,"Cat_11",74,2347,"Mid"
162,"Cat_16",10,4013,"High"
163,"Cat_29",133,2041,"Mid"
164,"Cat_11",106,407,"Low"
165,"Cat_4",180,4988,"High"
166,"Cat_18",158,3258,"High"
167,"Cat_9",24,3855,"High"
168,"Cat_9",45,1444,"Mid"
169,"Cat_18",146,647,"Low"
170,"Cat_21",158,1530,"Mid"
171,"Cat_8",81,1202,"Mid"
172,"Cat_5",115,4103,"High"
173,"Cat_22",44,3680,"High"
174,"Cat_17",16,2567,"Mid"
175,"Cat_11",113,1931,"Mid"
176,"Cat_2",172,922,"Low"
177,"Cat_20",155,3075,"High"
178,"Cat_2",100,2915,"Mid"
179,"Cat_27",160,3640,"High"
180,"Cat_3",131,3949,"High"
181,"Cat_15",171,4707,"High"
182,"Cat_26",173,3490,"High"
183,"Cat_5",200,2219,"Mid"
184,"Cat_30",152,2252,"Mid"
185,"Cat_15",92,4450,"High"
186,"Cat_5",185,1674,"Mid"
187,"Cat_2",19,2548,"Mid"
188,"Cat_17",169,2171,"Mid"
189,"Cat_13",6,3896,"High"
190,"Cat_15",198,1211,"Mid"
191,"Cat_19",49,4725,"High"
192,"Cat_20",34,294,"Low"
193,"Cat_10",119,3457,"High"
194,"Cat_21",156,3830,"High"
195,"Cat_9",195,1893,"Mid"
196,"Cat_1",37,2514,"Mid"
197,"Cat_4",142,4173,"High"
198,"Cat_4",91,4420,"High"
199,"Cat_6",74,1233,"Mid"
200,"Cat_26",114,3340,"High"
201,"Cat_3",75,1001,"Mid"
202,"Cat_3",34,2580,"Mid"
203,"Cat_4",48,596,"Low"
204,"Cat_29",9,2232,"Mid"
205,"Cat_2",25,1828,"Mid"
206,"Cat_22",130,2054,"Mid"
207,"Cat_27",127,2841,"Mid"
208,"Cat_9",172,1700,"Mid"
209,"Cat_3",11,2405,"Mid"
210,"Cat_5",149,637,"Low"
211,"Cat_29",1,789,"Low"
212,"Cat_24",5,2346,"Mid"
213,"Cat_12",159,1202,"Mid"
214,"Cat_10",127,2622,"Mid"
215,"Cat_8",200,3548,"High"
216,"Cat_13",2,4348,"High"
217,"Cat_28",90,2260,"Mid"
218,"Cat_18",1,1144,"Mid"
219,"Cat_16",178,242,"Low"
220,"Cat_2",131,3765,"High"
221,"Cat_23",150,1438,"Mid"
222,"Cat_15",182,3850,"High"
223,"Cat_19",106,758,"Low"
224,"Cat_20",46,4994,"High"
225,"Cat_23",66,1344,"Mid"
226,"Cat_22",82,1254,"Mid"
227,"Cat_23",102,1984,"Mid"
228,"Cat_7",44,1520,"Mid"
229,"Cat_10",89,1270,"Mid"
230,"Cat_26",27,1247,"Mid"
231,"Cat_4",132,979,"Low"
232,"Cat_2",10,325,"Low"
233,"Cat_16",190,4691,"High"
234,"Cat_27",53,749,"Low"
235,"Cat_20",170,4308,"High"
236,"Cat_13",54,2830,"Mid"
237,"Cat_3",112,185,"Low"
238,"Cat_11",56,1795,"Mid"
239,"Cat_7",103,4825,"High"
240,"Cat_28",155,3743,"High"
241,"Cat_1",189,799,"Low"
242,"Cat_5",157,515,"Low"
243,"Cat_10",91,4140,"High"
244,"Cat_1",138,1934,"Mid"
245,"Cat_15",63,1502,"Mid"
246,"Cat_12",31,3705,"High"
247,"Cat_16",94,465,"Low"
248,"Cat_15",70,3542,"High"
249,"Cat_30",33,4738,"High"
250,"Cat_16",188,1863,"Mid"
251,"Cat_22",41,4452,"High"
252,"Cat_30",131,1538,"Mid"
253,"Cat_8",16,354,"Low"
254,"Cat_19",140,1282,"Mid"
255,"Cat_19",169,947,"Low"
256,"Cat_4",181,2450,"Mid"
257,"Cat_3",186,1602,"Mid"
258,"Cat_1",57,2220,"Mid"
259,"Cat_14",183,889,"Low"
260,"Cat_23",167,2536,"Mid"
261,"Cat_3",62,704,"Low"
262,"Cat_21",103,3136,"High"
263,"Cat_7",90,1531,"Mid"
264,"Cat_5",60,3060,"High"
265,"Cat_13",3,4466,"High"
266,"Cat_24",4,3378,"High"
267,"Cat_22",196,3189,"High"
268,"Cat_4",5,3319,"High"
269,"Cat_12",137,4020,"High"
270,"Cat_15",163,1010,"Mid"
271,"Cat_12",173,4601,"High"
272,"Cat_10",92,4831,"High"
273,"Cat_27",164,4148,"High"
274,"Cat_24",89,2849,"Mid"
275,"Cat_26",90,1161,"Mid"
276,"Cat_23",41,3082,"High"
277,"Cat_3",33,1803,"Mid"
278,"Cat_18",40,1683,"Mid"
279,"Cat_1",170,3713,"High"
280,"Cat_11",71,4843,"High"
281,"Cat_3",86,1227,"Mid"
282,"Cat_27",198,294,"Low"
283,"Cat_2",1,303,"Low"
284,"Cat_5",194,4099,"High"
285,"Cat_3",181,519,"Low"
286,"Cat_17",76,3194,"High"
287,"Cat_30",49,4636,"High"
288,"Cat_14",163,1693,"Mid"
289,"Cat_25",160,3989,"High"
290,"Cat_2",197,771,"Low"
291,"Cat_4",127,2699,"Mid"
292,"Cat_12",69,352,"Low"
293,"Cat_16",138,4689,"High"
294,"Cat_22",95,3757,"High"
295,"Cat_17",138,4892,"High"
296,"Cat_27",128,3874,"High"
297,"Cat_4",62,1779,"Mid"
298,"Cat_15",18,3356,"High"
299,"Cat_15",153,2134,"Mid"
300,"Cat_11",168,478,"Low"
301,"Cat_27",60,1623,"Mid"
302,"Cat_4",36,4435,"High"
303,"Cat_8",21,3261,"High"
304,"Cat_26",24,1402,"Mid"
305,"Cat_23",194,241,"Low"
306,"Cat_21",91,3984,"High"
307,"Cat_26",184,218,"Low"
308,"Cat_3",40,4276,"High"
309,"Cat_2",121,2639,"Mid"
310,"Cat_17",180,415,"Low"
311,"Cat_20",10,1708,"Mid"
312,"Cat_4",185,1941,"Mid"
313,"Cat_18",146,3038,"High"
314,"Cat_16",127,2937,"Mid"
315,"Cat_7",118,2222,"Mid"
316,"Cat_21",56,1123,"Mid"
317,"Cat_22",44,1880,"Mid"
318,"Cat_5",20,1743,"Mid"
319,"Cat_1",129,3950,"High"
320,"Cat_5",100,1990,"Mid"
321,"Cat_9",78,4042,"High"
322,"Cat_29",166,2985,"Mid"
323,"Cat_4",193,2132,"Mid"
324,"Cat_17",168,371,"Low"
325,"Cat_17",77,4042,"High"
326,"Cat_18",83,3317,"High"
327,"Cat_28",167,976,"Low"
328,"Cat_21",138,134,"Low"
329,"Cat_3",159,4513,"High"
330,"Cat_11",96,4483,"High"
331,"Cat_15",84,4489,"High"
332,"Cat_28",104,3702,"High"
333,"Cat_8",1,1037,"Mid"
334,"Cat_21",63,3788,"High"
335,"Cat_8",57,3723,"High"
336,"Cat_15",90,1376,"Mid"
337,"Cat_11",64,4740,"High"
338,"Cat_25",82,807,"Low"
339,"Cat_6",6,4820,"High"
340,"Cat_9",115,2534,"Mid"
341,"Cat_1",175,2746,"Mid"
342,"Cat_1",131,3354,"High"
343,"Cat_28",20,3605,"High"
344,"Cat_24",116,2499,"Mid"
345,"Cat_25",194,478,"Low"
346,"Cat_5",11,1242,"Mid"
347,"Cat_22",93,1299,"Mid"
348,"Cat_3",149,1901,"Mid"
349,"Cat_25",2,1776,"Mid"
350,"Cat_16",62,2889,"Mid"
351,"Cat_27",154,4290,"High"
352,"Cat_30",56,4118,"High"
353,"Cat_10",69,1567,"Mid"
354,"Cat_29",55,4157,"High"
355,"Cat_10",101,1608,"Mid"
356,"Cat_28",43,3480,"High"
357,"Cat_15",91,2292,"Mid"
358,"Cat_16",72,2598,"Mid"
359,"Cat_11",135,3050,"High"
360,"Cat_11",119,1372,"Mid"
361,"Cat_19",173,1442,"Mid"
362,"Cat_19",163,201,"Low"
363,"Cat_2",62,4449,"High"
364,"Cat_19",29,1258,"Mid"
365,"Cat_17",93,2944,"Mid"
366,"Cat_9",147,1174,"Mid"
367,"Cat_17",58,4568,"High"
368,"Cat_15",10,2447,"Mid"
369,"Cat_12",159,1556,"Mid"
370,"Cat_15",39,3208,"High"
371,"Cat_9",81,2516,"Mid"
372,"Cat_23",108,4308,"High"
373,"Cat_5",45,4459,"High"
374,"Cat_21",145,352,"Low"
375,"Cat_10",128,4587,"High"
376,"Cat_7",76,1661,"Mid"
377,"Cat_11",9,4055,"High"
378,"Cat_25",175,4222,"High"
379,"Cat_30",64,3559,"High"
380,"Cat_2",166,2491,"Mid"
381,"Cat_6",116,4167,"High"
382,"Cat_13",38,3162,"High"
383,"Cat_29",49,930,"Low"
384,"Cat_19",135,1288,"Mid"
385,"Cat_21",136,4197,"High"
386,"Cat_14",15,3377,"High"
387,"Cat_27",179,3748,"High"
388,"Cat_2",112,3137,"High"
389,"Cat_4",31,4724,"High"
390,"Cat_5",126,1953,"Mid"
391,"Cat_9",107,3496,"High"
392,"Cat_29",165,188,"Low"
393,"Cat_9",77,3077,"High"
394,"Cat_20",99,3626,"High"
395,"Cat_3",41,3461,"High"
396,"Cat_19",61,189,"Low"
397,"Cat_27",68,3810,"High"
398,"Cat_16",51,1692,"Mid"
399,"Cat_13",131,2881,"Mid"
400,"Cat_23",153,4528,"High"
401,"Cat_13",28,1585,"Mid"
402,"Cat_4",143,2826,"Mid"
403,"Cat_22",86,3123,"High"
404,"Cat_29",192,4493,"High"
405,"Cat_15",4,976,"Low"
406,"Cat_10",46,2776,"Mid"
407,"Cat_20",21,1094,"Mid"
408,"Cat_4",90,2239,"Mid"
409,"Cat_9",33,2233,"Mid"
410,"Cat_25",68,1938,"Mid"
411,"Cat_13",17,2587,"Mid"
412,"Cat_29",189,368,"Low"
413,"Cat_3",108,1233,"Mid"
414,"Cat_20",21,420,"Low"
415,"Cat_19",127,3795,"High"
416,"Cat_5",25,1558,"Mid"
417,"Cat_29",147,1833,"Mid"
418,"Cat_2",158,3489,"High"
419,"Cat_6",124,3623,"High"
420,"Cat_17",114,2337,"Mid"
421,"Cat_26",82,984,"Low"
422,"Cat_13",126,4137,"High"
423,"Cat_22",78,432,"Low"
424,"Cat_20",115,999,"Low"
425,"Cat_16",190,4417,"High"
426,"Cat_3",11,598,"Low"
427,"Cat_11",163,3742,"High"
428,"Cat_8",172,3266,"High"
429,"Cat_26",188,990,"Low"
430,"Cat_27",43,2780,"Mid"
431,"Cat_12",4,2247,"Mid"
432,"Cat_2",69,2187,"Mid"
433,"Cat_8",105,4199,"High"
434,"Cat_24",189,2587,"Mid"
435,"Cat_25",115,3967,"High"
436,"Cat_5",4,4276,"High"
437,"Cat_7",33,1235,"Mid"
438,"Cat_1",63,1141,"Mid"
439,"Cat_1",147,2651,"Mid"
440,"Cat_18",39,4423,"High"
441,"Cat_13",72,2156,"Mid"
442,"Cat_15",195,759,"Low"
443,"Cat_24",122,4669,"High"
444,"Cat_26",89,1713,"Mid"
445,"Cat_27",157,1517,"Mid"
446,"Cat_13",96,3140,"High"
447,"Cat_23",129,4950,"High"
448,"Cat_9",87,3468,"High"
449,"Cat_19",90,1850,"Mid"
450,"Cat_19",151,3072,"High"
451,"Cat_19",104,4532,"High"
452,"Cat_13",43,3020,"High"
453,"Cat_26",175,386,"Low"
454,"Cat_25",119,181,"Low"
455,"Cat_3",107,2594,"Mid"
456,"Cat_12",172,2362,"Mid"
457,"Cat_6",92,3573,"High"
458,"Cat_3",153,213,"Low"
459,"Cat_26",22,578,"Low"
460,"Cat_24",168,1839,"Mid"
461,"Cat_10",138,3425,"High"
462,"Cat_25",165,2983,"Mid"
463,"Cat_18",82,1036,"Mid"
464,"Cat_28",127,4090,"High"
465,"Cat_14",129,379,"Low"
466,"Cat_5",42,891,"Low"
467,"Cat_10",178,1241,"Mid"
468,"Cat_11",35,4641,"High"
469,"Cat_1",195,922,"Low"
470,"Cat_15",132,3427,"High"
471,"Cat_5",5,291,"Low"
472,"Cat_13",189,4048,"High"
473,"Cat_23",25,2863,"Mid"
474,"Cat_1",136,3418,"High"
475,"Cat_22",188,374,"Low"
476,"Cat_12",192,742,"Low"
477,"Cat_6",166,1680,"Mid"
478,"Cat_15",117,3272,"High"
479,"Cat_22",53,1521,"Mid"
480,"Cat_7",59,2562,"Mid"
481,"Cat_12",155,3176,"High"
482,"Cat_30",49,3402,"High"
483,"Cat_22",145,1846,"Mid"
484,"Cat_17",132,1581,"Mid"
485,"Cat_1",86,3681,"High"
486,"Cat_24",53,416,"Low"
487,"Cat_22",65,3808,"High"
488,"Cat_14",29,2923,"Mid"
489,"Cat_19",28,2347,"Mid"
490,"Cat_19",32,4306,"High"
491,"Cat_13",169,2700,"Mid"
492,"Cat_29",154,3066,"High"
493,"Cat_26",107,4633,"High"
494,"Cat_17",82,3105,"High"
495,"Cat_12",176,4567,"High"
496,"Cat_6",165,548,"Low"
497,"Cat_30",35,2894,"Mid"
498,"Cat_13",186,636,"Low"
499,"Cat_4",112,1938,"Mid"
500,"Cat_2",141,242,"Low"
501,"Cat_22",16,2928,"Mid"
502,"Cat_6",145,3384,"High"
503,"Cat_24",26,809,"Low"
504,"Cat_18",115,3881,"High"
505,"Cat_30",191,830,"Low"
506,"Cat_17",59,909,"Low"
507,"Cat_10",130,594,"Low"
508,"Cat_11",191,1728,"Mid"
509,"Cat_17",63,1183,"Mid"
510,"Cat_13",105,1237,"Mid"
511,"Cat_27",180,3857,"High"
512,"Cat_8",70,1465,"Mid"
513,"Cat_14",180,2733,"Mid"
514,"Cat_26",157,299,"Low"
515,"Cat_13",21,1068,"Mid"
516,"Cat_5",111,2590,"Mid"
517,"Cat_9",156,779,"Low"
518,"Cat_8",197,2611,"Mid"
519,"Cat_30",124,2398,"Mid"
520,"Cat_25",94,4100,"High"
521,"Cat_14",15,1425,"Mid"
522,"Cat_9",111,2169,"Mid"
523,"Cat_12",34,4325,"High"
524,"Cat_14",11,4303,"High"
525,"Cat_22",9,1942,"Mid"
526,"Cat_7",152,4110,"High"
527,"Cat_16",142,1755,"Mid"
528,"Cat_6",13,1617,"Mid"
529,"Cat_24",191,3622,"High"
530,"Cat_3",58,1694,"Mid"
531,"Cat_29",181,1083,"Mid"
532,"Cat_9",173,2464,"Mid"
533,"Cat_24",106,1713,"Mid"
534,"Cat_21",103,4485,"High"
535,"Cat_26",80,1658,"Mid"
536,"Cat_23",32,4338,"High"
537,"Cat_1",23,1771,"Mid"
538,"Cat_15",126,1066,"Mid"
539,"Cat_4",39,215,"Low"
540,"Cat_8",27,3104,"High"
541,"Cat_24",148,4239,"High"
542,"Cat_5",168,1192,"Mid"
543,"Cat_12",23,3965,"High"
544,"Cat_24",11,2590,"Mid"
545,"Cat_3",59,3271,"High"
546,"Cat_24",131,905,"Low"
547,"Cat_28",141,4112,"High"
548,"Cat_13",112,1637,"Mid"
549,"Cat_25",36,4053,"High"
550,"Cat_3",109,1348,"Mid"
551,"Cat_1",129,3333,"High"
552,"Cat_13",112,4798,"High"
553,"Cat_28",135,4600,"High"
554,"Cat_8",62,4780,"High"
555,"Cat_4",32,761,"Low"
556,"Cat_3",9,2542,"Mid"
557,"Cat_6",162,2020,"Mid"
558,"Cat_7",94,737,"Low"
559,"Cat_8",55,1128,"Mid"
560,"Cat_5",170,814,"Low"
561,"Cat_6",25,4149,"High"
562,"Cat_18",105,3825,"High"
563,"Cat_25",106,4097,"High"
564,"Cat_20",121,1740,"Mid"
565,"Cat_22",193,2948,"Mid"
566,"Cat_15",108,2254,"Mid"
567,"Cat_22",176,2438,"Mid"
568,"Cat_20",171,3948,"High"
569,"Cat_3",79,1076,"Mid"
570,"Cat_24",108,4855,"High"
571,"Cat_25",15,977,"Low"
572,"Cat_30",195,3122,"High"
573,"Cat_20",83,946,"Low"
574,"Cat_20",168,2966,"Mid"
575,"Cat_27",36,3844,"High"
576,"Cat_26",8,4903,"High"
577,"Cat_12",199,908,"Low"
578,"Cat_24",131,1535,"Mid"
579,"Cat_9",72,101,"Low"
580,"Cat_30",49,836,"Low"
581,"Cat_29",87,4113,"High"
582,"Cat_13",87,2487,"Mid"
583,"Cat_12",196,4568,"High"
584,"Cat_15",197,261,"Low"
585,"Cat_4",79,3674,"High"
586,"Cat_28",156,2609,"Mid"
587,"Cat_13",183,4540,"High"
588,"Cat_20",160,1604,"Mid"
589,"Cat_17",43,2251,"Mid"
590,"Cat_15",111,1233,"Mid"
591,"Cat_20",150,3546,"High"
592,"Cat_16",188,1791,"Mid"
593,"Cat_8",40,1211,"Mid"
594,"Cat_17",175,3683,"High"
595,"Cat_3",12,4950,"High"
596,"Cat_6",197,1530,"Mid"
597,"Cat_15",143,4512,"High"
598,"Cat_16",178,407,"Low"
599,"Cat_26",99,4658,"High"
600,"Cat_17",97,1883,"Mid"
601,"Cat_12",122,1841,"Mid"
602,"Cat_12",142,4306,"High"
603,"Cat_5",169,2532,"Mid"
604,"Cat_20",200,2260,"Mid"
605,"Cat_9",141,2251,"Mid"
606,"Cat_18",83,2869,"Mid"
607,"Cat_1",82,1409,"Mid"
608,"Cat_14",48,1910,"Mid"
609,"Cat_17",150,4546,"High"
610,"Cat_20",33,190,"Low"
611,"Cat_26",53,3706,"High"
612,"Cat_29",137,790,"Low"
613,"Cat_29",157,2652,"Mid"
614,"Cat_30",96,3754,"High"
615,"Cat_15",12,4168,"High"
616,"Cat_7",86,4464,"High"
617,"Cat_17",60,4689,"High"
618,"Cat_16",78,1729,"Mid"
619,"Cat_10",167,3681,"High"
620,"Cat_12",44,2785,"Mid"
621,"Cat_30",108,3821,"High"
622,"Cat_1",50,1585,"Mid"
623,"Cat_20",7,1833,"Mid"
624,"Cat_30",89,4221,"High"
625,"Cat_10",144,1951,"Mid"
626,"Cat_26",174,3917,"High"
627,"Cat_16",92,3398,"High"
628,"Cat_25",198,1716,"Mid"
629,"Cat_26",188,3008,"High"
630,"Cat_16",56,1827,"Mid"
631,"Cat_1",167,4662,"High"
632,"Cat_1",182,2285,"Mid"
633,"Cat_16",88,2173,"Mid"
634,"Cat_4",31,4728,"High"
635,"Cat_27",54,554,"Low"
636,"Cat_28",81,1468,"Mid"
637,"Cat_24",69,3934,"High"
638,"Cat_28",183,3361,"High"
639,"Cat_14",98,414,"Low"
640,"Cat_19",16,4344,"High"
641,"Cat_6",14,2422,"Mid"
642,"Cat_13",61,547,"Low"
643,"Cat_13",6,3595,"High"
644,"Cat_18",200,1283,"Mid"
645,"Cat_30",15,3633,"High"
646,"Cat_27",73,3369,"High"
647,"Cat_27",114,4157,"High"
648,"Cat_10",83,4712,"High"
649,"Cat_29",140,4812,"High"
650,"Cat_7",184,4029,"High"
651,"Cat_15",159,745,"Low"
652,"Cat_20",32,4712,"High"
653,"Cat_4",31,608,"Low"
654,"Cat_3",51,3309,"High"
655,"Cat_18",13,4182,"High"
656,"Cat_15",11,708,"Low"
657,"Cat_17",159,4592,"High"
658,"Cat_20",128,2136,"Mid"
659,"Cat_14",147,2344,"Mid"
660,"Cat_19",109,1386,"Mid"
661,"Cat_13",73,4983,"High"
662,"Cat_16",17,3417,"High"
663,"Cat_13",57,2804,"Mid"
664,"Cat_16",63,4653,"High"
665,"Cat_20",141,3235,"High"
666,"Cat_23",55,3329,"High"
667,"Cat_3",157,2784,"Mid"
668,"Cat_2",148,1967,"Mid"
669,"Cat_8",28,939,"Low"
670,"Cat_29",11,661,"Low"
671,"Cat_22",47,1489,"Mid"
672,"Cat_17",170,2640,"Mid"
673,"Cat_8",114,4137,"High"
674,"Cat_30",122,795,"Low"
675,"Cat_4",130,2440,"Mid"
676,"Cat_8",47,4838,"High"
677,"Cat_23",101,3350,"High"
678,"Cat_29",67,1220,"Mid"
679,"Cat_23",199,2275,"Mid"
680,"Cat_28",168,1818,"Mid"
681,"Cat_5",75,4194,"High"
682,"Cat_9",83,4200,"High"
683,"Cat_28",44,411,"Low"
684,"Cat_6",8,3870,"High"
685,"Cat_9",29,4775,"High"
686,"Cat_10",62,4507,"High"
687,"Cat_20",58,3407,"High"
688,"Cat_2",148,2708,"Mid"
689,"Cat_7",167,3630,"High"
690,"Cat_27",69,1517,"Mid"
691,"Cat_19",76,360,"Low"
692,"Cat_13",174,1419,"Mid"
693,"Cat_22",53,1151,"Mid"
694,"Cat_20",18,3229,"High"
695,"Cat_25",172,1307,"Mid"
696,"Cat_29",103,733,"Low"
697,"Cat_10",20,4104,"High"
698,"Cat_27",139,569,"Low"
699,"Cat_3",129,4729,"High"
700,"Cat_18",193,886,"Low"
701,"Cat_18",105,4365,"High"
702,"Cat_17",8,798,"Low"
703,"Cat_5",122,1943,"Mid"
704,"Cat_3",22,4651,"High"
705,"Cat_3",193,3427,"High"
706,"Cat_20",159,3871,"High"
707,"Cat_5",151,4252,"High"
708,"Cat_28",9,3666,"High"
709,"Cat_26",7,2105,"Mid"
710,"Cat_26",199,4298,"High"
711,"Cat_15",27,686,"Low"
712,"Cat_20",200,3418,"High"
713,"Cat_24",103,2908,"Mid"
714,"Cat_9",87,3033,"High"
715,"Cat_18",81,1403,"Mid"
716,"Cat_16",71,1278,"Mid"
717,"Cat_13",134,3793,"High"
718,"Cat_11",22,2778,"Mid"
719,"Cat_3",113,4893,"High"
720,"Cat_23",193,474,"Low"
721,"Cat_1",28,4811,"High"
722,"Cat_14",107,254,"Low"
723,"Cat_27",140,2342,"Mid"
724,"Cat_26",23,3218,"High"
725,"Cat_21",68,882,"Low"
726,"Cat_27",64,189,"Low"
727,"Cat_15",115,3774,"High"
728,"Cat_23",137,2343,"Mid"
729,"Cat_2",161,4828,"High"
730,"Cat_2",103,848,"Low"
731,"Cat_6",159,377,"Low"
732,"Cat_13",151,2123,"Mid"
733,"Cat_21",117,3984,"High"
734,"Cat_6",155,4065,"High"
735,"Cat_10",173,2405,"Mid"
736,"Cat_18",35,4021,"High"
737,"Cat_27",45,4908,"High"
738,"Cat_27",90,3256,"High"
739,"Cat_4",152,4797,"High"
740,"Cat_20",64,4354,"High"
741,"Cat_4",107,547,"Low"
742,"Cat_21",125,1799,"Mid"
743,"Cat_25",163,1121,"Mid"
744,"Cat_10",30,3343,"High"
745,"Cat_18",8,639,"Low"
746,"Cat_12",117,4447,"High"
747,"Cat_6",127,2192,"Mid"
748,"Cat_17",198,4376,"High"
749,"Cat_6",138,2374,"Mid"
750,"Cat_11",21,4381,"High"
751,"Cat_23",159,1244,"Mid"
752,"Cat_24",179,4261,"High"
753,"Cat_21",54,3843,"High"
754,"Cat_25",79,4988,"High"
755,"Cat_6",185,3290,"High"
756,"Cat_22",4,1582,"Mid"
757,"Cat_13",9,3644,"High"
758,"Cat_13",61,2410,"Mid"
759,"Cat_6",91,3287,"High"
760,"Cat_8",54,3253,"High"
761,"Cat_18",37,4520,"High"
762,"Cat_20",157,2138,"Mid"
763,"Cat_10",37,4074,"High"
764,"Cat_14",42,233,"Low"
765,"Cat_30",52,1494,"Mid"
766,"Cat_11",3,4287,"High"
767,"Cat_12",172,522,"Low"
768,"Cat_12",87,2526,"Mid"
769,"Cat_26",129,410,"Low"
770,"Cat_11",91,4325,"High"
771,"Cat_19",10,2178,"Mid"
772,"Cat_22",85,738,"Low"
773,"Cat_19",41,1368,"Mid"
774,"Cat_30",174,4516,"High"
775,"Cat_28",190,2755,"Mid"
776,"Cat_1",40,4034,"High"
777,"Cat_19",40,4913,"High"
778,"Cat_30",76,3639,"High"
779,"Cat_3",191,1588,"Mid"
780,"Cat_7",98,526,"Low"
781,"Cat_22",162,229,"Low"
782,"Cat_5",192,1225,"Mid"
783,"Cat_10",160,3578,"High"
784,"Cat_20",176,4269,"High"
785,"Cat_16",91,1851,"Mid"
786,"Cat_11",156,4528,"High"
787,"Cat_21",72,3431,"High"
788,"Cat_6",139,4740,"High"
789,"Cat_26",171,1801,"Mid"
790,"Cat_6",44,4471,"High"
791,"Cat_25",38,2037,"Mid"
792,"Cat_11",77,803,"Low"
793,"Cat_13",155,4417,"High"
794,"Cat_12",181,3947,"High"
795,"Cat_28",131,1079,"Mid"
796,"Cat_19",22,3870,"High"
797,"Cat_5",77,4780,"High"
798,"Cat_1",86,1434,"Mid"
799,"Cat_23",4,3250,"High"
800,"Cat_21",182,2027,"Mid"
801,"Cat_1",119,3509,"High"
802,"Cat_11",101,1254,"Mid"
803,"Cat_12",84,3702,"High"
804,"Cat_10",41,3193,"High"
805,"Cat_25",133,3961,"High"
806,"Cat_27",160,1508,"Mid"
807,"Cat_21",64,1619,"Mid"
808,"Cat_14",184,3382,"High"
809,"Cat_6",177,1947,"Mid"
810,"Cat_4",17,4127,"High"
811,"Cat_21",167,4215,"High"
812,"Cat_11",151,4005,"High"
813,"Cat_26",6,1074,"Mid"
814,"Cat_3",41,4317,"High"
815,"Cat_10",30,4363,"High"
816,"Cat_3",199,4660,"High"
817,"Cat_16",198,2284,"Mid"
818,"Cat_30",11,4172,"High"
819,"Cat_12",116,1472,"Mid"
820,"Cat_28",116,153,"Low"
821,"Cat_17",182,755,"Low"
822,"Cat_27",122,2136,"Mid"
823,"Cat_25",16,263,"Low"
824,"Cat_1",103,3478,"High"
825,"Cat_26",121,2912,"Mid"
826,"Cat_21",24,2212,"Mid"
827,"Cat_15",79,4881,"High"
828,"Cat_29",26,929,"Low"
829,"Cat_30",175,2498,"Mid"
830,"Cat_26",136,678,"Low"
831,"Cat_20",60,1758,"Mid"
832,"Cat_2",175,4912,"High"
833,"Cat_4",96,1069,"Mid"
834,"Cat_6",101,4313,"High"
835,"Cat_8",87,1772,"Mid"
836,"Cat_11",77,3853,"High"
837,"Cat_24",19,1969,"Mid"
838,"Cat_12",139,3071,"High"
839,"Cat_9",43,3777,"High"
840,"Cat_30",114,783,"Low"
841,"Cat_12",81,972,"Low"
842,"Cat_22",17,3903,"High"
843,"Cat_21",164,1163,"Mid"
844,"Cat_17",118,3213,"High"
845,"Cat_22",94,4260,"High"
846,"Cat_13",31,3849,"High"
847,"Cat_22",169,4314,"High"
848,"Cat_30",159,2124,"Mid"
849,"Cat_10",111,4435,"High"
850,"Cat_13",151,3963,"High"
851,"Cat_12",99,678,"Low"
852,"Cat_4",170,870,"Low"
853,"Cat_17",40,4015,"High"
854,"Cat_28",164,4398,"High"
855,"Cat_2",55,201,"Low"
856,"Cat_10",89,2953,"Mid"
857,"Cat_8",179,329,"Low"
858,"Cat_11",177,1088,"Mid"
859,"Cat_25",28,466,"Low"
860,"Cat_4",121,1685,"Mid"
861,"Cat_7",149,484,"Low"
862,"Cat_8",43,4175,"High"
863,"Cat_17",7,3160,"High"
864,"Cat_8",9,744,"Low"
865,"Cat_17",114,566,"Low"
866,"Cat_3",136,4278,"High"
867,"Cat_2",122,1380,"Mid"
868,"Cat_16",31,1709,"Mid"
869,"Cat_29",142,2099,"Mid"
870,"Cat_24",192,4192,"High"
871,"Cat_3",183,3592,"High"
872,"Cat_27",191,2722,"Mid"
873,"Cat_15",115,1247,"Mid"
874,"Cat_14",174,543,"Low"
875,"Cat_29",175,283,"Low"
876,"Cat_1",166,694,"Low"
877,"Cat_26",182,3792,"High"
878,"Cat_23",186,1260,"Mid"
879,"Cat_7",118,4926,"High"
880,"Cat_12",173,3607,"High"
881,"Cat_23",4,441,"Low"
882,"Cat_22",100,642,"Low"
883,"Cat_6",157,701,"Low"
884,"Cat_19",78,1846,"Mid"
885,"Cat_14",61,2071,"Mid"
886,"Cat_21",87,2679,"Mid"
887,"Cat_17",180,1986,"Mid"
888,"Cat_12",89,4162,"High"
889,"Cat_27",128,3145,"High"
890,"Cat_4",156,604,"Low"
891,"Cat_12",103,378,"Low"
892,"Cat_14",177,470,"Low"
893,"Cat_16",195,4398,"High"
894,"Cat_16",87,2766,"Mid"
895,"Cat_3",5,273,"Low"
896,"Cat_4",68,282,"Low"
897,"Cat_29",161,656,"Low"
898,"Cat_5",18,4445,"High"
899,"Cat_6",19,1309,"Mid"
900,"Cat_8",141,4187,"High"
901,"Cat_8",165,2175,"Mid"
902,"Cat_4",99,1614,"Mid"
903,"Cat_21",32,2583,"Mid"
904,"Cat_30",124,2785,"Mid"
905,"Cat_22",36,4289,"High"
906,"Cat_29",175,1622,"Mid"
907,"Cat_4",83,3238,"High"
908,"Cat_29",97,2859,"Mid"
909,"Cat_8",93,1468,"Mid"
910,"Cat_5",149,2389,"Mid"
911,"Cat_27",159,4414,"High"
912,"Cat_19",167,3106,"High"
913,"Cat_25",105,2364,"Mid"
914,"Cat_1",2,2925,"Mid"
915,"Cat_29",62,2327,"Mid"
916,"Cat_24",194,3499,"High"
917,"Cat_8",177,1681,"Mid"
918,"Cat_7",193,1412,"Mid"
919,"Cat_8",164,371,"Low"
920,"Cat_14",174,3474,"High"
921,"Cat_1",142,2919,"Mid"
922,"Cat_4",111,1702,"Mid"
923,"Cat_14",150,618,"Low"
924,"Cat_21",128,2182,"Mid"
925,"Cat_4",19,4936,"High"
926,"Cat_30",79,124,"Low"
927,"Cat_7",197,2165,"Mid"
928,"Cat_27",192,1096,"Mid"
929,"Cat_22",161,4024,"High"
930,"Cat_15",136,811,"Low"
931,"Cat_5",70,3999,"High"
932,"Cat_18",144,449,"Low"
933,"Cat_10",163,1490,"Mid"
934,"Cat_2",14,3955,"High"
935,"Cat_10",102,2812,"Mid"
936,"Cat_16",197,1317,"Mid"
937,"Cat_15",163,1562,"Mid"
938,"Cat_3",129,2751,"Mid"
939,"Cat_16",73,2603,"Mid"
940,"Cat_15",139,3712,"High"
941,"Cat_20",39,1656,"Mid"
942,"Cat_30",93,1684,"Mid"
943,"Cat_2",175,2499,"Mid"
944,"Cat_6",93,4620,"High"
945,"Cat_20",34,4367,"High"
946,"Cat_1",46,2121,"Mid"
947,"Cat_30",103,4164,"High"
948,"Cat_10",129,2158,"Mid"
949,"Cat_21",159,1552,"Mid"
950,"Cat_14",104,3188,"High"
951,"Cat_4",199,4354,"High"
952,"Cat_25",1,2954,"Mid"
953,"Cat_21",107,419,"Low"
954,"Cat_13",111,3252,"High"
955,"Cat_24",181,3089,"High"
956,"Cat_1",6,3180,"High"
957,"Cat_5",136,2024,"Mid"
958,"Cat_19",3,4763,"High"
959,"Cat_18",154,171,"Low"
960,"Cat_14",74,1352,"Mid"
961,"Cat_18",86,1100,"Mid"
962,"Cat_28",165,4682,"High"
963,"Cat_30",193,1659,"Mid"
964,"Cat_30",193,1089,"Mid"
965,"Cat_3",176,471,"Low"
966,"Cat_13",21,1384,"Mid"
967,"Cat_20",73,1791,"Mid"
968,"Cat_15",36,1633,"Mid"
969,"Cat_14",79,4433,"High"
970,"Cat_8",70,4639,"High"
971,"Cat_5",175,373,"Low"
972,"Cat_21",166,4961,"High"
973,"Cat_25",146,2275,"Mid"
974,"Cat_19",129,4424,"High"
975,"Cat_7",153,801,"Low"
976,"Cat_18",111,4130,"High"
977,"Cat_23",56,354,"Low"
978,"Cat_5",6,869,"Low"
979,"Cat_26",161,1838,"Mid"
980,"Cat_11",16,1037,"Mid"
981,"Cat_15",5,612,"Low"
982,"Cat_24",88,968,"Low"
983,"Cat_6",22,2502,"Mid"
984,"Cat_12",48,4665,"High"
985,"Cat_17",145,3800,"High"
986,"Cat_7",47,660,"Low"
987,"Cat_10",7,907,"Low"
988,"Cat_5",119,969,"Low"
989,"Cat_30",80,1170,"Mid"
990,"Cat_8",50,1675,"Mid"
991,"Cat_19",41,2217,"Mid"
992,"Cat_27",140,513,"Low"
993,"Cat_8",126,1927,"Mid"
994,"Cat_22",124,1000,"Mid"
995,"Cat_21",104,819,"Low"
996,"Cat_29",139,1983,"Mid"
997,"Cat_26",59,1380,"Mid"
998,"Cat_24",38,4702,"High"
999,"Cat_28",80,2704,"Mid"
1000,"Cat_10",19,2991,"Mid"
1001,"Cat_13",90,2675,"Mid"
1002,"Cat_30",122,4661,"High"
1003,"Cat_17",30,3796,"High"
1004,"Cat_22",154,4608,"High"
1005,"Cat_14",105,2859,"Mid"
1006,"Cat_19",27,3092,"High"
1007,"Cat_2",103,2323,"Mid"
1008,"Cat_3",176,2854,"Mid"
1009,"Cat_9",86,2313,"Mid"
1010,"Cat_21",154,1462,"Mid"
1011,"Cat_10",179,3062,"High"
1012,"Cat_17",157,1203,"Mid"
1013,"Cat_7",74,3390,"High"
1014,"Cat_26",141,1290,"Mid"
1015,"Cat_17",73,3462,"High"
1016,"Cat_19",171,406,"Low"
1017,"Cat_6",122,2417,"Mid"
1018,"Cat_18",143,3514,"High"
1019,"Cat_2",17,4501,"High"
1020,"Cat_12",132,687,"Low"
1021,"Cat_10",89,1767,"Mid"
1022,"Cat_17",153,3707,"High"
1023,"Cat_8",40,1763,"Mid"
1024,"Cat_22",200,377,"Low"
1025,"Cat_2",51,1383,"Mid"
1026,"Cat_28",50,993,"Low"
1027,"Cat_21",23,3091,"High"
1028,"Cat_28",14,3776,"High"
1029,"Cat_5",65,977,"Low"
1030,"Cat_15",13,3854,"High"
1031,"Cat_2",169,1520,"Mid"
1032,"Cat_10",1,589,"Low"
1033,"Cat_28",121,4138,"High"
1034,"Cat_26",65,2791,"Mid"
1035,"Cat_25",28,2343,"Mid"
1036,"Cat_8",23,187,"Low"
1037,"Cat_21",56,112,"Low"
1038,"Cat_20",115,1900,"Mid"
1039,"Cat_2",43,1357,"Mid"
1040,"Cat_18",57,2029,"Mid"
1041,"Cat_5",181,4540,"High"
1042,"Cat_25",26,771,"Low"
1043,"Cat_15",8,328,"Low"
1044,"Cat_1",155,669,"Low"
1045,"Cat_6",187,272,"Low"
1046,"Cat_22",1,3888,"High"
1047,"Cat_7",57,3504,"High"
1048,"Cat_17",15,1513,"Mid"
1049,"Cat_17",138,3913,"High"
1050,"Cat_14",98,1607,"Mid"
1051,"Cat_26",2,2074,"Mid"
1052,"Cat_26",2,2212,"Mid"
1053,"Cat_27",147,2174,"Mid"
1054,"Cat_26",31,3044,"High"
1055,"Cat_2",133,356,"Low"
1056,"Cat_4",116,1093,"Mid"
1057,"Cat_25",117,670,"Low"
1058,"Cat_9",195,473,"Low"
1059,"Cat_21",48,2409,"Mid"
1060,"Cat_5",144,1268,"Mid"
1061,"Cat_5",64,1658,"Mid"
1062,"Cat_18",21,882,"Low"
1063,"Cat_7",189,1935,"Mid"
1064,"Cat_8",70,3813,"High"
1065,"Cat_1",140,3610,"High"
1066,"Cat_16",136,1972,"Mid"
1067,"Cat_23",29,1665,"Mid"
1068,"Cat_4",163,1092,"Mid"
1069,"Cat_14",75,1039,"Mid"
1070,"Cat_10",127,2054,"Mid"
1071,"Cat_25",65,2705,"Mid"
1072,"Cat_8",161,4487,"High"
1073,"Cat_1",119,540,"Low"
1074,"Cat_13",182,2307,"Mid"
1075,"Cat_16",56,2543,"Mid"
1076,"Cat_19",13,116,"Low"
1077,"Cat_11",181,4906,"High"
1078,"Cat_3",121,3409,"High"
1079,"Cat_7",130,2635,"Mid"
1080,"Cat_10",58,2018,"Mid"
1081,"Cat_12",22,4385,"High"
1082,"Cat_12",53,1446,"Mid"
1083,"Cat_17",191,446,"Low"
1084,"Cat_19",6,1534,"Mid"
1085,"Cat_26",42,894,"Low"
1086,"Cat_27",119,336,"Low"
1087,"Cat_28",73,1288,"Mid"
1088,"Cat_18",159,4391,"High"
1089,"Cat_3",175,3687,"High"
1090,"Cat_6",194,3221,"High"
1091,"Cat_9",200,4179,"High"
1092,"Cat_25",166,4486,"High"
1093,"Cat_30",130,3010,"High"
1094,"Cat_9",189,903,"Low"
1095,"Cat_10",127,4278,"High"
1096,"Cat_22",76,3875,"High"
1097,"Cat_27",137,3463,"High"
1098,"Cat_17",70,2164,"Mid"
1099,"Cat_19",50,4099,"High"
1100,"Cat_3",167,1227,"Mid"
1101,"Cat_9",164,1513,"Mid"
1102,"Cat_11",93,1548,"Mid"
1103,"Cat_16",44,2750,"Mid"
1104,"Cat_26",145,1340,"Mid"
1105,"Cat_22",80,1122,"Mid"
1106,"Cat_26",53,1431,"Mid"
1107,"Cat_18",60,2255,"Mid"
1108,"Cat_3",36,912,"Low"
1109,"Cat_2",106,3622,"High"
1110,"Cat_25",191,963,"Low"
1111,"Cat_13",169,4361,"High"
1112,"Cat_21",154,4281,"High"
1113,"Cat_6",172,3711,"High"
1114,"Cat_4",50,1307,"Mid"
1115,"Cat_26",119,4146,"High"
1116,"Cat_18",141,1047,"Mid"
1117,"Cat_24",130,3771,"High"
1118,"Cat_25",193,1436,"Mid"
1119,"Cat_21",88,3253,"High"
1120,"Cat_12",40,861,"Low"
1121,"Cat_25",71,2935,"Mid"
1122,"Cat_18",36,595,"Low"
1123,"Cat_17",184,4610,"High"
1124,"Cat_28",57,1382,"Mid"
1125,"Cat_27",174,1610,"Mid"
1126,"Cat_6",30,3420,"High"
1127,"Cat_2",74,4465,"High"
1128,"Cat_28",93,3672,"High"
1129,"Cat_11",37,1689,"Mid"
1130,"Cat_27",187,100,"Low"
1131,"Cat_16",129,3289,"High"
1132,"Cat_23",104,1115,"Mid"
1133,"Cat_19",95,375,"Low"
1134,"Cat_28",74,3096,"High"
1135,"Cat_11",62,2322,"Mid"
1136,"Cat_1",66,4896,"High"
1137,"Cat_13",22,4644,"High"
1138,"Cat_5",158,3014,"High"
1139,"Cat_8",30,2021,"Mid"
1140,"Cat_28",68,2380,"Mid"
1141,"Cat_10",130,2475,"Mid"
1142,"Cat_14",9,4786,"High"
1143,"Cat_1",37,3401,"High"
1144,"Cat_2",100,3572,"High"
1145,"Cat_30",140,3295,"High"
1146,"Cat_1",25,4815,"High"
1147,"Cat_5",61,3463,"High"
1148,"Cat_23",37,1223,"Mid"
1149,"Cat_7",17,1752,"Mid"
1150,"Cat_8",71,3143,"High"
1151,"Cat_6",100,2322,"Mid"
1152,"Cat_5",97,4803,"High"
1153,"Cat_4",50,2281,"Mid"
1154,"Cat_27",174,824,"Low"
1155,"Cat_9",187,4679,"High"
1156,"Cat_14",167,4999,"High"
1157,"Cat_2",101,3167,"High"
1158,"Cat_26",48,1428,"Mid"
1159,"Cat_12",170,4371,"High"
1160,"Cat_16",94,140,"Low"
1161,"Cat_1",45,1770,"Mid"
1162,"Cat_28",194,1818,"Mid"
1163,"Cat_2",185,1014,"Mid"
1164,"Cat_8",19,152,"Low"
1165,"Cat_6",176,1254,"Mid"
1166,"Cat_23",137,2626,"Mid"
1167,"Cat_5",43,1141,"Mid"
1168,"Cat_15",147,503,"Low"
1169,"Cat_21",192,4330,"High"
1170,"Cat_1",24,3590,"High"
1171,"Cat_16",178,812,"Low"
1172,"Cat_8",55,4837,"High"
1173,"Cat_7",121,1408,"Mid"
1174,"Cat_28",82,743,"Low"
1175,"Cat_9",18,2876,"Mid"
1176,"Cat_12",139,1206,"Mid"
1177,"Cat_14",77,4301,"High"
1178,"Cat_10",115,3009,"High"
1179,"Cat_9",84,4417,"High"
1180,"Cat_28",71,1037,"Mid"
1181,"Cat_28",119,2665,"Mid"
1182,"Cat_16",170,2052,"Mid"
1183,"Cat_14",134,4225,"High"
1184,"Cat_17",177,3508,"High"
1185,"Cat_25",175,2605,"Mid"
1186,"Cat_21",2,4775,"High"
1187,"Cat_13",169,3670,"High"
1188,"Cat_1",81,3991,"High"
1189,"Cat_24",53,1909,"Mid"
1190,"Cat_15",182,3264,"High"
1191,"Cat_17",16,2819,"Mid"
1192,"Cat_10",187,3554,"High"
1193,"Cat_20",123,1056,"Mid"
1194,"Cat_10",5,4403,"High"
1195,"Cat_27",124,4845,"High"
1196,"Cat_20",94,4046,"High"
1197,"Cat_29",167,4716,"High"
1198,"Cat_10",197,2409,"Mid"
1199,"Cat_25",42,4781,"High"
1200,"Cat_2",150,1372,"Mid"
1201,"Cat_12",80,4437,"High"
1202,"Cat_8",64,1968,"Mid"
1203,"Cat_16",139,717,"Low"
1204,"Cat_7",83,3196,"High"
1205,"Cat_24",93,4066,"High"
1206,"Cat_24",148,4764,"High"
1207,"Cat_23",46,667,"Low"
1208,"Cat_9",3,3159,"High"
1209,"Cat_9",181,669,"Low"
1210,"Cat_3",182,3035,"High"
1211,"Cat_20",123,633,"Low"
1212,"Cat_6",96,531,"Low"
1213,"Cat_22",197,3267,"High"
1214,"Cat_10",42,3438,"High"
1215,"Cat_19",82,358,"Low"
1216,"Cat_30",54,4218,"High"
1217,"Cat_1",41,2257,"Mid"
1218,"Cat_17",79,167,"Low"
1219,"Cat_5",153,2783,"Mid"
1220,"Cat_13",84,4171,"High"
1221,"Cat_10",197,184,"Low"
1222,"Cat_19",200,1664,"Mid"
1223,"Cat_27",46,4928,"High"
1224,"Cat_10",107,4734,"High"
1225,"Cat_8",119,3838,"High"
1226,"Cat_1",186,1008,"Mid"
1227,"Cat_2",184,2162,"Mid"
1228,"Cat_12",97,3187,"High"
1229,"Cat_26",15,2172,"Mid"
1230,"Cat_14",140,2096,"Mid"
1231,"Cat_25",144,806,"Low"
1232,"Cat_11",155,3396,"High"
1233,"Cat_21",195,1489,"Mid"
1234,"Cat_26",130,4591,"High"
1235,"Cat_26",49,1175,"Mid"
1236,"Cat_27",45,3609,"High"
1237,"Cat_5",168,4353,"High"
1238,"Cat_19",33,3916,"High"
1239,"Cat_22",180,2724,"Mid"
1240,"Cat_26",93,1255,"Mid"
1241,"Cat_17",133,508,"Low"
1242,"Cat_21",133,4936,"High"
1243,"Cat_27",183,4666,"High"
1244,"Cat_22",41,4040,"High"
1245,"Cat_14",35,1058,"Mid"
1246,"Cat_6",116,3762,"High"
1247,"Cat_11",74,1501,"Mid"
1248,"Cat_27",18,1597,"Mid"
1249,"Cat_24",94,3540,"High"
1250,"Cat_9",147,852,"Low"
1251,"Cat_6",65,2307,"Mid"
1252,"Cat_4",162,3959,"High"
1253,"Cat_12",27,1521,"Mid"
1254,"Cat_10",190,2998,"Mid"
1255,"Cat_26",113,2176,"Mid"
1256,"Cat_26",100,2289,"Mid"
1257,"Cat_17",159,952,"Low"
1258,"Cat_27",177,3560,"High"
1259,"Cat_16",141,1736,"Mid"
1260,"Cat_16",103,1809,"Mid"
1261,"Cat_19",147,1111,"Mid"
1262,"Cat_11",98,3012,"High"
1263,"Cat_3",8,3254,"High"
1264,"Cat_25",100,3871,"High"
1265,"Cat_21",186,4816,"High"
1266,"Cat_3",129,1277,"Mid"
1267,"Cat_8",76,301,"Low"
1268,"Cat_10",85,141,"Low"
1269,"Cat_3",154,3080,"High"
1270,"Cat_12",181,3378,"High"
1271,"Cat_27",18,444,"Low"
1272,"Cat_17",156,4331,"High"
1273,"Cat_7",38,3817,"High"
1274,"Cat_22",116,529,"Low"
1275,"Cat_25",138,2372,"Mid"
1276,"Cat_17",169,2562,"Mid"
1277,"Cat_2",200,288,"Low"
1278,"Cat_10",153,2796,"Mid"
1279,"Cat_25",16,996,"Low"
1280,"Cat_22",10,3881,"High"
1281,"Cat_8",115,1214,"Mid"
1282,"Cat_14",147,3193,"High"
1283,"Cat_27",154,3620,"High"
1284,"Cat_11",121,771,"Low"
1285,"Cat_15",21,1578,"Mid"
1286,"Cat_20",56,3828,"High"
1287,"Cat_18",187,4855,"High"
1288,"Cat_22",54,3892,"High"
1289,"Cat_11",25,2149,"Mid"
1290,"Cat_21",126,1363,"Mid"
1291,"Cat_7",177,1042,"Mid"
1292,"Cat_6",11,2589,"Mid"
1293,"Cat_14",32,477,"Low"
1294,"Cat_14",137,2594,"Mid"
1295,"Cat_28",157,3264,"High"
1296,"Cat_9",192,2766,"Mid"
1297,"Cat_25",111,2710,"Mid"
1298,"Cat_15",91,237,"Low"
1299,"Cat_17",14,3936,"High"
1300,"Cat_12",36,562,"Low"
1301,"Cat_10",162,352,"Low"
1302,"Cat_19",50,882,"Low"
1303,"Cat_9",148,2416,"Mid"
1304,"Cat_30",81,1769,"Mid"
1305,"Cat_9",100,2981,"Mid"
1306,"Cat_27",123,758,"Low"
1307,"Cat_18",106,1121,"Mid"
1308,"Cat_2",9,1424,"Mid"
1309,"Cat_6",173,4319,"High"
1310,"Cat_27",176,2691,"Mid"
1311,"Cat_13",130,2522,"Mid"
1312,"Cat_25",120,2518,"Mid"
1313,"Cat_4",129,2344,"Mid"
1314,"Cat_17",149,1699,"Mid"
1315,"Cat_8",41,4028,"High"
1316,"Cat_5",80,823,"Low"
1317,"Cat_1",25,3238,"High"
1318,"Cat_16",125,3506,"High"
1319,"Cat_3",149,2751,"Mid"
1320,"Cat_12",103,639,"Low"
1321,"Cat_17",69,2298,"Mid"
1322,"Cat_19",112,1486,"Mid"
1323,"Cat_3",128,2769,"Mid"
1324,"Cat_14",61,823,"Low"
1325,"Cat_14",166,3139,"High"
1326,"Cat_10",41,3711,"High"
1327,"Cat_9",54,3317,"High"
1328,"Cat_26",174,613,"Low"
1329,"Cat_13",76,1589,"Mid"
1330,"Cat_24",195,2850,"Mid"
1331,"Cat_17",195,1029,"Mid"
1332,"Cat_22",172,4290,"High"
1333,"Cat_28",158,3422,"High"
1334,"Cat_10",184,3110,"High"
1335,"Cat_22",155,2845,"Mid"
1336,"Cat_16",139,3162,"High"
1337,"Cat_16",74,309,"Low"
1338,"Cat_19",128,2348,"Mid"
1339,"Cat_2",80,3084,"High"
1340,"Cat_26",129,332,"Low"
1341,"Cat_29",84,4544,"High"
1342,"Cat_16",122,2799,"Mid"
1343,"Cat_14",109,4138,"High"
1344,"Cat_30",164,382,"Low"
1345,"Cat_15",63,3616,"High"
1346,"Cat_11",184,2253,"Mid"
1347,"Cat_29",197,1197,"Mid"
1348,"Cat_24",183,651,"Low"
1349,"Cat_6",33,4768,"High"
1350,"Cat_11",54,702,"Low"
1351,"Cat_24",127,2778,"Mid"
1352,"Cat_11",30,1870,"Mid"
1353,"Cat_28",180,784,"Low"
1354,"Cat_18",194,3053,"High"
1355,"Cat_10",185,1558,"Mid"
1356,"Cat_27",58,2876,"Mid"
1357,"Cat_19",133,3623,"High"
1358,"Cat_1",75,2838,"Mid"
1359,"Cat_15",185,1796,"Mid"
1360,"Cat_6",169,1275,"Mid"
1361,"Cat_24",24,3069,"High"
1362,"Cat_5",142,857,"Low"
1363,"Cat_29",136,1991,"Mid"
1364,"Cat_22",144,3960,"High"
1365,"Cat_14",165,344,"Low"
1366,"Cat_5",173,3946,"High"
1367,"Cat_19",200,3481,"High"
1368,"Cat_14",54,1945,"Mid"
1369,"Cat_1",16,2331,"Mid"
1370,"Cat_28",75,3367,"High"
1371,"Cat_8",194,764,"Low"
1372,"Cat_9",41,3449,"High"
1373,"Cat_1",62,1551,"Mid"
1374,"Cat_2",46,1946,"Mid"
1375,"Cat_24",175,2792,"Mid"
1376,"Cat_20",160,3308,"High"
1377,"Cat_8",79,1533,"Mid"
1378,"Cat_18",100,172,"Low"
1379,"Cat_1",195,1353,"Mid"
1380,"Cat_28",8,2780,"Mid"
1381,"Cat_21",179,361,"Low"
1382,"Cat_20",168,2905,"Mid"
1383,"Cat_22",16,2073,"Mid"
1384,"Cat_10",93,373,"Low"
1385,"Cat_9",96,4866,"High"
1386,"Cat_1",200,3205,"High"
1387,"Cat_26",181,2332,"Mid"
1388,"Cat_30",54,4462,"High"
1389,"Cat_18",98,940,"Low"
1390,"Cat_1",118,1506,"Mid"
1391,"Cat_13",114,290,"Low"
1392,"Cat_28",181,1288,"Mid"
1393,"Cat_3",193,4690,"High"
1394,"Cat_27",50,3563,"High"
1395,"Cat_20",18,1556,"Mid"
1396,"Cat_16",174,864,"Low"
1397,"Cat_6",99,4971,"High"
1398,"Cat_29",4,393,"Low"
1399,"Cat_8",159,839,"Low"
1400,"Cat_10",191,4529,"High"
1401,"Cat_9",147,2753,"Mid"
1402,"Cat_10",174,3809,"High"
1403,"Cat_16",142,4868,"High"
1404,"Cat_23",79,3282,"High"
1405,"Cat_30",34,133,"Low"
1406,"Cat_9",105,4031,"High"
1407,"Cat_14",128,4289,"High"
1408,"Cat_18",46,3383,"High"
1409,"Cat_3",165,1752,"Mid"
1410,"Cat_27",198,3096,"High"
1411,"Cat_17",80,2935,"Mid"
1412,"Cat_23",72,3183,"High"
1413,"Cat_6",7,581,"Low"
1414,"Cat_17",197,3846,"High"
1415,"Cat_27",95,1875,"Mid"
1416,"Cat_1",49,306,"Low"
1417,"Cat_5",84,1370,"Mid"
1418,"Cat_3",138,2294,"Mid"
1419,"Cat_28",36,3009,"High"
1420,"Cat_21",150,2503,"Mid"
1421,"Cat_30",175,2463,"Mid"
1422,"Cat_4",192,3889,"High"
1423,"Cat_26",179,3559,"High"
1424,"Cat_20",158,1849,"Mid"
1425,"Cat_24",30,1580,"Mid"
1426,"Cat_22",133,4529,"High"
1427,"Cat_29",198,2054,"Mid"
1428,"Cat_9",14,1050,"Mid"
1429,"Cat_10",119,4986,"High"
1430,"Cat_25",65,4254,"High"
1431,"Cat_18",174,4454,"High"
1432,"Cat_26",68,3043,"High"
1433,"Cat_20",157,4209,"High"
1434,"Cat_30",127,372,"Low"
1435,"Cat_12",46,3634,"High"
1436,"Cat_6",127,2566,"Mid"
1437,"Cat_18",112,1576,"Mid"
1438,"Cat_25",29,2956,"Mid"
1439,"Cat_21",113,3838,"High"
1440,"Cat_1",121,255,"Low"
1441,"Cat_2",158,543,"Low"
1442,"Cat_12",122,4001,"High"
1443,"Cat_1",123,403,"Low"
1444,"Cat_15",18,465,"Low"
1445,"Cat_3",73,2622,"Mid"
1446,"Cat_19",58,1915,"Mid"
1447,"Cat_1",70,721,"Low"
1448,"Cat_20",27,1151,"Mid"
1449,"Cat_17",5,932,"Low"
1450,"Cat_5",194,4925,"High"
1451,"Cat_16",45,3410,"High"
1452,"Cat_15",73,2458,"Mid"
1453,"Cat_25",6,1780,"Mid"
1454,"Cat_3",200,1742,"Mid"
1455,"Cat_13",45,2411,"Mid"
1456,"Cat_5",44,4812,"High"
1457,"Cat_6",99,393,"Low"
1458,"Cat_30",72,1747,"Mid"
1459,"Cat_5",64,4419,"High"
1460,"Cat_3",132,3954,"High"
1461,"Cat_7",133,2794,"Mid"
1462,"Cat_30",179,515,"Low"
1463,"Cat_6",55,4335,"High"
1464,"Cat_7",192,2541,"Mid"
1465,"Cat_16",7,2524,"Mid"
1466,"Cat_15",189,2061,"Mid"
1467,"Cat_5",94,3056,"High"
1468,"Cat_9",29,2551,"Mid"
1469,"Cat_9",40,1206,"Mid"
1470,"Cat_11",23,1542,"Mid"
1471,"Cat_3",14,2323,"Mid"
1472,"Cat_16",127,110,"Low"
1473,"Cat_23",139,3098,"High"
1474,"Cat_21",11,4488,"High"
1475,"Cat_5",200,3303,"High"
1476,"Cat_15",188,4929,"High"
1477,"Cat_20",40,2857,"Mid"
1478,"Cat_19",166,1978,"Mid"
1479,"Cat_17",125,4900,"High"
1480,"Cat_29",114,937,"Low"
1481,"Cat_18",135,4789,"High"
1482,"Cat_24",111,4698,"High"
1483,"Cat_22",54,170,"Low"
1484,"Cat_21",34,1284,"Mid"
1485,"Cat_19",10,158,"Low"
1486,"Cat_29",163,1797,"Mid"
1487,"Cat_28",146,1343,"Mid"
1488,"Cat_12",78,2805,"Mid"
1489,"Cat_13",16,3945,"High"
1490,"Cat_29",35,4656,"High"
1491,"Cat_5",146,3226,"High"
1492,"Cat_25",9,4972,"High"
1493,"Cat_2",172,3496,"High"
1494,"Cat_7",172,3438,"High"
1495,"Cat_28",20,841,"Low"
1496,"Cat_5",49,1215,"Mid"
1497,"Cat_27",135,3809,"High"
1498,"Cat_30",8,4472,"High"
1499,"Cat_19",190,4288,"High"
1500,"Cat_18",152,3126,"High"
1501,"Cat_1",39,2509,"Mid"
1502,"Cat_18",13,2282,"Mid"
1503,"Cat_12",162,3723,"High"
1504,"Cat_28",131,4559,"High"
1505,"Cat_11",36,4439,"High"
1506,"Cat_24",193,4655,"High"
1507,"Cat_7",60,4040,"High"
1508,"Cat_29",47,4483,"High"
1509,"Cat_22",138,4636,"High"
1510,"Cat_26",189,2115,"Mid"
1511,"Cat_8",173,4021,"High"
1512,"Cat_15",134,673,"Low"
1513,"Cat_9",176,635,"Low"
1514,"Cat_9",121,3413,"High"
1515,"Cat_23",189,4519,"High"
1516,"Cat_22",168,4251,"High"
1517,"Cat_15",180,1799,"Mid"
1518,"Cat_20",34,1325,"Mid"
1519,"Cat_11",133,682,"Low"
1520,"Cat_17",160,3192,"High"
1521,"Cat_2",179,4946,"High"
1522,"Cat_12",111,4411,"High"
1523,"Cat_15",1,3299,"High"
1524,"Cat_19",173,2782,"Mid"
1525,"Cat_10",13,1747,"Mid"
1526,"Cat_17",158,645,"Low"
1527,"Cat_24",71,746,"Low"
1528,"Cat_2",86,2534,"Mid"
1529,"Cat_12",156,467,"Low"
1530,"Cat_8",176,1284,"Mid"
1531,"Cat_15",150,4539,"High"
1532,"Cat_25",105,215,"Low"
1533,"Cat_22",82,2556,"Mid"
1534,"Cat_29",24,4676,"High"
1535,"Cat_7",166,3916,"High"
1536,"Cat_20",169,781,"Low"
1537,"Cat_21",194,1814,"Mid"
1538,"Cat_27",41,2743,"Mid"
1539,"Cat_12",7,122,"Low"
1540,"Cat_23",38,1666,"Mid"
1541,"Cat_3",2,573,"Low"
1542,"Cat_8",39,4937,"High"
1543,"Cat_7",128,614,"Low"
1544,"Cat_8",149,3485,"High"
1545,"Cat_11",113,2235,"Mid"
1546,"Cat_27",83,3084,"High"
1547,"Cat_30",136,4137,"High"
1548,"Cat_4",47,2480,"Mid"
1549,"Cat_1",113,3860,"High"
1550,"Cat_7",108,4733,"High"
1551,"Cat_5",136,4410,"High"
1552,"Cat_12",138,3598,"High"
1553,"Cat_26",41,3764,"High"
1554,"Cat_18",103,1770,"Mid"
1555,"Cat_7",123,931,"Low"
1556,"Cat_21",148,359,"Low"
1557,"Cat_23",138,4374,"High"
1558,"Cat_28",76,2735,"Mid"
1559,"Cat_26",24,4101,"High"
1560,"Cat_18",108,2192,"Mid"
1561,"Cat_18",70,3525,"High"
1562,"Cat_14",99,167,"Low"
1563,"Cat_8",101,4836,"High"
1564,"Cat_26",190,4565,"High"
1565,"Cat_26",34,4422,"High"
1566,"Cat_2",70,3956,"High"
1567,"Cat_9",189,472,"Low"
1568,"Cat_4",162,3582,"High"
1569,"Cat_5",82,3114,"High"
1570,"Cat_21",15,4623,"High"
1571,"Cat_10",174,1934,"Mid"
1572,"Cat_24",101,3687,"High"
1573,"Cat_30",12,3192,"High"
1574,"Cat_9",73,538,"Low"
1575,"Cat_20",42,931,"Low"
1576,"Cat_7",93,2097,"Mid"
1577,"Cat_27",22,215,"Low"
1578,"Cat_26",70,1235,"Mid"
1579,"Cat_17",20,739,"Low"
1580,"Cat_9",31,1542,"Mid"
1581,"Cat_5",173,997,"Low"
1582,"Cat_30",43,2063,"Mid"
1583,"Cat_29",115,3305,"High"
1584,"Cat_12",42,1627,"Mid"
1585,"Cat_24",145,1240,"Mid"
1586,"Cat_17",61,1957,"Mid"
1587,"Cat_21",4,847,"Low"
1588,"Cat_30",30,4833,"High"
1589,"Cat_16",38,1137,"Mid"
1590,"Cat_14",153,1823,"Mid"
1591,"Cat_14",71,3506,"High"
1592,"Cat_17",56,3551,"High"
1593,"Cat_5",30,2673,"Mid"
1594,"Cat_23",97,3709,"High"
1595,"Cat_17",43,2409,"Mid"
1596,"Cat_29",183,2508,"Mid"
1597,"Cat_21",28,2517,"Mid"
1598,"Cat_18",10,2719,"Mid"
1599,"Cat_29",192,764,"Low"
1600,"Cat_2",143,1811,"Mid"
1601,"Cat_5",66,871,"Low"
1602,"Cat_28",140,4555,"High"
1603,"Cat_29",195,1023,"Mid"
1604,"Cat_4",109,2810,"Mid"
1605,"Cat_15",169,3003,"High"
1606,"Cat_19",12,1816,"Mid"
1607,"Cat_13",177,1812,"Mid"
1608,"Cat_12",160,3072,"High"
1609,"Cat_16",98,3009,"High"
1610,"Cat_26",144,1368,"Mid"
1611,"Cat_24",20,3564,"High"
1612,"Cat_26",74,3666,"High"
1613,"Cat_18",67,2079,"Mid"
1614,"Cat_26",193,3623,"High"
1615,"Cat_6",53,2254,"Mid"
1616,"Cat_25",50,1102,"Mid"
1617,"Cat_25",55,2837,"Mid"
1618,"Cat_23",155,1367,"Mid"
1619,"Cat_3",64,2430,"Mid"
1620,"Cat_15",172,1027,"Mid"
1621,"Cat_4",117,1789,"Mid"
1622,"Cat_18",77,892,"Low"
1623,"Cat_10",190,3776,"High"
1624,"Cat_2",21,4744,"High"
1625,"Cat_5",142,2751,"Mid"
1626,"Cat_22",31,4231,"High"
1627,"Cat_17",19,2887,"Mid"
1628,"Cat_21",3,1054,"Mid"
1629,"Cat_18",130,2456,"Mid"
1630,"Cat_28",100,4472,"High"
1631,"Cat_28",15,2095,"Mid"
1632,"Cat_22",73,2273,"Mid"
1633,"Cat_5",131,2963,"Mid"
1634,"Cat_28",151,255,"Low"
1635,"Cat_1",117,4746,"High"
1636,"Cat_20",187,3981,"High"
1637,"Cat_22",104,1215,"Mid"
1638,"Cat_17",24,4752,"High"
1639,"Cat_25",168,3235,"High"
1640,"Cat_27",133,4493,"High"
1641,"Cat_30",192,3761,"High"
1642,"Cat_19",51,488,"Low"
1643,"Cat_3",130,2341,"Mid"
1644,"Cat_18",134,742,"Low"
1645,"Cat_15",47,1552,"Mid"
1646,"Cat_28",70,1549,"Mid"
1647,"Cat_4",184,2840,"Mid"
1648,"Cat_2",96,3806,"High"
1649,"Cat_20",25,4222,"High"
1650,"Cat_24",136,4034,"High"
1651,"Cat_13",43,3220,"High"
1652,"Cat_15",41,456,"Low"
1653,"Cat_17",119,758,"Low"
1654,"Cat_26",106,4500,"High"
1655,"Cat_26",66,4938,"High"
1656,"Cat_28",91,1844,"Mid"
1657,"Cat_2",90,2600,"Mid"
1658,"Cat_30",182,547,"Low"
1659,"Cat_16",55,4593,"High"
1660,"Cat_28",187,636,"Low"
1661,"Cat_19",199,1753,"Mid"
1662,"Cat_11",195,860,"Low"
1663,"Cat_25",152,3740,"High"
1664,"Cat_11",74,735,"Low"
1665,"Cat_16",17,714,"Low"
1666,"Cat_2",127,4957,"High"
1667,"Cat_18",85,1408,"Mid"
1668,"Cat_16",45,4248,"High"
1669,"Cat_12",89,3033,"High"
1670,"Cat_18",19,1925,"Mid"
1671,"Cat_6",180,3944,"High"
1672,"Cat_19",107,2700,"Mid"
1673,"Cat_1",18,3756,"High"
1674,"Cat_27",61,3495,"High"
1675,"Cat_12",22,791,"Low"
1676,"Cat_29",130,2075,"Mid"
1677,"Cat_7",186,1164,"Mid"
1678,"Cat_27",147,1909,"Mid"
1679,"Cat_8",35,4026,"High"
1680,"Cat_16",195,1588,"Mid"
1681,"Cat_29",98,4971,"High"
1682,"Cat_18",76,3410,"High"
1683,"Cat_27",91,3869,"High"
1684,"Cat_18",45,1330,"Mid"
1685,"Cat_7",53,3246,"High"
1686,"Cat_12",25,3304,"High"
1687,"Cat_7",190,1178,"Mid"
1688,"Cat_20",47,3198,"High"
1689,"Cat_17",139,3366,"High"
1690,"Cat_20",160,4750,"High"
1691,"Cat_11",126,3061,"High"
1692,"Cat_2",194,3396,"High"
1693,"Cat_8",93,1888,"Mid"
1694,"Cat_16",10,1621,"Mid"
1695,"Cat_19",53,4004,"High"
1696,"Cat_19",175,1753,"Mid"
1697,"Cat_5",15,1749,"Mid"
1698,"Cat_26",56,2211,"Mid"
1699,"Cat_27",168,2233,"Mid"
1700,"Cat_21",92,1448,"Mid"
1701,"Cat_12",60,559,"Low"
1702,"Cat_25",144,837,"Low"
1703,"Cat_23",120,4156,"High"
1704,"Cat_19",71,2398,"Mid"
1705,"Cat_6",188,2588,"Mid"
1706,"Cat_9",85,376,"Low"
1707,"Cat_26",179,1192,"Mid"
1708,"Cat_4",171,1082,"Mid"
1709,"Cat_12",19,4815,"High"
1710,"Cat_3",137,917,"Low"
1711,"Cat_16",198,2081,"Mid"
1712,"Cat_27",55,4155,"High"
1713,"Cat_19",80,1480,"Mid"
1714,"Cat_17",91,4276,"High"
1715,"Cat_16",37,1994,"Mid"
1716,"Cat_17",151,3819,"High"
1717,"Cat_30",140,4947,"High"
1718,"Cat_15",187,2067,"Mid"
1719,"Cat_20",114,602,"Low"
1720,"Cat_15",76,2909,"Mid"
1721,"Cat_1",142,1667,"Mid"
1722,"Cat_30",66,2030,"Mid"
1723,"Cat_11",177,979,"Low"
1724,"Cat_7",152,2566,"Mid"
1725,"Cat_22",7,4853,"High"
1726,"Cat_22",23,1989,"Mid"
1727,"Cat_26",169,2399,"Mid"
1728,"Cat_17",154,1462,"Mid"
1729,"Cat_15",159,842,"Low"
1730,"Cat_24",199,2397,"Mid"
1731,"Cat_27",85,1761,"Mid"
1732,"Cat_5",178,4393,"High"
1733,"Cat_2",168,2000,"Mid"
1734,"Cat_10",102,2532,"Mid"
1735,"Cat_24",61,3395,"High"
1736,"Cat_29",193,449,"Low"
1737,"Cat_11",4,637,"Low"
1738,"Cat_21",31,1570,"Mid"
1739,"Cat_4",139,4004,"High"
1740,"Cat_12",12,1945,"Mid"
1741,"Cat_13",45,3600,"High"
1742,"Cat_14",43,3841,"High"
1743,"Cat_7",28,1114,"Mid"
1744,"Cat_22",86,1968,"Mid"
1745,"Cat_5",126,1422,"Mid"
1746,"Cat_9",12,4888,"High"
1747,"Cat_29",192,3405,"High"
1748,"Cat_30",79,2311,"Mid"
1749,"Cat_16",66,4116,"High"
1750,"Cat_28",115,3172,"High"
1751,"Cat_3",102,3022,"High"
1752,"Cat_9",76,3147,"High"
1753,"Cat_12",182,2698,"Mid"
1754,"Cat_6",108,4194,"High"
1755,"Cat_6",109,516,"Low"
1756,"Cat_29",164,136,"Low"
1757,"Cat_21",18,417,"Low"
1758,"Cat_3",179,3014,"High"
1759,"Cat_26",16,1090,"Mid"
1760,"Cat_17",120,3928,"High"
1761,"Cat_5",141,4788,"High"
1762,"Cat_24",155,281,"Low"
1763,"Cat_22",89,1225,"Mid"
1764,"Cat_14",125,716,"Low"
1765,"Cat_23",121,4317,"High"
1766,"Cat_27",170,2098,"Mid"
1767,"Cat_4",165,1618,"Mid"
1768,"Cat_23",155,3196,"High"
1769,"Cat_19",55,1417,"Mid"
1770,"Cat_8",74,933,"Low"
1771,"Cat_17",92,528,"Low"
1772,"Cat_4",31,4520,"High"
1773,"Cat_14",63,4943,"High"
1774,"Cat_10",144,2990,"Mid"
1775,"Cat_13",17,2093,"Mid"
1776,"Cat_14",161,4877,"High"
1777,"Cat_15",188,3240,"High"
1778,"Cat_16",133,3860,"High"
1779,"Cat_20",165,2510,"Mid"
1780,"Cat_28",83,2227,"Mid"
1781,"Cat_6",107,2706,"Mid"
1782,"Cat_12",162,357,"Low"
1783,"Cat_10",177,3720,"High"
1784,"Cat_14",79,3706,"High"
1785,"Cat_4",52,3615,"High"
1786,"Cat_14",191,1854,"Mid"
1787,"Cat_22",73,2041,"Mid"
1788,"Cat_14",81,4611,"High"
1789,"Cat_24",160,1972,"Mid"
1790,"Cat_19",33,3039,"High"
1791,"Cat_30",189,2811,"Mid"
1792,"Cat_24",27,872,"Low"
1793,"Cat_7",133,1078,"Mid"
1794,"Cat_19",154,949,"Low"
1795,"Cat_1",34,3831,"High"
1796,"Cat_9",41,2969,"Mid"
1797,"Cat_7",100,1311,"Mid"
1798,"Cat_7",96,3847,"High"
1799,"Cat_8",51,850,"Low"
1800,"Cat_14",49,2994,"Mid"
1801,"Cat_12",182,1179,"Mid"
1802,"Cat_14",140,2232,"Mid"
1803,"Cat_24",53,4909,"High"
1804,"Cat_25",46,2846,"Mid"
1805,"Cat_1",44,4596,"High"
1806,"Cat_17",119,1777,"Mid"
1807,"Cat_21",118,4477,"High"
1808,"Cat_12",97,1932,"Mid"
1809,"Cat_16",142,708,"Low"
1810,"Cat_19",38,3699,"High"
1811,"Cat_28",11,1624,"Mid"
1812,"Cat_28",40,2893,"Mid"
1813,"Cat_22",1,2800,"Mid"
1814,"Cat_16",1,4181,"High"
1815,"Cat_17",106,392,"Low"
1816,"Cat_5",176,3782,"High"
1817,"Cat_19",68,394,"Low"
1818,"Cat_8",117,523,"Low"
1819,"Cat_13",85,4593,"High"
1820,"Cat_22",22,399,"Low"
1821,"Cat_3",45,1949,"Mid"
1822,"Cat_20",133,3261,"High"
1823,"Cat_1",79,4816,"High"
1824,"Cat_12",42,3996,"High"
1825,"Cat_5",112,3971,"High"
1826,"Cat_5",93,4014,"High"
1827,"Cat_24",71,3710,"High"
1828,"Cat_2",102,2056,"Mid"
1829,"Cat_3",4,2756,"Mid"
1830,"Cat_20",77,1629,"Mid"
1831,"Cat_20",137,3371,"High"
1832,"Cat_8",200,3805,"High"
1833,"Cat_5",82,1946,"Mid"
1834,"Cat_21",122,4906,"High"
1835,"Cat_9",90,1705,"Mid"
1836,"Cat_11",197,3019,"High"
1837,"Cat_14",151,534,"Low"
1838,"Cat_26",112,2846,"Mid"
1839,"Cat_21",90,4961,"High"
1840,"Cat_28",110,4621,"High"
1841,"Cat_22",17,4219,"High"
1842,"Cat_13",180,2464,"Mid"
1843,"Cat_12",17,407,"Low"
1844,"Cat_24",46,3617,"High"
1845,"Cat_24",11,2589,"Mid"
1846,"Cat_7",103,4548,"High"
1847,"Cat_9",151,4494,"High"
1848,"Cat_21",37,2482,"Mid"
1849,"Cat_13",96,3777,"High"
1850,"Cat_16",155,2330,"Mid"
1851,"Cat_4",27,4970,"High"
1852,"Cat_2",104,4878,"High"
1853,"Cat_8",155,4983,"High"
1854,"Cat_3",29,2559,"Mid"
1855,"Cat_5",1,2385,"Mid"
1856,"Cat_5",30,3545,"High"
1857,"Cat_28",150,1808,"Mid"
1858,"Cat_17",152,3935,"High"
1859,"Cat_19",137,1692,"Mid"
1860,"Cat_28",145,2645,"Mid"
1861,"Cat_14",90,2655,"Mid"
1862,"Cat_27",6,2640,"Mid"
1863,"Cat_5",121,1046,"Mid"
1864,"Cat_20",95,2457,"Mid"
1865,"Cat_27",149,2469,"Mid"
1866,"Cat_12",58,857,"Low"
1867,"Cat_24",199,2843,"Mid"
1868,"Cat_1",13,4022,"High"
1869,"Cat_23",109,4155,"High"
1870,"Cat_19",182,3349,"High"
1871,"Cat_18",54,155,"Low"
1872,"Cat_29",189,1419,"Mid"
1873,"Cat_13",172,2497,"Mid"
1874,"Cat_18",171,403,"Low"
1875,"Cat_7",50,2353,"Mid"
1876,"Cat_4",122,3495,"High"
1877,"Cat_23",137,670,"Low"
1878,"Cat_4",111,4803,"High"
1879,"Cat_19",188,835,"Low"
1880,"Cat_29",41,410,"Low"
1881,"Cat_17",87,1560,"Mid"
1882,"Cat_25",31,4575,"High"
1883,"Cat_22",74,4178,"High"
1884,"Cat_13",199,650,"Low"
1885,"Cat_5",134,894,"Low"
1886,"Cat_22",23,2458,"Mid"
1887,"Cat_17",160,1931,"Mid"
1888,"Cat_2",47,1838,"Mid"
1889,"Cat_14",20,3166,"High"
1890,"Cat_14",68,1016,"Mid"
1891,"Cat_27",109,3307,"High"
1892,"Cat_2",55,4109,"High"
1893,"Cat_28",21,2777,"Mid"
1894,"Cat_14",81,4104,"High"
1895,"Cat_18",185,1871,"Mid"
1896,"Cat_22",101,2758,"Mid"
1897,"Cat_19",193,2515,"Mid"
1898,"Cat_4",140,2705,"Mid"
1899,"Cat_30",15,3930,"High"
1900,"Cat_8",110,3297,"High"
1901,"Cat_18",63,4552,"High"
1902,"Cat_1",179,868,"Low"
1903,"Cat_2",111,820,"Low"
1904,"Cat_6",35,1669,"Mid"
1905,"Cat_16",188,1393,"Mid"
1906,"Cat_15",195,2167,"Mid"
1907,"Cat_9",123,4898,"High"
1908,"Cat_9",32,1384,"Mid"
1909,"Cat_27",14,3011,"High"
1910,"Cat_13",26,3031,"High"
1911,"Cat_6",133,4539,"High"
1912,"Cat_20",66,1473,"Mid"
1913,"Cat_15",37,3138,"High"
1914,"Cat_17",143,4535,"High"
1915,"Cat_8",169,3099,"High"
1916,"Cat_9",46,4359,"High"
1917,"Cat_18",49,2014,"Mid"
1918,"Cat_26",92,4072,"High"
1919,"Cat_22",164,2779,"Mid"
1920,"Cat_30",127,1594,"Mid"
1921,"Cat_11",174,4560,"High"
1922,"Cat_28",68,3088,"High"
1923,"Cat_1",196,2099,"Mid"
1924,"Cat_13",95,861,"Low"
1925,"Cat_12",27,1446,"Mid"
1926,"Cat_16",154,1275,"Mid"
1927,"Cat_12",28,3869,"High"
1928,"Cat_30",180,1538,"Mid"
1929,"Cat_24",14,4671,"High"
1930,"Cat_1",167,1154,"Mid"
1931,"Cat_30",196,1508,"Mid"
1932,"Cat_15",61,2721,"Mid"
1933,"Cat_18",188,590,"Low"
1934,"Cat_21",52,2624,"Mid"
1935,"Cat_6",16,2883,"Mid"
1936,"Cat_14",2,4988,"High"
1937,"Cat_16",13,548,"Low"
1938,"Cat_14",172,3192,"High"
1939,"Cat_18",68,1856,"Mid"
1940,"Cat_29",154,3755,"High"
1941,"Cat_11",169,2917,"Mid"
1942,"Cat_9",171,4663,"High"
1943,"Cat_26",96,3540,"High"
1944,"Cat_4",43,2941,"Mid"
1945,"Cat_11",20,4548,"High"
1946,"Cat_29",75,3112,"High"
1947,"Cat_17",15,2608,"Mid"
1948,"Cat_13",104,4304,"High"
1949,"Cat_25",70,2336,"Mid"
1950,"Cat_3",20,595,"Low"
1951,"Cat_10",15,1051,"Mid"
1952,"Cat_11",101,395,"Low"
1953,"Cat_6",86,227,"Low"
1954,"Cat_26",78,1698,"Mid"
1955,"Cat_17",110,855,"Low"
1956,"Cat_24",118,552,"Low"
1957,"Cat_15",131,2947,"Mid"
1958,"Cat_8",95,3887,"High"
1959,"Cat_19",29,4548,"High"
1960,"Cat_26",20,3944,"High"
1961,"Cat_26",82,581,"Low"
1962,"Cat_22",81,4770,"High"
1963,"Cat_11",48,3285,"High"
1964,"Cat_4",114,146,"Low"
1965,"Cat_15",115,458,"Low"
1966,"Cat_8",78,3062,"High"
1967,"Cat_4",163,2837,"Mid"
1968,"Cat_8",132,345,"Low"
1969,"Cat_27",22,3857,"High"
1970,"Cat_10",62,4124,"High"
1971,"Cat_14",94,1335,"Mid"
1972,"Cat_24",124,3819,"High"
1973,"Cat_15",35,4280,"High"
1974,"Cat_23",150,1645,"Mid"
1975,"Cat_6",45,1984,"Mid"
1976,"Cat_18",196,2142,"Mid"
1977,"Cat_15",167,339,"Low"
1978,"Cat_7",193,4477,"High"
1979,"Cat_30",36,3221,"High"
1980,"Cat_9",167,2937,"Mid"
1981,"Cat_21",78,578,"Low"
1982,"Cat_20",157,3942,"High"
1983,"Cat_6",139,1977,"Mid"
1984,"Cat_15",97,1944,"Mid"
1985,"Cat_15",113,765,"Low"
1986,"Cat_20",102,3925,"High"
1987,"Cat_26",167,3106,"High"
1988,"Cat_16",65,1008,"Mid"
1989,"Cat_24",186,681,"Low"
1990,"Cat_20",122,4838,"High"
1991,"Cat_22",184,4827,"High"
1992,"Cat_10",90,356,"Low"
1993,"Cat_20",180,3830,"High"
1994,"Cat_13",12,4367,"High"
1995,"Cat_20",124,3896,"High"
1996,"Cat_17",166,3364,"High"
1997,"Cat_7",31,213,"Low"
1998,"Cat_23",71,2037,"Mid"
1999,"Cat_14",172,4188,"High"
2000,"Cat_7",47,2942,"Mid"
2001,"Cat_5",60,1243,"Mid"
2002,"Cat_10",143,3308,"High"
2003,"Cat_25",140,252,"Low"
2004,"Cat_19",98,920,"Low"
2005,"Cat_6",152,4682,"High"
2006,"Cat_24",29,2978,"Mid"
2007,"Cat_23",35,3139,"High"
2008,"Cat_27",1,1000,"Mid"
2009,"Cat_26",94,4318,"High"
2010,"Cat_5",169,1635,"Mid"
2011,"Cat_17",12,3406,"High"
2012,"Cat_22",172,4801,"High"
2013,"Cat_2",4,4004,"High"
2014,"Cat_28",22,831,"Low"
2015,"Cat_15",142,1659,"Mid"
2016,"Cat_4",166,1974,"Mid"
2017,"Cat_4",82,2437,"Mid"
2018,"Cat_21",17,318,"Low"
2019,"Cat_11",65,1405,"Mid"
2020,"Cat_10",142,2505,"Mid"
2021,"Cat_14",107,3734,"High"
2022,"Cat_4",101,2984,"Mid"
2023,"Cat_10",149,1249,"Mid"
2024,"Cat_26",165,1463,"Mid"
2025,"Cat_7",129,3434,"High"
2026,"Cat_26",85,2140,"Mid"
2027,"Cat_27",42,558,"Low"
2028,"Cat_29",133,1773,"Mid"
2029,"Cat_14",26,3109,"High"
2030,"Cat_9",40,2035,"Mid"
2031,"Cat_11",110,4606,"High"
2032,"Cat_20",176,4842,"High"
2033,"Cat_23",5,605,"Low"
2034,"Cat_13",28,1455,"Mid"
2035,"Cat_13",102,1576,"Mid"
2036,"Cat_8",109,2193,"Mid"
2037,"Cat_5",67,3548,"High"
2038,"Cat_8",195,819,"Low"
2039,"Cat_13",92,2929,"Mid"
2040,"Cat_23",192,3601,"High"
2041,"Cat_24",3,4495,"High"
2042,"Cat_7",163,3147,"High"
2043,"Cat_2",183,1102,"Mid"
2044,"Cat_28",155,736,"Low"
2045,"Cat_10",120,3900,"High"
2046,"Cat_26",130,2099,"Mid"
2047,"Cat_3",77,2554,"Mid"
2048,"Cat_18",150,2994,"Mid"
2049,"Cat_6",68,3799,"High"
2050,"Cat_25",137,4615,"High"
2051,"Cat_15",63,2717,"Mid"
2052,"Cat_19",70,4785,"High"
2053,"Cat_19",105,999,"Low"
2054,"Cat_27",172,624,"Low"
2055,"Cat_13",161,977,"Low"
2056,"Cat_23",77,3231,"High"
2057,"Cat_22",155,4090,"High"
2058,"Cat_30",70,4378,"High"
2059,"Cat_1",121,4101,"High"
2060,"Cat_15",127,681,"Low"
2061,"Cat_12",31,637,"Low"
2062,"Cat_18",54,4113,"High"
2063,"Cat_13",130,2151,"Mid"
2064,"Cat_10",103,1048,"Mid"
2065,"Cat_13",82,4017,"High"
2066,"Cat_7",25,1728,"Mid"
2067,"Cat_12",84,2834,"Mid"
2068,"Cat_21",3,3556,"High"
2069,"Cat_9",66,2174,"Mid"
2070,"Cat_29",91,2335,"Mid"
2071,"Cat_26",101,3161,"High"
2072,"Cat_8",187,2359,"Mid"
2073,"Cat_3",131,4532,"High"
2074,"Cat_21",128,1944,"Mid"
2075,"Cat_7",45,897,"Low"
2076,"Cat_10",175,4487,"High"
2077,"Cat_16",138,2149,"Mid"
2078,"Cat_27",24,1838,"Mid"
2079,"Cat_28",95,4714,"High"
2080,"Cat_30",76,2704,"Mid"
2081,"Cat_15",161,2467,"Mid"
2082,"Cat_11",122,2088,"Mid"
2083,"Cat_11",186,911,"Low"
2084,"Cat_1",164,2292,"Mid"
2085,"Cat_7",1,2697,"Mid"
2086,"Cat_15",9,400,"Low"
2087,"Cat_28",5,2643,"Mid"
2088,"Cat_28",55,3700,"High"
2089,"Cat_14",189,623,"Low"
2090,"Cat_14",194,1348,"Mid"
2091,"Cat_6",55,1592,"Mid"
2092,"Cat_17",71,2608,"Mid"
2093,"Cat_29",74,4747,"High"
2094,"Cat_23",28,1748,"Mid"
2095,"Cat_13",133,1558,"Mid"
2096,"Cat_18",144,2855,"Mid"
2097,"Cat_14",105,4834,"High"
2098,"Cat_8",144,3497,"High"
2099,"Cat_2",26,3256,"High"
2100,"Cat_4",135,4349,"High"
2101,"Cat_11",1,3782,"High"
2102,"Cat_28",101,3011,"High"
2103,"Cat_21",145,312,"Low"
2104,"Cat_10",128,1387,"Mid"
2105,"Cat_23",26,997,"Low"
2106,"Cat_15",183,4896,"High"
2107,"Cat_23",128,2760,"Mid"
2108,"Cat_14",15,4081,"High"
2109,"Cat_14",85,405,"Low"
2110,"Cat_14",123,127,"Low"
2111,"Cat_11",65,1460,"Mid"
2112,"Cat_19",171,2481,"Mid"
2113,"Cat_3",179,4417,"High"
2114,"Cat_1",66,3383,"High"
2115,"Cat_17",36,2922,"Mid"
2116,"Cat_28",95,538,"Low"
2117,"Cat_13",80,2000,"Mid"
2118,"Cat_27",72,1528,"Mid"
2119,"Cat_28",22,3701,"High"
2120,"Cat_26",57,3172,"High"
2121,"Cat_2",174,3221,"High"
2122,"Cat_8",28,2725,"Mid"
2123,"Cat_17",72,1304,"Mid"
2124,"Cat_23",105,1732,"Mid"
2125,"Cat_5",72,4090,"High"
2126,"Cat_14",60,2263,"Mid"
2127,"Cat_22",9,2672,"Mid"
2128,"Cat_20",73,1972,"Mid"
2129,"Cat_21",159,1159,"Mid"
2130,"Cat_17",159,4538,"High"
2131,"Cat_26",15,802,"Low"
2132,"Cat_19",29,235,"Low"
2133,"Cat_1",45,176,"Low"
2134,"Cat_2",170,1286,"Mid"
2135,"Cat_4",29,1190,"Mid"
2136,"Cat_27",164,3070,"High"
2137,"Cat_23",74,3559,"High"
2138,"Cat_13",70,2382,"Mid"
2139,"Cat_14",185,345,"Low"
2140,"Cat_3",128,2181,"Mid"
2141,"Cat_26",100,1187,"Mid"
2142,"Cat_18",181,3054,"High"
2143,"Cat_13",80,2660,"Mid"
2144,"Cat_21",189,4766,"High"
2145,"Cat_5",47,4649,"High"
2146,"Cat_28",155,3035,"High"
2147,"Cat_20",133,177,"Low"
2148,"Cat_9",78,3709,"High"
2149,"Cat_6",22,4228,"High"
2150,"Cat_30",11,2883,"Mid"
2151,"Cat_21",197,2100,"Mid"
2152,"Cat_7",81,3058,"High"
2153,"Cat_6",73,3834,"High"
2154,"Cat_16",187,4207,"High"
2155,"Cat_9",67,1338,"Mid"
2156,"Cat_23",169,3218,"High"
2157,"Cat_3",142,582,"Low"
2158,"Cat_20",134,4480,"High"
2159,"Cat_15",17,4873,"High"
2160,"Cat_18",179,4830,"High"
2161,"Cat_29",2,3559,"High"
2162,"Cat_10",85,4185,"High"
2163,"Cat_11",125,438,"Low"
2164,"Cat_25",26,4135,"High"
2165,"Cat_4",8,307,"Low"
2166,"Cat_15",47,1553,"Mid"
2167,"Cat_15",58,578,"Low"
2168,"Cat_9",119,554,"Low"
2169,"Cat_30",100,1938,"Mid"
2170,"Cat_16",156,1877,"Mid"
2171,"Cat_19",116,1576,"Mid"
2172,"Cat_29",200,3089,"High"
2173,"Cat_10",126,4483,"High"
2174,"Cat_7",119,2014,"Mid"
2175,"Cat_17",4,1516,"Mid"
2176,"Cat_28",160,4365,"High"
2177,"Cat_25",166,2539,"Mid"
2178,"Cat_19",152,4549,"High"
2179,"Cat_18",1,1696,"Mid"
2180,"Cat_4",41,4643,"High"
2181,"Cat_16",96,657,"Low"
2182,"Cat_4",37,215,"Low"
2183,"Cat_7",48,332,"Low"
2184,"Cat_22",79,1559,"Mid"
2185,"Cat_20",113,1076,"Mid"
2186,"Cat_21",132,3728,"High"
2187,"Cat_16",43,2627,"Mid"
2188,"Cat_7",123,3784,"High"
2189,"Cat_16",8,1899,"Mid"
2190,"Cat_3",183,4383,"High"
2191,"Cat_1",190,758,"Low"
2192,"Cat_5",184,2715,"Mid"
2193,"Cat_25",181,3280,"High"
2194,"Cat_28",156,1417,"Mid"
2195,"Cat_13",29,2398,"Mid"
2196,"Cat_1",65,2863,"Mid"
2197,"Cat_30",193,1985,"Mid"
2198,"Cat_9",167,4853,"High"
2199,"Cat_1",176,4535,"High"
2200,"Cat_12",147,2472,"Mid"
2201,"Cat_15",192,1477,"Mid"
2202,"Cat_12",116,4676,"High"
2203,"Cat_3",166,3746,"High"
2204,"Cat_9",141,1489,"Mid"
2205,"Cat_5",30,410,"Low"
2206,"Cat_30",126,1309,"Mid"
2207,"Cat_13",181,4593,"High"
2208,"Cat_28",51,2694,"Mid"
2209,"Cat_3",33,2357,"Mid"
2210,"Cat_6",123,2950,"Mid"
2211,"Cat_28",178,4968,"High"
2212,"Cat_5",167,2971,"Mid"
2213,"Cat_27",55,1312,"Mid"
2214,"Cat_5",187,3130,"High"
2215,"Cat_19",163,3524,"High"
2216,"Cat_7",9,879,"Low"
2217,"Cat_5",178,2460,"Mid"
2218,"Cat_25",77,1398,"Mid"
2219,"Cat_13",187,4478,"High"
2220,"Cat_20",55,3015,"High"
2221,"Cat_6",173,3628,"High"
2222,"Cat_17",26,641,"Low"
2223,"Cat_4",178,1616,"Mid"
2224,"Cat_29",105,2615,"Mid"
2225,"Cat_3",56,3668,"High"
2226,"Cat_5",111,1889,"Mid"
2227,"Cat_25",185,2351,"Mid"
2228,"Cat_28",55,2288,"Mid"
2229,"Cat_1",165,4554,"High"
2230,"Cat_15",125,835,"Low"
2231,"Cat_28",152,4719,"High"
2232,"Cat_10",158,657,"Low"
2233,"Cat_22",128,620,"Low"
2234,"Cat_23",21,1860,"Mid"
2235,"Cat_5",145,394,"Low"
2236,"Cat_7",9,1554,"Mid"
2237,"Cat_24",56,3856,"High"
2238,"Cat_2",176,4147,"High"
2239,"Cat_19",168,1139,"Mid"
2240,"Cat_5",20,788,"Low"
2241,"Cat_5",47,2939,"Mid"
2242,"Cat_13",173,2360,"Mid"
2243,"Cat_29",27,2046,"Mid"
2244,"Cat_11",110,1294,"Mid"
2245,"Cat_16",83,1342,"Mid"
2246,"Cat_4",180,2933,"Mid"
2247,"Cat_17",142,998,"Low"
2248,"Cat_11",118,3629,"High"
2249,"Cat_28",185,112,"Low"
2250,"Cat_11",184,1666,"Mid"
2251,"Cat_12",161,4923,"High"
2252,"Cat_14",159,3654,"High"
2253,"Cat_2",112,3320,"High"
2254,"Cat_4",105,728,"Low"
2255,"Cat_14",143,761,"Low"
2256,"Cat_8",78,1331,"Mid"
2257,"Cat_24",112,1147,"Mid"
2258,"Cat_25",89,824,"Low"
2259,"Cat_18",46,2031,"Mid"
2260,"Cat_17",117,2350,"Mid"
2261,"Cat_19",168,994,"Low"
2262,"Cat_22",175,3049,"High"
2263,"Cat_30",99,2969,"Mid"
2264,"Cat_20",93,1601,"Mid"
2265,"Cat_8",83,144,"Low"
2266,"Cat_1",87,2624,"Mid"
2267,"Cat_10",77,1038,"Mid"
2268,"Cat_11",196,4332,"High"
2269,"Cat_12",55,3327,"High"
2270,"Cat_30",170,692,"Low"
2271,"Cat_4",28,1533,"Mid"
2272,"Cat_14",68,2353,"Mid"
2273,"Cat_25",155,1082,"Mid"
2274,"Cat_8",131,802,"Low"
2275,"Cat_13",58,2778,"Mid"
2276,"Cat_8",78,1636,"Mid"
2277,"Cat_4",45,1354,"Mid"
2278,"Cat_25",3,4550,"High"
2279,"Cat_28",137,3054,"High"
2280,"Cat_27",38,3647,"High"
2281,"Cat_14",198,4837,"High"
2282,"Cat_11",178,2235,"Mid"
2283,"Cat_10",141,1162,"Mid"
2284,"Cat_14",71,4429,"High"
2285,"Cat_29",149,4993,"High"
2286,"Cat_20",63,2414,"Mid"
2287,"Cat_5",104,1331,"Mid"
2288,"Cat_4",86,1115,"Mid"
2289,"Cat_21",18,2498,"Mid"
2290,"Cat_5",164,3991,"High"
2291,"Cat_11",12,4083,"High"
2292,"Cat_25",112,2431,"Mid"
2293,"Cat_10",7,2005,"Mid"
2294,"Cat_14",146,3521,"High"
2295,"Cat_17",60,1014,"Mid"
2296,"Cat_15",142,3838,"High"
2297,"Cat_3",97,1503,"Mid"
2298,"Cat_26",36,3242,"High"
2299,"Cat_28",120,4508,"High"
2300,"Cat_10",100,512,"Low"
2301,"Cat_16",110,3081,"High"
2302,"Cat_4",8,4383,"High"
2303,"Cat_21",98,4260,"High"
2304,"Cat_22",27,4212,"High"
2305,"Cat_30",92,1084,"Mid"
2306,"Cat_2",61,3587,"High"
2307,"Cat_7",35,4175,"High"
2308,"Cat_7",150,377,"Low"
2309,"Cat_18",26,4666,"High"
2310,"Cat_13",53,2141,"Mid"
2311,"Cat_22",103,1693,"Mid"
2312,"Cat_18",36,1702,"Mid"
2313,"Cat_13",190,3867,"High"
2314,"Cat_23",99,1830,"Mid"
2315,"Cat_16",181,3323,"High"
2316,"Cat_27",137,1897,"Mid"
2317,"Cat_3",134,2451,"Mid"
2318,"Cat_4",160,2746,"Mid"
2319,"Cat_2",179,231,"Low"
2320,"Cat_3",86,2434,"Mid"
2321,"Cat_25",15,938,"Low"
2322,"Cat_5",156,2694,"Mid"
2323,"Cat_7",151,4755,"High"
2324,"Cat_27",200,992,"Low"
2325,"Cat_12",99,4947,"High"
2326,"Cat_5",9,1475,"Mid"
2327,"Cat_22",19,1312,"Mid"
2328,"Cat_22",119,1444,"Mid"
2329,"Cat_30",29,4078,"High"
2330,"Cat_5",163,1911,"Mid"
2331,"Cat_19",65,573,"Low"
2332,"Cat_4",187,4328,"High"
2333,"Cat_15",26,1263,"Mid"
2334,"Cat_22",193,2346,"Mid"
2335,"Cat_24",20,952,"Low"
2336,"Cat_23",180,2155,"Mid"
2337,"Cat_22",153,3894,"High"
2338,"Cat_17",29,248,"Low"
2339,"Cat_11",144,241,"Low"
2340,"Cat_11",138,953,"Low"
2341,"Cat_8",77,881,"Low"
2342,"Cat_24",17,2935,"Mid"
2343,"Cat_12",53,3748,"High"
2344,"Cat_22",199,691,"Low"
2345,"Cat_17",79,1263,"Mid"
2346,"Cat_8",196,4421,"High"
2347,"Cat_8",54,1252,"Mid"
2348,"Cat_22",147,3390,"High"
2349,"Cat_10",68,2116,"Mid"
2350,"Cat_27",140,2203,"Mid"
2351,"Cat_6",170,4807,"High"
2352,"Cat_19",45,1380,"Mid"
2353,"Cat_13",123,3804,"High"
2354,"Cat_7",67,546,"Low"
2355,"Cat_5",19,1832,"Mid"
2356,"Cat_24",88,3061,"High"
2357,"Cat_7",25,1689,"Mid"
2358,"Cat_17",123,3899,"High"
2359,"Cat_13",89,4484,"High"
2360,"Cat_2",111,1407,"Mid"
2361,"Cat_15",115,4793,"High"
2362,"Cat_30",186,3290,"High"
2363,"Cat_12",126,2877,"Mid"
2364,"Cat_21",29,1191,"Mid"
2365,"Cat_2",9,3923,"High"
2366,"Cat_3",6,584,"Low"
2367,"Cat_25",43,2098,"Mid"
2368,"Cat_17",137,4339,"High"
2369,"Cat_21",178,2417,"Mid"
2370,"Cat_23",74,3341,"High"
2371,"Cat_27",73,4043,"High"
2372,"Cat_3",86,1245,"Mid"
2373,"Cat_20",145,4607,"High"
2374,"Cat_13",144,1711,"Mid"
2375,"Cat_23",90,4517,"High"
2376,"Cat_23",192,2140,"Mid"
2377,"Cat_10",77,4552,"High"
2378,"Cat_2",61,3999,"High"
2379,"Cat_14",88,1265,"Mid"
2380,"Cat_30",79,4944,"High"
2381,"Cat_10",33,2234,"Mid"
2382,"Cat_26",111,3838,"High"
2383,"Cat_17",48,4205,"High"
2384,"Cat_8",35,2551,"Mid"
2385,"Cat_9",96,2140,"Mid"
2386,"Cat_8",153,306,"Low"
2387,"Cat_9",92,3708,"High"
2388,"Cat_16",25,3380,"High"
2389,"Cat_27",172,2939,"Mid"
2390,"Cat_15",43,2415,"Mid"
2391,"Cat_17",102,3306,"High"
2392,"Cat_18",120,3449,"High"
2393,"Cat_22",31,2962,"Mid"
2394,"Cat_18",107,4813,"High"
2395,"Cat_1",77,2443,"Mid"
2396,"Cat_21",84,4684,"High"
2397,"Cat_3",49,2252,"Mid"
2398,"Cat_11",2,2875,"Mid"
2399,"Cat_26",108,228,"Low"
2400,"Cat_20",92,197,"Low"
2401,"Cat_23",98,3149,"High"
2402,"Cat_30",167,3847,"High"
2403,"Cat_9",82,2705,"Mid"
2404,"Cat_9",167,596,"Low"
2405,"Cat_25",117,4287,"High"
2406,"Cat_12",87,1825,"Mid"
2407,"Cat_3",30,3017,"High"
2408,"Cat_27",183,1406,"Mid"
2409,"Cat_4",196,1217,"Mid"
2410,"Cat_24",113,4301,"High"
2411,"Cat_11",127,1505,"Mid"
2412,"Cat_30",91,4177,"High"
2413,"Cat_25",37,435,"Low"
2414,"Cat_2",58,3603,"High"
2415,"Cat_14",95,4517,"High"
2416,"Cat_28",182,3519,"High"
2417,"Cat_7",10,3399,"High"
2418,"Cat_26",62,294,"Low"
2419,"Cat_24",96,1788,"Mid"
2420,"Cat_4",117,1181,"Mid"
2421,"Cat_19",61,3097,"High"
2422,"Cat_17",125,1288,"Mid"
2423,"Cat_14",11,1185,"Mid"
2424,"Cat_1",63,3053,"High"
2425,"Cat_9",77,1882,"Mid"
2426,"Cat_23",111,3876,"High"
2427,"Cat_19",100,3208,"High"
2428,"Cat_1",163,2354,"Mid"
2429,"Cat_27",42,3981,"High"
2430,"Cat_20",4,3472,"High"
2431,"Cat_11",115,1684,"Mid"
2432,"Cat_19",79,132,"Low"
2433,"Cat_3",145,3490,"High"
2434,"Cat_22",96,222,"Low"
2435,"Cat_10",152,2534,"Mid"
2436,"Cat_21",188,1318,"Mid"
2437,"Cat_21",127,2138,"Mid"
2438,"Cat_12",70,2173,"Mid"
2439,"Cat_19",113,2099,"Mid"
2440,"Cat_17",68,4428,"High"
2441,"Cat_29",176,288,"Low"
2442,"Cat_15",179,358,"Low"
2443,"Cat_4",138,3522,"High"
2444,"Cat_13",113,2625,"Mid"
2445,"Cat_25",123,4718,"High"
2446,"Cat_11",8,1631,"Mid"
2447,"Cat_16",101,4317,"High"
2448,"Cat_28",19,2203,"Mid"
2449,"Cat_1",7,365,"Low"
2450,"Cat_21",48,1210,"Mid"
2451,"Cat_12",178,458,"Low"
2452,"Cat_26",124,4371,"High"
2453,"Cat_9",98,1791,"Mid"
2454,"Cat_6",30,773,"Low"
2455,"Cat_13",65,4267,"High"
2456,"Cat_16",6,3348,"High"
2457,"Cat_5",48,2129,"Mid"
2458,"Cat_21",50,1476,"Mid"
2459,"Cat_26",177,1125,"Mid"
2460,"Cat_22",122,837,"Low"
2461,"Cat_3",72,2914,"Mid"
2462,"Cat_27",103,884,"Low"
2463,"Cat_27",38,225,"Low"
2464,"Cat_22",133,1019,"Mid"
2465,"Cat_7",68,734,"Low"
2466,"Cat_2",183,3437,"High"
2467,"Cat_27",106,1587,"Mid"
2468,"Cat_8",92,2536,"Mid"
2469,"Cat_3",28,3476,"High"
2470,"Cat_29",4,2012,"Mid"
2471,"Cat_21",197,2314,"Mid"
2472,"Cat_6",46,2849,"Mid"
2473,"Cat_26",18,4476,"High"
2474,"Cat_5",142,178,"Low"
2475,"Cat_6",146,4205,"High"
2476,"Cat_23",8,2437,"Mid"
2477,"Cat_7",120,3673,"High"
2478,"Cat_7",70,2339,"Mid"
2479,"Cat_28",30,4183,"High"
2480,"Cat_21",102,4058,"High"
2481,"Cat_1",148,956,"Low"
2482,"Cat_12",190,896,"Low"
2483,"Cat_16",103,3523,"High"
2484,"Cat_6",61,4195,"High"
2485,"Cat_5",68,4653,"High"
2486,"Cat_26",98,1393,"Mid"
2487,"Cat_12",11,228,"Low"
2488,"Cat_4",14,1865,"Mid"
2489,"Cat_28",5,2980,"Mid"
2490,"Cat_2",67,3449,"High"
2491,"Cat_28",148,3911,"High"
2492,"Cat_19",182,3506,"High"
2493,"Cat_21",29,4368,"High"
2494,"Cat_24",1,1587,"Mid"
2495,"Cat_3",20,4369,"High"
2496,"Cat_16",31,3732,"High"
2497,"Cat_27",171,2860,"Mid"
2498,"Cat_18",86,3199,"High"
2499,"Cat_30",111,4200,"High"
2500,"Cat_29",80,4560,"High"
2501,"Cat_13",26,4327,"High"
2502,"Cat_18",115,3039,"High"
2503,"Cat_14",124,1294,"Mid"
2504,"Cat_9",137,2378,"Mid"
2505,"Cat_10",168,3719,"High"
2506,"Cat_1",91,221,"Low"
2507,"Cat_25",131,1081,"Mid"
2508,"Cat_12",142,2789,"Mid"
2509,"Cat_6",54,1131,"Mid"
2510,"Cat_8",13,2666,"Mid"
2511,"Cat_22",51,4135,"High"
2512,"Cat_8",60,3985,"High"
2513,"Cat_3",38,1062,"Mid"
2514,"Cat_6",13,3407,"High"
2515,"Cat_14",112,3420,"High"
2516,"Cat_14",200,4522,"High"
2517,"Cat_11",112,1472,"Mid"
2518,"Cat_3",38,3538,"High"
2519,"Cat_7",158,1141,"Mid"
2520,"Cat_9",22,508,"Low"
2521,"Cat_12",61,3562,"High"
2522,"Cat_24",185,1746,"Mid"
2523,"Cat_20",98,869,"Low"
2524,"Cat_17",26,4065,"High"
2525,"Cat_7",9,272,"Low"
2526,"Cat_25",37,2882,"Mid"
2527,"Cat_4",11,4186,"High"
2528,"Cat_6",3,2976,"Mid"
2529,"Cat_21",147,2752,"Mid"
2530,"Cat_9",91,612,"Low"
2531,"Cat_12",152,4386,"High"
2532,"Cat_6",33,129,"Low"
2533,"Cat_18",80,2732,"Mid"
2534,"Cat_9",128,4839,"High"
2535,"Cat_16",56,4177,"High"
2536,"Cat_24",111,4202,"High"
2537,"Cat_10",188,4608,"High"
2538,"Cat_9",43,4243,"High"
2539,"Cat_15",142,2914,"Mid"
2540,"Cat_5",23,4757,"High"
2541,"Cat_21",168,2088,"Mid"
2542,"Cat_19",121,1812,"Mid"
2543,"Cat_26",75,1853,"Mid"
2544,"Cat_3",72,828,"Low"
2545,"Cat_17",152,3293,"High"
2546,"Cat_6",21,1842,"Mid"
2547,"Cat_12",116,4626,"High"
2548,"Cat_29",113,992,"Low"
2549,"Cat_17",10,1126,"Mid"
2550,"Cat_19",65,3213,"High"
2551,"Cat_8",13,2747,"Mid"
2552,"Cat_22",63,1216,"Mid"
2553,"Cat_9",190,614,"Low"
2554,"Cat_8",63,3975,"High"
2555,"Cat_9",182,3690,"High"
2556,"Cat_13",115,1492,"Mid"
2557,"Cat_3",178,464,"Low"
2558,"Cat_21",55,1214,"Mid"
2559,"Cat_8",109,1986,"Mid"
2560,"Cat_8",185,4662,"High"
2561,"Cat_18",104,2131,"Mid"
2562,"Cat_20",170,2245,"Mid"
2563,"Cat_11",156,1439,"Mid"
2564,"Cat_29",128,1379,"Mid"
2565,"Cat_27",157,2005,"Mid"
2566,"Cat_13",26,3889,"High"
2567,"Cat_4",6,3265,"High"
2568,"Cat_15",56,1196,"Mid"
2569,"Cat_8",15,3004,"High"
2570,"Cat_10",19,1784,"Mid"
2571,"Cat_8",167,2203,"Mid"
2572,"Cat_9",60,862,"Low"
2573,"Cat_3",135,3036,"High"
2574,"Cat_24",119,4679,"High"
2575,"Cat_17",176,265,"Low"
2576,"Cat_4",196,1799,"Mid"
2577,"Cat_14",177,2807,"Mid"
2578,"Cat_16",43,886,"Low"
2579,"Cat_26",169,1139,"Mid"
2580,"Cat_17",122,158,"Low"
2581,"Cat_15",126,2630,"Mid"
2582,"Cat_20",126,2156,"Mid"
2583,"Cat_2",68,2385,"Mid"
2584,"Cat_20",141,4925,"High"
2585,"Cat_29",191,4084,"High"
2586,"Cat_27",191,380,"Low"
2587,"Cat_5",73,2777,"Mid"
2588,"Cat_14",167,235,"Low"
2589,"Cat_8",3,2516,"Mid"
2590,"Cat_15",194,3024,"High"
2591,"Cat_19",108,4051,"High"
2592,"Cat_11",37,3871,"High"
2593,"Cat_14",182,1331,"Mid"
2594,"Cat_24",89,1971,"Mid"
2595,"Cat_3",115,123,"Low"
2596,"Cat_6",190,2193,"Mid"
2597,"Cat_2",45,608,"Low"
2598,"Cat_25",82,2969,"Mid"
2599,"Cat_10",13,1026,"Mid"
2600,"Cat_15",180,1527,"Mid"
2601,"Cat_10",60,3429,"High"
2602,"Cat_12",196,556,"Low"
2603,"Cat_14",109,4915,"High"
2604,"Cat_14",89,4247,"High"
2605,"Cat_22",78,3240,"High"
2606,"Cat_8",94,1642,"Mid"
2607,"Cat_30",81,2073,"Mid"
2608,"Cat_16",93,1421,"Mid"
2609,"Cat_2",27,3929,"High"
2610,"Cat_2",11,2844,"Mid"
2611,"Cat_26",185,2856,"Mid"
2612,"Cat_20",21,2394,"Mid"
2613,"Cat_14",17,1931,"Mid"
2614,"Cat_25",18,3418,"High"
2615,"Cat_22",128,1761,"Mid"
2616,"Cat_23",87,4494,"High"
2617,"Cat_26",53,1438,"Mid"
2618,"Cat_19",45,3642,"High"
2619,"Cat_22",123,3790,"High"
2620,"Cat_23",105,143,"Low"
2621,"Cat_25",45,3399,"High"
2622,"Cat_13",41,2599,"Mid"
2623,"Cat_19",15,667,"Low"
2624,"Cat_9",78,3592,"High"
2625,"Cat_20",142,287,"Low"
2626,"Cat_6",120,4572,"High"
2627,"Cat_14",198,1294,"Mid"
2628,"Cat_30",21,1889,"Mid"
2629,"Cat_6",86,3270,"High"
2630,"Cat_28",169,1585,"Mid"
2631,"Cat_10",73,438,"Low"
2632,"Cat_1",144,627,"Low"
2633,"Cat_27",167,4709,"High"
2634,"Cat_25",32,947,"Low"
2635,"Cat_2",17,365,"Low"
2636,"Cat_3",89,826,"Low"
2637,"Cat_19",33,3325,"High"
2638,"Cat_21",55,351,"Low"
2639,"Cat_7",159,671,"Low"
2640,"Cat_11",22,4190,"High"
2641,"Cat_30",99,2612,"Mid"
2642,"Cat_29",31,598,"Low"
2643,"Cat_10",42,4410,"High"
2644,"Cat_10",141,1876,"Mid"
2645,"Cat_30",68,2154,"Mid"
2646,"Cat_17",181,3985,"High"
2647,"Cat_13",159,3348,"High"
2648,"Cat_11",35,719,"Low"
2649,"Cat_29",114,4488,"High"
2650,"Cat_19",177,1340,"Mid"
2651,"Cat_18",10,4600,"High"
2652,"Cat_19",189,1843,"Mid"
2653,"Cat_4",166,506,"Low"
2654,"Cat_9",72,4976,"High"
2655,"Cat_29",133,775,"Low"
2656,"Cat_6",53,2633,"Mid"
2657,"Cat_16",137,1337,"Mid"
2658,"Cat_28",193,1364,"Mid"
2659,"Cat_10",41,3214,"High"
2660,"Cat_14",62,1325,"Mid"
2661,"Cat_10",169,843,"Low"
2662,"Cat_5",155,1863,"Mid"
2663,"Cat_19",24,2837,"Mid"
2664,"Cat_4",23,593,"Low"
2665,"Cat_8",194,119,"Low"
2666,"Cat_6",122,3289,"High"
2667,"Cat_4",116,929,"Low"
2668,"Cat_14",149,1171,"Mid"
2669,"Cat_19",16,1746,"Mid"
2670,"Cat_5",176,2941,"Mid"
2671,"Cat_23",194,3307,"High"
2672,"Cat_9",4,3608,"High"
2673,"Cat_13",138,4854,"High"
2674,"Cat_25",68,2021,"Mid"
2675,"Cat_23",146,2981,"Mid"
2676,"Cat_25",40,2566,"Mid"
2677,"Cat_21",75,121,"Low"
2678,"Cat_18",128,3686,"High"
2679,"Cat_24",70,4061,"High"
2680,"Cat_1",17,3220,"High"
2681,"Cat_24",131,2765,"Mid"
2682,"Cat_19",156,4524,"High"
2683,"Cat_25",34,4009,"High"
2684,"Cat_25",197,3983,"High"
2685,"Cat_7",132,2868,"Mid"
2686,"Cat_27",127,836,"Low"
2687,"Cat_26",46,519,"Low"
2688,"Cat_24",177,4453,"High"
2689,"Cat_28",112,4962,"High"
2690,"Cat_22",41,3326,"High"
2691,"Cat_23",34,3477,"High"
2692,"Cat_1",29,2074,"Mid"
2693,"Cat_6",167,1135,"Mid"
2694,"Cat_11",95,2115,"Mid"
2695,"Cat_26",188,2049,"Mid"
2696,"Cat_29",15,1717,"Mid"
2697,"Cat_22",27,4783,"High"
2698,"Cat_26",52,2657,"Mid"
2699,"Cat_3",193,1400,"Mid"
2700,"Cat_13",122,3511,"High"
2701,"Cat_3",33,2298,"Mid"
2702,"Cat_17",55,3256,"High"
2703,"Cat_28",110,4746,"High"
2704,"Cat_9",200,4015,"High"
2705,"Cat_27",71,3998,"High"
2706,"Cat_7",37,2947,"Mid"
2707,"Cat_9",13,896,"Low"
2708,"Cat_16",30,4057,"High"
2709,"Cat_6",69,3451,"High"
2710,"Cat_8",155,2964,"Mid"
2711,"Cat_11",88,1271,"Mid"
2712,"Cat_22",107,2364,"Mid"
2713,"Cat_7",23,2065,"Mid"
2714,"Cat_25",171,480,"Low"
2715,"Cat_22",24,605,"Low"
2716,"Cat_10",183,2563,"Mid"
2717,"Cat_15",80,3980,"High"
2718,"Cat_6",123,2345,"Mid"
2719,"Cat_26",87,2687,"Mid"
2720,"Cat_14",142,4941,"High"
2721,"Cat_7",61,4641,"High"
2722,"Cat_20",104,2122,"Mid"
2723,"Cat_6",66,1062,"Mid"
2724,"Cat_24",163,4159,"High"
2725,"Cat_8",100,3256,"High"
2726,"Cat_23",81,750,"Low"
2727,"Cat_1",1,4645,"High"
2728,"Cat_19",166,134,"Low"
2729,"Cat_26",148,1625,"Mid"
2730,"Cat_30",59,2459,"Mid"
2731,"Cat_16",134,463,"Low"
2732,"Cat_28",61,4390,"High"
2733,"Cat_20",181,1948,"Mid"
2734,"Cat_5",136,3718,"High"
2735,"Cat_21",23,2580,"Mid"
2736,"Cat_10",2,2948,"Mid"
2737,"Cat_22",114,3087,"High"
2738,"Cat_24",106,4510,"High"
2739,"Cat_24",60,3579,"High"
2740,"Cat_19",159,2318,"Mid"
2741,"Cat_29",134,2673,"Mid"
2742,"Cat_10",107,2274,"Mid"
2743,"Cat_26",197,2599,"Mid"
2744,"Cat_2",34,4754,"High"
2745,"Cat_18",190,4078,"High"
2746,"Cat_12",113,1014,"Mid"
2747,"Cat_19",21,777,"Low"
2748,"Cat_25",85,1478,"Mid"
2749,"Cat_25",106,2615,"Mid"
2750,"Cat_18",121,1054,"Mid"
2751,"Cat_7",107,4375,"High"
2752,"Cat_28",80,661,"Low"
2753,"Cat_11",53,3645,"High"
2754,"Cat_26",94,1757,"Mid"
2755,"Cat_8",103,4903,"High"
2756,"Cat_16",129,2009,"Mid"
2757,"Cat_21",137,4187,"High"
2758,"Cat_6",59,2126,"Mid"
2759,"Cat_8",17,700,"Low"
2760,"Cat_4",129,3818,"High"
2761,"Cat_23",128,4387,"High"
2762,"Cat_25",15,1763,"Mid"
2763,"Cat_20",30,301,"Low"
2764,"Cat_13",77,4934,"High"
2765,"Cat_29",43,402,"Low"
2766,"Cat_26",126,3320,"High"
2767,"Cat_27",115,4587,"High"
2768,"Cat_1",164,1816,"Mid"
2769,"Cat_5",152,772,"Low"
2770,"Cat_13",151,245,"Low"
2771,"Cat_1",38,419,"Low"
2772,"Cat_24",96,2406,"Mid"
2773,"Cat_28",42,3499,"High"
2774,"Cat_15",112,4904,"High"
2775,"Cat_5",91,2686,"Mid"
2776,"Cat_13",73,450,"Low"
2777,"Cat_26",81,642,"Low"
2778,"Cat_6",32,1533,"Mid"
2779,"Cat_28",83,1198,"Mid"
2780,"Cat_2",68,340,"Low"
2781,"Cat_3",79,665,"Low"
2782,"Cat_4",116,1664,"Mid"
2783,"Cat_2",76,2025,"Mid"
2784,"Cat_19",35,4493,"High"
2785,"Cat_13",18,3365,"High"
2786,"Cat_19",131,3273,"High"
2787,"Cat_4",131,398,"Low"
2788,"Cat_10",30,2892,"Mid"
2789,"Cat_14",118,633,"Low"
2790,"Cat_10",66,3473,"High"
2791,"Cat_21",177,1176,"Mid"
2792,"Cat_25",26,2741,"Mid"
2793,"Cat_6",25,1739,"Mid"
2794,"Cat_4",168,1043,"Mid"
2795,"Cat_1",12,2314,"Mid"
2796,"Cat_25",34,286,"Low"
2797,"Cat_20",94,2023,"Mid"
2798,"Cat_7",27,3178,"High"
2799,"Cat_25",70,1055,"Mid"
2800,"Cat_10",27,4510,"High"
2801,"Cat_1",26,2947,"Mid"
2802,"Cat_26",25,1480,"Mid"
2803,"Cat_27",94,2149,"Mid"
2804,"Cat_18",135,2866,"Mid"
2805,"Cat_27",175,3227,"High"
2806,"Cat_12",145,2855,"Mid"
2807,"Cat_3",55,3735,"High"
2808,"Cat_1",134,970,"Low"
2809,"Cat_14",83,1753,"Mid"
2810,"Cat_9",187,4000,"High"
2811,"Cat_19",87,4543,"High"
2812,"Cat_29",109,4937,"High"
2813,"Cat_24",12,2788,"Mid"
2814,"Cat_3",49,4674,"High"
2815,"Cat_12",52,3923,"High"
2816,"Cat_25",138,1732,"Mid"
2817,"Cat_2",1,1537,"Mid"
2818,"Cat_5",135,1042,"Mid"
2819,"Cat_23",101,1224,"Mid"
2820,"Cat_16",78,466,"Low"
2821,"Cat_21",77,4706,"High"
2822,"Cat_16",189,3766,"High"
2823,"Cat_21",179,2021,"Mid"
2824,"Cat_29",44,935,"Low"
2825,"Cat_22",89,4908,"High"
2826,"Cat_7",104,1399,"Mid"
2827,"Cat_18",100,3811,"High"
2828,"Cat_10",6,1589,"Mid"
2829,"Cat_3",170,4100,"High"
2830,"Cat_27",94,462,"Low"
2831,"Cat_2",197,4359,"High"
2832,"Cat_3",94,2155,"Mid"
2833,"Cat_27",31,2086,"Mid"
2834,"Cat_22",191,1350,"Mid"
2835,"Cat_3",121,399,"Low"
2836,"Cat_30",186,760,"Low"
2837,"Cat_18",106,3923,"High"
2838,"Cat_22",36,4329,"High"
2839,"Cat_1",20,1233,"Mid"
2840,"Cat_7",186,1369,"Mid"
2841,"Cat_26",48,3883,"High"
2842,"Cat_15",39,4160,"High"
2843,"Cat_17",178,2297,"Mid"
2844,"Cat_17",164,510,"Low"
2845,"Cat_1",169,1035,"Mid"
2846,"Cat_6",140,175,"Low"
2847,"Cat_4",1,1046,"Mid"
2848,"Cat_29",182,2100,"Mid"
2849,"Cat_18",116,3958,"High"
2850,"Cat_15",40,3721,"High"
2851,"Cat_14",128,2430,"Mid"
2852,"Cat_30",179,4420,"High"
2853,"Cat_27",42,1445,"Mid"
2854,"Cat_7",154,3842,"High"
2855,"Cat_16",35,3613,"High"
2856,"Cat_30",184,2648,"Mid"
2857,"Cat_20",26,197,"Low"
2858,"Cat_20",16,1960,"Mid"
2859,"Cat_12",28,4344,"High"
2860,"Cat_23",74,3280,"High"
2861,"Cat_9",65,913,"Low"
2862,"Cat_1",131,4254,"High"
2863,"Cat_17",179,4161,"High"
2864,"Cat_23",34,2549,"Mid"
2865,"Cat_16",159,647,"Low"
2866,"Cat_30",182,3227,"High"
2867,"Cat_21",144,4410,"High"
2868,"Cat_11",116,3203,"High"
2869,"Cat_9",105,2632,"Mid"
2870,"Cat_26",103,521,"Low"
2871,"Cat_30",88,3799,"High"
2872,"Cat_8",75,2375,"Mid"
2873,"Cat_15",160,3190,"High"
2874,"Cat_3",70,4879,"High"
2875,"Cat_9",193,4364,"High"
2876,"Cat_23",128,578,"Low"
2877,"Cat_23",24,3118,"High"
2878,"Cat_28",57,3378,"High"
2879,"Cat_30",167,2869,"Mid"
2880,"Cat_30",14,641,"Low"
2881,"Cat_21",27,815,"Low"
2882,"Cat_28",51,3872,"High"
2883,"Cat_5",15,234,"Low"
2884,"Cat_25",28,4489,"High"
2885,"Cat_27",120,136,"Low"
2886,"Cat_24",188,3059,"High"
2887,"Cat_25",76,4794,"High"
2888,"Cat_9",80,4557,"High"
2889,"Cat_28",41,618,"Low"
2890,"Cat_28",159,542,"Low"
2891,"Cat_3",91,388,"Low"
2892,"Cat_12",17,606,"Low"
2893,"Cat_7",174,3755,"High"
2894,"Cat_21",151,1145,"Mid"
2895,"Cat_12",137,1049,"Mid"
2896,"Cat_25",168,4843,"High"
2897,"Cat_19",40,739,"Low"
2898,"Cat_24",108,1691,"Mid"
2899,"Cat_29",91,1253,"Mid"
2900,"Cat_4",101,3040,"High"
2901,"Cat_26",140,4107,"High"
2902,"Cat_22",18,4214,"High"
2903,"Cat_11",40,940,"Low"
2904,"Cat_9",102,1657,"Mid"
2905,"Cat_22",32,166,"Low"
2906,"Cat_13",147,2162,"Mid"
2907,"Cat_21",110,2441,"Mid"
2908,"Cat_24",94,3269,"High"
2909,"Cat_10",48,4579,"High"
2910,"Cat_21",29,2898,"Mid"
2911,"Cat_25",184,3679,"High"
2912,"Cat_7",186,4231,"High"
2913,"Cat_6",153,4489,"High"
2914,"Cat_4",30,4972,"High"
2915,"Cat_28",83,2802,"Mid"
2916,"Cat_11",26,637,"Low"
2917,"Cat_14",183,4900,"High"
2918,"Cat_10",119,2675,"Mid"
2919,"Cat_21",84,4301,"High"
2920,"Cat_20",75,1045,"Mid"
2921,"Cat_13",68,3049,"High"
2922,"Cat_25",21,1312,"Mid"
2923,"Cat_28",28,1468,"Mid"
2924,"Cat_14",68,956,"Low"
2925,"Cat_24",54,4359,"High"
2926,"Cat_2",157,4116,"High"
2927,"Cat_30",103,1332,"Mid"
2928,"Cat_9",162,4352,"High"
2929,"Cat_27",127,851,"Low"
2930,"Cat_14",197,1115,"Mid"
2931,"Cat_9",147,3773,"High"
2932,"Cat_13",42,180,"Low"
2933,"Cat_4",127,421,"Low"
2934,"Cat_10",30,2615,"Mid"
2935,"Cat_5",79,744,"Low"
2936,"Cat_22",198,501,"Low"
2937,"Cat_17",96,3234,"High"
2938,"Cat_21",105,1091,"Mid"
2939,"Cat_24",56,347,"Low"
2940,"Cat_20",125,3879,"High"
2941,"Cat_4",41,4471,"High"
2942,"Cat_5",190,558,"Low"
2943,"Cat_30",36,1246,"Mid"
2944,"Cat_21",75,1746,"Mid"
2945,"Cat_26",170,1677,"Mid"
2946,"Cat_6",2,4793,"High"
2947,"Cat_15",68,2514,"Mid"
2948,"Cat_11",92,609,"Low"
2949,"Cat_24",122,4989,"High"
2950,"Cat_3",125,1435,"Mid"
2951,"Cat_20",56,4941,"High"
2952,"Cat_11",114,2037,"Mid"
2953,"Cat_2",32,3399,"High"
2954,"Cat_5",140,4044,"High"
2955,"Cat_16",89,3922,"High"
2956,"Cat_15",2,1131,"Mid"
2957,"Cat_29",38,2539,"Mid"
2958,"Cat_20",177,468,"Low"
2959,"Cat_15",20,4404,"High"
2960,"Cat_24",135,1899,"Mid"
2961,"Cat_12",13,3353,"High"
2962,"Cat_6",26,3253,"High"
2963,"Cat_9",126,3082,"High"
2964,"Cat_16",143,4547,"High"
2965,"Cat_6",44,4018,"High"
2966,"Cat_30",41,3989,"High"
2967,"Cat_6",74,2407,"Mid"
2968,"Cat_19",38,2558,"Mid"
2969,"Cat_1",170,551,"Low"
2970,"Cat_28",98,3513,"High"
2971,"Cat_25",1,2457,"Mid"
2972,"Cat_6",130,3978,"High"
2973,"Cat_28",173,644,"Low"
2974,"Cat_28",45,2160,"Mid"
2975,"Cat_14",104,4135,"High"
2976,"Cat_19",164,2150,"Mid"
2977,"Cat_2",39,1578,"Mid"
2978,"Cat_8",93,4882,"High"
2979,"Cat_10",89,2031,"Mid"
2980,"Cat_11",195,3766,"High"
2981,"Cat_24",9,377,"Low"
2982,"Cat_10",42,2096,"Mid"
2983,"Cat_18",82,2893,"Mid"
2984,"Cat_1",64,168,"Low"
2985,"Cat_25",18,4506,"High"
2986,"Cat_8",108,269,"Low"
2987,"Cat_28",151,4291,"High"
2988,"Cat_24",191,2904,"Mid"
2989,"Cat_23",45,3803,"High"
2990,"Cat_27",51,322,"Low"
2991,"Cat_13",40,1908,"Mid"
2992,"Cat_1",43,4851,"High"
2993,"Cat_24",22,719,"Low"
2994,"Cat_22",124,1049,"Mid"
2995,"Cat_10",119,1592,"Mid"
2996,"Cat_21",180,1152,"Mid"
2997,"Cat_14",160,1957,"Mid"
2998,"Cat_21",93,3815,"High"
2999,"Cat_16",143,2815,"Mid"
3000,"Cat_17",110,4409,"High"
3001,"Cat_5",12,3362,"High"
3002,"Cat_6",200,4554,"High"
3003,"Cat_24",76,4752,"High"
3004,"Cat_26",175,4129,"High"
3005,"Cat_19",175,1001,"Mid"
3006,"Cat_8",83,3039,"High"
3007,"Cat_7",186,3869,"High"
3008,"Cat_2",37,2730,"Mid"
3009,"Cat_10",180,348,"Low"
3010,"Cat_18",198,1444,"Mid"
3011,"Cat_29",119,280,"Low"
3012,"Cat_9",29,1933,"Mid"
3013,"Cat_27",51,2726,"Mid"
3014,"Cat_30",104,678,"Low"
3015,"Cat_19",130,1527,"Mid"
3016,"Cat_9",144,1447,"Mid"
3017,"Cat_30",160,2793,"Mid"
3018,"Cat_7",8,1380,"Mid"
3019,"Cat_3",197,1748,"Mid"
3020,"Cat_11",169,657,"Low"
3021,"Cat_12",14,1112,"Mid"
3022,"Cat_2",194,4274,"High"
3023,"Cat_6",3,1806,"Mid"
3024,"Cat_19",187,3957,"High"
3025,"Cat_8",87,854,"Low"
3026,"Cat_6",144,3347,"High"
3027,"Cat_25",74,168,"Low"
3028,"Cat_13",178,421,"Low"
3029,"Cat_25",83,778,"Low"
3030,"Cat_2",31,1536,"Mid"
3031,"Cat_2",156,2251,"Mid"
3032,"Cat_25",130,4998,"High"
3033,"Cat_6",171,225,"Low"
3034,"Cat_11",43,2849,"Mid"
3035,"Cat_16",95,3300,"High"
3036,"Cat_29",110,4148,"High"
3037,"Cat_8",185,1613,"Mid"
3038,"Cat_5",182,1611,"Mid"
3039,"Cat_28",162,2688,"Mid"
3040,"Cat_25",92,3571,"High"
3041,"Cat_3",161,3920,"High"
3042,"Cat_27",145,2399,"Mid"
3043,"Cat_16",173,1935,"Mid"
3044,"Cat_7",162,2085,"Mid"
3045,"Cat_29",184,2104,"Mid"
3046,"Cat_3",69,1002,"Mid"
3047,"Cat_8",179,1937,"Mid"
3048,"Cat_1",14,1305,"Mid"
3049,"Cat_1",120,1049,"Mid"
3050,"Cat_19",176,4698,"High"
3051,"Cat_22",168,4833,"High"
3052,"Cat_2",132,3402,"High"
3053,"Cat_17",35,3830,"High"
3054,"Cat_21",53,3554,"High"
3055,"Cat_28",27,583,"Low"
3056,"Cat_28",100,434,"Low"
3057,"Cat_20",187,2479,"Mid"
3058,"Cat_29",44,1892,"Mid"
3059,"Cat_5",125,4993,"High"
3060,"Cat_26",52,3803,"High"
3061,"Cat_23",94,4588,"High"
3062,"Cat_13",92,4916,"High"
3063,"Cat_1",91,4394,"High"
3064,"Cat_30",12,3809,"High"
3065,"Cat_2",46,2244,"Mid"
3066,"Cat_7",191,581,"Low"
3067,"Cat_12",135,2125,"Mid"
3068,"Cat_4",48,335,"Low"
3069,"Cat_4",48,599,"Low"
3070,"Cat_21",25,584,"Low"
3071,"Cat_5",108,572,"Low"
3072,"Cat_27",36,904,"Low"
3073,"Cat_23",147,4151,"High"
3074,"Cat_16",22,2718,"Mid"
3075,"Cat_18",105,335,"Low"
3076,"Cat_30",199,4418,"High"
3077,"Cat_2",74,589,"Low"
3078,"Cat_6",6,180,"Low"
3079,"Cat_12",121,3902,"High"
3080,"Cat_27",72,2021,"Mid"
3081,"Cat_26",93,4342,"High"
3082,"Cat_29",12,1662,"Mid"
3083,"Cat_25",188,2295,"Mid"
3084,"Cat_5",162,4226,"High"
3085,"Cat_20",145,3051,"High"
3086,"Cat_4",192,4540,"High"
3087,"Cat_10",102,2475,"Mid"
3088,"Cat_18",13,3812,"High"
3089,"Cat_12",129,4335,"High"
3090,"Cat_27",86,1174,"Mid"
3091,"Cat_14",11,4910,"High"
3092,"Cat_29",79,2257,"Mid"
3093,"Cat_11",152,2188,"Mid"
3094,"Cat_4",198,2788,"Mid"
3095,"Cat_14",95,1276,"Mid"
3096,"Cat_2",175,486,"Low"
3097,"Cat_20",15,4986,"High"
3098,"Cat_3",194,958,"Low"
3099,"Cat_4",24,2006,"Mid"
3100,"Cat_5",78,2401,"Mid"
3101,"Cat_4",83,3440,"High"
3102,"Cat_19",92,3222,"High"
3103,"Cat_6",179,2379,"Mid"
3104,"Cat_4",51,2392,"Mid"
3105,"Cat_16",182,3614,"High"
3106,"Cat_8",26,2458,"Mid"
3107,"Cat_25",101,904,"Low"
3108,"Cat_1",68,4058,"High"
3109,"Cat_29",174,681,"Low"
3110,"Cat_9",81,325,"Low"
3111,"Cat_23",9,1109,"Mid"
3112,"Cat_10",123,1892,"Mid"
3113,"Cat_13",190,2075,"Mid"
3114,"Cat_20",78,3736,"High"
3115,"Cat_22",87,4453,"High"
3116,"Cat_28",150,1619,"Mid"
3117,"Cat_19",51,4812,"High"
3118,"Cat_12",164,1811,"Mid"
3119,"Cat_15",190,269,"Low"
3120,"Cat_17",119,1787,"Mid"
3121,"Cat_9",34,1458,"Mid"
3122,"Cat_11",106,802,"Low"
3123,"Cat_5",29,906,"Low"
3124,"Cat_10",38,2730,"Mid"
3125,"Cat_17",182,3032,"High"
3126,"Cat_23",44,2220,"Mid"
3127,"Cat_12",30,3137,"High"
3128,"Cat_12",149,999,"Low"
3129,"Cat_5",56,4875,"High"
3130,"Cat_29",15,3157,"High"
3131,"Cat_24",168,4993,"High"
3132,"Cat_4",87,1608,"Mid"
3133,"Cat_2",192,755,"Low"
3134,"Cat_10",17,2437,"Mid"
3135,"Cat_3",101,3194,"High"
3136,"Cat_29",146,3084,"High"
3137,"Cat_12",180,4441,"High"
3138,"Cat_13",116,3826,"High"
3139,"Cat_15",173,2782,"Mid"
3140,"Cat_27",72,1471,"Mid"
3141,"Cat_22",78,1921,"Mid"
3142,"Cat_20",90,955,"Low"
3143,"Cat_30",183,2030,"Mid"
3144,"Cat_19",93,1439,"Mid"
3145,"Cat_18",36,4757,"High"
3146,"Cat_10",111,4757,"High"
3147,"Cat_20",124,1055,"Mid"
3148,"Cat_26",151,2188,"Mid"
3149,"Cat_14",180,2106,"Mid"
3150,"Cat_15",38,2101,"Mid"
3151,"Cat_3",72,2464,"Mid"
3152,"Cat_24",28,1344,"Mid"
3153,"Cat_20",195,2407,"Mid"
3154,"Cat_23",177,2388,"Mid"
3155,"Cat_10",150,3608,"High"
3156,"Cat_23",151,1580,"Mid"
3157,"Cat_11",84,804,"Low"
3158,"Cat_4",11,1291,"Mid"
3159,"Cat_17",93,939,"Low"
3160,"Cat_1",125,3442,"High"
3161,"Cat_14",68,2664,"Mid"
3162,"Cat_21",184,1074,"Mid"
3163,"Cat_14",199,2212,"Mid"
3164,"Cat_11",130,1901,"Mid"
3165,"Cat_28",19,4321,"High"
3166,"Cat_29",132,189,"Low"
3167,"Cat_10",99,3021,"High"
3168,"Cat_8",180,2526,"Mid"
3169,"Cat_6",126,2100,"Mid"
3170,"Cat_18",18,1419,"Mid"
3171,"Cat_30",185,1471,"Mid"
3172,"Cat_24",81,2550,"Mid"
3173,"Cat_30",161,1914,"Mid"
3174,"Cat_18",136,2025,"Mid"
3175,"Cat_19",35,627,"Low"
3176,"Cat_15",21,4100,"High"
3177,"Cat_15",57,4215,"High"
3178,"Cat_14",159,1119,"Mid"
3179,"Cat_29",103,4275,"High"
3180,"Cat_22",13,3728,"High"
3181,"Cat_15",19,3176,"High"
3182,"Cat_10",144,3213,"High"
3183,"Cat_30",114,2101,"Mid"
3184,"Cat_12",98,501,"Low"
3185,"Cat_23",135,1707,"Mid"
3186,"Cat_28",48,1465,"Mid"
3187,"Cat_19",20,3926,"High"
3188,"Cat_1",181,3050,"High"
3189,"Cat_25",140,3169,"High"
3190,"Cat_24",150,4680,"High"
3191,"Cat_18",194,3834,"High"
3192,"Cat_1",171,3661,"High"
3193,"Cat_11",53,1081,"Mid"
3194,"Cat_29",12,4653,"High"
3195,"Cat_26",39,3035,"High"
3196,"Cat_21",59,4956,"High"
3197,"Cat_12",150,4988,"High"
3198,"Cat_3",176,3008,"High"
3199,"Cat_9",180,2182,"Mid"
3200,"Cat_1",143,1488,"Mid"
3201,"Cat_21",71,4774,"High"
3202,"Cat_27",185,1104,"Mid"
3203,"Cat_27",155,3572,"High"
3204,"Cat_7",56,253,"Low"
3205,"Cat_19",157,3874,"High"
3206,"Cat_16",95,3169,"High"
3207,"Cat_17",145,1369,"Mid"
3208,"Cat_5",112,4316,"High"
3209,"Cat_14",136,818,"Low"
3210,"Cat_27",44,1430,"Mid"
3211,"Cat_18",94,1157,"Mid"
3212,"Cat_24",163,479,"Low"
3213,"Cat_27",94,1693,"Mid"
3214,"Cat_28",9,2624,"Mid"
3215,"Cat_30",32,705,"Low"
3216,"Cat_28",87,2321,"Mid"
3217,"Cat_16",67,4635,"High"
3218,"Cat_7",108,4165,"High"
3219,"Cat_28",6,3714,"High"
3220,"Cat_13",150,1760,"Mid"
3221,"Cat_29",55,1553,"Mid"
3222,"Cat_12",70,1127,"Mid"
3223,"Cat_3",160,1421,"Mid"
3224,"Cat_13",180,2215,"Mid"
3225,"Cat_16",177,4422,"High"
3226,"Cat_5",191,4227,"High"
3227,"Cat_19",72,1156,"Mid"
3228,"Cat_11",130,4134,"High"
3229,"Cat_3",191,3038,"High"
3230,"Cat_7",152,2910,"Mid"
3231,"Cat_27",88,747,"Low"
3232,"Cat_9",48,1612,"Mid"
3233,"Cat_24",34,1927,"Mid"
3234,"Cat_23",105,4555,"High"
3235,"Cat_5",149,1930,"Mid"
3236,"Cat_29",31,1215,"Mid"
3237,"Cat_26",45,2437,"Mid"
3238,"Cat_22",96,1461,"Mid"
3239,"Cat_20",193,3848,"High"
3240,"Cat_8",193,850,"Low"
3241,"Cat_11",14,508,"Low"
3242,"Cat_24",91,2220,"Mid"
3243,"Cat_10",166,3367,"High"
3244,"Cat_17",9,3747,"High"
3245,"Cat_19",80,4620,"High"
3246,"Cat_21",140,3961,"High"
3247,"Cat_18",11,2370,"Mid"
3248,"Cat_23",144,2894,"Mid"
3249,"Cat_17",96,4901,"High"
3250,"Cat_22",196,4340,"High"
3251,"Cat_19",51,803,"Low"
3252,"Cat_29",166,341,"Low"
3253,"Cat_13",7,1160,"Mid"
3254,"Cat_21",33,2862,"Mid"
3255,"Cat_16",185,4117,"High"
3256,"Cat_21",196,1821,"Mid"
3257,"Cat_10",153,1221,"Mid"
3258,"Cat_24",188,390,"Low"
3259,"Cat_30",151,1076,"Mid"
3260,"Cat_9",146,4978,"High"
3261,"Cat_19",123,670,"Low"
3262,"Cat_11",86,413,"Low"
3263,"Cat_13",200,1536,"Mid"
3264,"Cat_30",36,1303,"Mid"
3265,"Cat_15",74,1082,"Mid"
3266,"Cat_12",50,4956,"High"
3267,"Cat_1",142,4404,"High"
3268,"Cat_19",93,1867,"Mid"
3269,"Cat_11",154,984,"Low"
3270,"Cat_28",60,3274,"High"
3271,"Cat_1",5,699,"Low"
3272,"Cat_4",87,2157,"Mid"
3273,"Cat_7",32,1502,"Mid"
3274,"Cat_30",198,1175,"Mid"
3275,"Cat_7",34,3897,"High"
3276,"Cat_30",32,1460,"Mid"
3277,"Cat_8",48,4461,"High"
3278,"Cat_26",5,2111,"Mid"
3279,"Cat_7",132,3100,"High"
3280,"Cat_18",162,1771,"Mid"
3281,"Cat_17",78,3151,"High"
3282,"Cat_8",182,3502,"High"
3283,"Cat_2",43,3724,"High"
3284,"Cat_20",149,2819,"Mid"
3285,"Cat_6",52,1705,"Mid"
3286,"Cat_13",35,1097,"Mid"
3287,"Cat_17",191,3815,"High"
3288,"Cat_24",41,2696,"Mid"
3289,"Cat_12",133,625,"Low"
3290,"Cat_18",200,4014,"High"
3291,"Cat_13",25,2691,"Mid"
3292,"Cat_28",22,4713,"High"
3293,"Cat_7",47,899,"Low"
3294,"Cat_12",23,3328,"High"
3295,"Cat_15",86,1341,"Mid"
3296,"Cat_11",176,4630,"High"
3297,"Cat_23",52,2486,"Mid"
3298,"Cat_9",113,4622,"High"
3299,"Cat_13",129,4494,"High"
3300,"Cat_21",8,4793,"High"
3301,"Cat_7",185,3233,"High"
3302,"Cat_29",38,923,"Low"
3303,"Cat_25",140,2478,"Mid"
3304,"Cat_13",88,345,"Low"
3305,"Cat_4",123,605,"Low"
3306,"Cat_22",120,798,"Low"
3307,"Cat_9",83,716,"Low"
3308,"Cat_28",108,922,"Low"
3309,"Cat_28",111,4229,"High"
3310,"Cat_6",157,3373,"High"
3311,"Cat_18",180,1992,"Mid"
3312,"Cat_5",119,3946,"High"
3313,"Cat_12",27,4126,"High"
3314,"Cat_20",180,1111,"Mid"
3315,"Cat_5",200,3591,"High"
3316,"Cat_1",36,2082,"Mid"
3317,"Cat_18",168,4766,"High"
3318,"Cat_24",190,2999,"Mid"
3319,"Cat_16",175,3688,"High"
3320,"Cat_14",187,3964,"High"
3321,"Cat_3",152,2361,"Mid"
3322,"Cat_8",118,1543,"Mid"
3323,"Cat_6",101,4926,"High"
3324,"Cat_19",60,2377,"Mid"
3325,"Cat_26",23,3818,"High"
3326,"Cat_1",76,2614,"Mid"
3327,"Cat_2",6,2637,"Mid"
3328,"Cat_7",104,4512,"High"
3329,"Cat_6",196,977,"Low"
3330,"Cat_21",171,779,"Low"
3331,"Cat_20",66,1340,"Mid"
3332,"Cat_19",7,1698,"Mid"
3333,"Cat_28",4,4446,"High"
3334,"Cat_20",61,1851,"Mid"
3335,"Cat_21",172,1655,"Mid"
3336,"Cat_23",81,4892,"High"
3337,"Cat_14",73,474,"Low"
3338,"Cat_18",85,730,"Low"
3339,"Cat_28",181,3886,"High"
3340,"Cat_11",97,2263,"Mid"
3341,"Cat_18",56,1791,"Mid"
3342,"Cat_13",115,2637,"Mid"
3343,"Cat_1",40,2112,"Mid"
3344,"Cat_28",127,422,"Low"
3345,"Cat_11",152,2709,"Mid"
3346,"Cat_3",1,3300,"High"
3347,"Cat_20",92,2403,"Mid"
3348,"Cat_12",26,2531,"Mid"
3349,"Cat_25",125,863,"Low"
3350,"Cat_24",154,1250,"Mid"
3351,"Cat_14",154,308,"Low"
3352,"Cat_28",44,3660,"High"
3353,"Cat_21",59,2782,"Mid"
3354,"Cat_7",9,1876,"Mid"
3355,"Cat_13",40,4192,"High"
3356,"Cat_11",32,4169,"High"
3357,"Cat_23",46,2049,"Mid"
3358,"Cat_18",114,3948,"High"
3359,"Cat_19",111,1594,"Mid"
3360,"Cat_25",43,1235,"Mid"
3361,"Cat_12",133,1093,"Mid"
3362,"Cat_26",116,4305,"High"
3363,"Cat_17",135,4814,"High"
3364,"Cat_12",37,2702,"Mid"
3365,"Cat_30",27,988,"Low"
3366,"Cat_25",44,326,"Low"
3367,"Cat_16",64,3293,"High"
3368,"Cat_17",162,1215,"Mid"
3369,"Cat_13",37,1531,"Mid"
3370,"Cat_7",127,2401,"Mid"
3371,"Cat_16",100,1686,"Mid"
3372,"Cat_1",71,429,"Low"
3373,"Cat_12",183,3263,"High"
3374,"Cat_6",142,2326,"Mid"
3375,"Cat_7",92,2386,"Mid"
3376,"Cat_25",174,112,"Low"
3377,"Cat_16",52,678,"Low"
3378,"Cat_1",157,3773,"High"
3379,"Cat_3",11,3878,"High"
3380,"Cat_29",53,4585,"High"
3381,"Cat_10",74,3639,"High"
3382,"Cat_17",158,640,"Low"
3383,"Cat_8",93,1590,"Mid"
3384,"Cat_28",183,3271,"High"
3385,"Cat_20",52,4539,"High"
3386,"Cat_14",23,1412,"Mid"
3387,"Cat_24",98,3715,"High"
3388,"Cat_25",180,2759,"Mid"
3389,"Cat_24",3,1345,"Mid"
3390,"Cat_27",89,4077,"High"
3391,"Cat_29",21,4326,"High"
3392,"Cat_21",40,4805,"High"
3393,"Cat_9",188,4797,"High"
3394,"Cat_3",136,4587,"High"
3395,"Cat_30",118,3923,"High"
3396,"Cat_6",12,4768,"High"
3397,"Cat_21",105,1677,"Mid"
3398,"Cat_21",15,392,"Low"
3399,"Cat_7",127,2951,"Mid"
3400,"Cat_10",142,3709,"High"
3401,"Cat_20",66,411,"Low"
3402,"Cat_9",119,4018,"High"
3403,"Cat_11",27,3250,"High"
3404,"Cat_22",12,4255,"High"
3405,"Cat_30",36,3139,"High"
3406,"Cat_25",48,3689,"High"
3407,"Cat_18",77,1115,"Mid"
3408,"Cat_1",123,1568,"Mid"
3409,"Cat_4",29,4243,"High"
3410,"Cat_15",157,3197,"High"
3411,"Cat_26",184,4410,"High"
3412,"Cat_14",33,2588,"Mid"
3413,"Cat_29",96,1692,"Mid"
3414,"Cat_26",22,4665,"High"
3415,"Cat_13",29,3022,"High"
3416,"Cat_7",57,488,"Low"
3417,"Cat_26",30,343,"Low"
3418,"Cat_30",161,4508,"High"
3419,"Cat_8",34,3932,"High"
3420,"Cat_27",11,159,"Low"
3421,"Cat_9",82,3825,"High"
3422,"Cat_22",111,2105,"Mid"
3423,"Cat_30",95,317,"Low"
3424,"Cat_18",129,1952,"Mid"
3425,"Cat_19",25,352,"Low"
3426,"Cat_27",19,2578,"Mid"
3427,"Cat_5",183,1637,"Mid"
3428,"Cat_28",197,591,"Low"
3429,"Cat_14",28,2775,"Mid"
3430,"Cat_15",21,801,"Low"
3431,"Cat_1",44,1421,"Mid"
3432,"Cat_19",121,4333,"High"
3433,"Cat_19",93,2179,"Mid"
3434,"Cat_7",164,4073,"High"
3435,"Cat_13",62,808,"Low"
3436,"Cat_2",103,172,"Low"
3437,"Cat_28",166,2850,"Mid"
3438,"Cat_23",163,1911,"Mid"
3439,"Cat_5",180,1551,"Mid"
3440,"Cat_23",153,4598,"High"
3441,"Cat_13",17,1654,"Mid"
3442,"Cat_17",165,4940,"High"
3443,"Cat_26",124,691,"Low"
3444,"Cat_6",75,585,"Low"
3445,"Cat_8",10,2092,"Mid"
3446,"Cat_25",160,438,"Low"
3447,"Cat_20",104,4084,"High"
3448,"Cat_11",108,4599,"High"
3449,"Cat_18",169,2875,"Mid"
3450,"Cat_25",169,221,"Low"
3451,"Cat_24",8,2351,"Mid"
3452,"Cat_24",70,3075,"High"
3453,"Cat_16",185,2765,"Mid"
3454,"Cat_8",9,3047,"High"
3455,"Cat_1",55,184,"Low"
3456,"Cat_18",53,2173,"Mid"
3457,"Cat_6",54,1649,"Mid"
3458,"Cat_5",25,3741,"High"
3459,"Cat_2",18,2464,"Mid"
3460,"Cat_14",81,2266,"Mid"
3461,"Cat_25",86,2396,"Mid"
3462,"Cat_13",146,2458,"Mid"
3463,"Cat_30",176,1379,"Mid"
3464,"Cat_27",98,1799,"Mid"
3465,"Cat_19",21,4505,"High"
3466,"Cat_25",162,460,"Low"
3467,"Cat_28",141,4679,"High"
3468,"Cat_9",59,2864,"Mid"
3469,"Cat_10",180,4752,"High"
3470,"Cat_12",110,2642,"Mid"
3471,"Cat_7",107,3136,"High"
3472,"Cat_25",42,2644,"Mid"
3473,"Cat_3",30,1627,"Mid"
3474,"Cat_21",66,4950,"High"
3475,"Cat_9",136,649,"Low"
3476,"Cat_10",181,3191,"High"
3477,"Cat_13",195,478,"Low"
3478,"Cat_30",89,3502,"High"
3479,"Cat_3",140,421,"Low"
3480,"Cat_18",63,2700,"Mid"
3481,"Cat_6",110,2863,"Mid"
3482,"Cat_27",199,4144,"High"
3483,"Cat_25",48,2013,"Mid"
3484,"Cat_24",101,1851,"Mid"
3485,"Cat_7",46,1336,"Mid"
3486,"Cat_27",171,3671,"High"
3487,"Cat_11",138,2851,"Mid"
3488,"Cat_20",40,3733,"High"
3489,"Cat_23",114,3434,"High"
3490,"Cat_27",120,677,"Low"
3491,"Cat_15",140,409,"Low"
3492,"Cat_13",69,780,"Low"
3493,"Cat_15",147,3565,"High"
3494,"Cat_28",121,3222,"High"
3495,"Cat_17",198,4914,"High"
3496,"Cat_25",126,4190,"High"
3497,"Cat_3",58,400,"Low"
3498,"Cat_8",19,3507,"High"
3499,"Cat_3",58,1280,"Mid"
3500,"Cat_7",29,1890,"Mid"
3501,"Cat_8",19,1416,"Mid"
3502,"Cat_16",80,1137,"Mid"
3503,"Cat_23",90,4380,"High"
3504,"Cat_16",186,2455,"Mid"
3505,"Cat_8",25,4679,"High"
3506,"Cat_20",72,4010,"High"
3507,"Cat_3",48,4301,"High"
3508,"Cat_20",76,3663,"High"
3509,"Cat_18",158,3197,"High"
3510,"Cat_4",178,4378,"High"
3511,"Cat_9",166,2079,"Mid"
3512,"Cat_6",117,280,"Low"
3513,"Cat_2",33,2746,"Mid"
3514,"Cat_4",126,3422,"High"
3515,"Cat_7",180,125,"Low"
3516,"Cat_14",94,2601,"Mid"
3517,"Cat_4",48,3172,"High"
3518,"Cat_5",181,2594,"Mid"
3519,"Cat_30",105,1908,"Mid"
3520,"Cat_13",132,4425,"High"
3521,"Cat_1",171,2602,"Mid"
3522,"Cat_26",37,2147,"Mid"
3523,"Cat_27",52,2860,"Mid"
3524,"Cat_8",179,3565,"High"
3525,"Cat_4",103,1498,"Mid"
3526,"Cat_28",9,4684,"High"
3527,"Cat_18",97,3308,"High"
3528,"Cat_20",109,4162,"High"
3529,"Cat_12",123,2183,"Mid"
3530,"Cat_9",123,3416,"High"
3531,"Cat_13",74,3550,"High"
3532,"Cat_23",192,3261,"High"
3533,"Cat_29",28,3226,"High"
3534,"Cat_16",134,4210,"High"
3535,"Cat_30",189,1000,"Mid"
3536,"Cat_24",44,3229,"High"
3537,"Cat_18",70,4374,"High"
3538,"Cat_23",103,800,"Low"
3539,"Cat_27",148,3664,"High"
3540,"Cat_28",81,868,"Low"
3541,"Cat_28",64,2305,"Mid"
3542,"Cat_27",145,2615,"Mid"
3543,"Cat_24",117,1041,"Mid"
3544,"Cat_5",29,552,"Low"
3545,"Cat_15",38,2786,"Mid"
3546,"Cat_17",113,4316,"High"
3547,"Cat_7",192,184,"Low"
3548,"Cat_7",12,4417,"High"
3549,"Cat_23",51,803,"Low"
3550,"Cat_29",193,708,"Low"
3551,"Cat_3",38,2363,"Mid"
3552,"Cat_19",76,554,"Low"
3553,"Cat_12",76,3139,"High"
3554,"Cat_12",99,1367,"Mid"
3555,"Cat_30",166,289,"Low"
3556,"Cat_2",157,104,"Low"
3557,"Cat_21",141,293,"Low"
3558,"Cat_25",16,3440,"High"
3559,"Cat_20",53,1074,"Mid"
3560,"Cat_27",163,241,"Low"
3561,"Cat_1",97,4352,"High"
3562,"Cat_26",122,2139,"Mid"
3563,"Cat_8",1,1128,"Mid"
3564,"Cat_26",8,1073,"Mid"
3565,"Cat_15",91,3408,"High"
3566,"Cat_21",59,2311,"Mid"
3567,"Cat_28",101,2030,"Mid"
3568,"Cat_7",78,2217,"Mid"
3569,"Cat_11",120,3027,"High"
3570,"Cat_4",55,3408,"High"
3571,"Cat_25",112,393,"Low"
3572,"Cat_6",144,664,"Low"
3573,"Cat_26",54,2186,"Mid"
3574,"Cat_10",194,749,"Low"
3575,"Cat_29",141,2030,"Mid"
3576,"Cat_29",184,685,"Low"
3577,"Cat_22",153,3078,"High"
3578,"Cat_6",42,3903,"High"
3579,"Cat_16",21,4973,"High"
3580,"Cat_16",111,649,"Low"
3581,"Cat_26",200,1135,"Mid"
3582,"Cat_26",52,343,"Low"
3583,"Cat_22",14,2999,"Mid"
3584,"Cat_25",46,1327,"Mid"
3585,"Cat_11",74,1187,"Mid"
3586,"Cat_25",128,1308,"Mid"
3587,"Cat_10",143,564,"Low"
3588,"Cat_26",135,1664,"Mid"
3589,"Cat_9",130,3971,"High"
3590,"Cat_16",149,3800,"High"
3591,"Cat_22",50,1133,"Mid"
3592,"Cat_28",144,3190,"High"
3593,"Cat_30",3,3816,"High"
3594,"Cat_16",155,1762,"Mid"
3595,"Cat_7",42,2811,"Mid"
3596,"Cat_9",119,108,"Low"
3597,"Cat_17",133,4827,"High"
3598,"Cat_6",143,3912,"High"
3599,"Cat_4",141,2631,"Mid"
3600,"Cat_21",103,1196,"Mid"
3601,"Cat_3",97,4063,"High"
3602,"Cat_25",86,1299,"Mid"
3603,"Cat_25",30,4973,"High"
3604,"Cat_15",169,426,"Low"
3605,"Cat_16",116,3592,"High"
3606,"Cat_25",102,2380,"Mid"
3607,"Cat_28",103,3559,"High"
3608,"Cat_5",78,1838,"Mid"
3609,"Cat_5",3,4645,"High"
3610,"Cat_4",12,3784,"High"
3611,"Cat_20",113,293,"Low"
3612,"Cat_5",193,3394,"High"
3613,"Cat_24",153,779,"Low"
3614,"Cat_24",174,744,"Low"
3615,"Cat_1",170,4822,"High"
3616,"Cat_30",68,4112,"High"
3617,"Cat_28",104,1394,"Mid"
3618,"Cat_25",131,4898,"High"
3619,"Cat_27",31,156,"Low"
3620,"Cat_21",126,4908,"High"
3621,"Cat_17",159,2470,"Mid"
3622,"Cat_18",196,3630,"High"
3623,"Cat_13",80,4703,"High"
3624,"Cat_11",135,2770,"Mid"
3625,"Cat_21",101,3694,"High"
3626,"Cat_18",173,1022,"Mid"
3627,"Cat_21",90,498,"Low"
3628,"Cat_18",161,378,"Low"
3629,"Cat_2",182,3112,"High"
3630,"Cat_17",76,313,"Low"
3631,"Cat_19",76,4995,"High"
3632,"Cat_10",177,1274,"Mid"
3633,"Cat_15",51,2783,"Mid"
3634,"Cat_23",54,542,"Low"
3635,"Cat_18",31,2088,"Mid"
3636,"Cat_2",126,729,"Low"
3637,"Cat_26",199,4420,"High"
3638,"Cat_19",174,2512,"Mid"
3639,"Cat_25",145,1754,"Mid"
3640,"Cat_29",103,3908,"High"
3641,"Cat_3",42,3698,"High"
3642,"Cat_1",76,913,"Low"
3643,"Cat_5",148,2587,"Mid"
3644,"Cat_14",128,791,"Low"
3645,"Cat_10",193,779,"Low"
3646,"Cat_15",12,100,"Low"
3647,"Cat_27",186,3990,"High"
3648,"Cat_1",33,267,"Low"
3649,"Cat_1",157,3410,"High"
3650,"Cat_5",20,1047,"Mid"
3651,"Cat_25",12,3623,"High"
3652,"Cat_13",32,3381,"High"
3653,"Cat_25",144,4292,"High"
3654,"Cat_5",133,1067,"Mid"
3655,"Cat_18",155,974,"Low"
3656,"Cat_16",9,4007,"High"
3657,"Cat_3",25,4326,"High"
3658,"Cat_5",100,298,"Low"
3659,"Cat_30",70,4987,"High"
3660,"Cat_29",68,2211,"Mid"
3661,"Cat_13",30,3032,"High"
3662,"Cat_27",103,4660,"High"
3663,"Cat_23",188,3095,"High"
3664,"Cat_19",104,2229,"Mid"
3665,"Cat_15",38,2737,"Mid"
3666,"Cat_2",190,4697,"High"
3667,"Cat_27",11,111,"Low"
3668,"Cat_3",151,383,"Low"
3669,"Cat_28",33,3361,"High"
3670,"Cat_5",151,1748,"Mid"
3671,"Cat_3",126,4167,"High"
3672,"Cat_17",25,1139,"Mid"
3673,"Cat_11",136,1429,"Mid"
3674,"Cat_30",58,425,"Low"
3675,"Cat_10",96,666,"Low"
3676,"Cat_1",2,1977,"Mid"
3677,"Cat_12",137,1448,"Mid"
3678,"Cat_2",35,3206,"High"
3679,"Cat_5",23,2355,"Mid"
3680,"Cat_10",58,1956,"Mid"
3681,"Cat_29",180,4273,"High"
3682,"Cat_13",108,4353,"High"
3683,"Cat_11",145,3707,"High"
3684,"Cat_14",191,670,"Low"
3685,"Cat_23",1,1057,"Mid"
3686,"Cat_27",189,2214,"Mid"
3687,"Cat_1",177,2796,"Mid"
3688,"Cat_14",107,4838,"High"
3689,"Cat_20",153,2821,"Mid"
3690,"Cat_21",13,3775,"High"
3691,"Cat_21",88,211,"Low"
3692,"Cat_7",64,1581,"Mid"
3693,"Cat_11",104,2039,"Mid"
3694,"Cat_28",135,1320,"Mid"
3695,"Cat_6",129,541,"Low"
3696,"Cat_19",72,1339,"Mid"
3697,"Cat_21",45,2699,"Mid"
3698,"Cat_13",131,3219,"High"
3699,"Cat_6",74,1239,"Mid"
3700,"Cat_30",82,1943,"Mid"
3701,"Cat_20",19,610,"Low"
3702,"Cat_4",56,258,"Low"
3703,"Cat_6",6,4386,"High"
3704,"Cat_28",156,3145,"High"
3705,"Cat_29",160,2139,"Mid"
3706,"Cat_15",55,1576,"Mid"
3707,"Cat_10",59,4576,"High"
3708,"Cat_6",138,937,"Low"
3709,"Cat_20",94,3834,"High"
3710,"Cat_5",200,1207,"Mid"
3711,"Cat_5",17,2498,"Mid"
3712,"Cat_9",136,2698,"Mid"
3713,"Cat_23",53,1491,"Mid"
3714,"Cat_20",148,3435,"High"
3715,"Cat_17",40,4379,"High"
3716,"Cat_13",162,1353,"Mid"
3717,"Cat_21",5,3190,"High"
3718,"Cat_10",181,4913,"High"
3719,"Cat_12",100,3616,"High"
3720,"Cat_8",57,3804,"High"
3721,"Cat_18",98,4278,"High"
3722,"Cat_23",108,3992,"High"
3723,"Cat_10",62,782,"Low"
3724,"Cat_7",27,4117,"High"
3725,"Cat_9",84,1654,"Mid"
3726,"Cat_5",114,4338,"High"
3727,"Cat_9",153,1788,"Mid"
3728,"Cat_19",21,3769,"High"
3729,"Cat_23",51,4743,"High"
3730,"Cat_16",177,4668,"High"
3731,"Cat_18",149,2212,"Mid"
3732,"Cat_17",198,202,"Low"
3733,"Cat_14",85,4983,"High"
3734,"Cat_25",55,1930,"Mid"
3735,"Cat_13",57,3136,"High"
3736,"Cat_24",192,2978,"Mid"
3737,"Cat_10",7,3075,"High"
3738,"Cat_7",31,476,"Low"
3739,"Cat_15",81,2216,"Mid"
3740,"Cat_24",50,2149,"Mid"
3741,"Cat_9",175,569,"Low"
3742,"Cat_22",157,451,"Low"
3743,"Cat_15",50,4724,"High"
3744,"Cat_7",190,2204,"Mid"
3745,"Cat_7",49,658,"Low"
3746,"Cat_29",184,4948,"High"
3747,"Cat_8",119,4186,"High"
3748,"Cat_26",22,3432,"High"
3749,"Cat_22",101,389,"Low"
3750,"Cat_13",192,3389,"High"
3751,"Cat_7",63,4698,"High"
3752,"Cat_14",69,3868,"High"
3753,"Cat_1",84,1807,"Mid"
3754,"Cat_21",134,3943,"High"
3755,"Cat_3",200,3266,"High"
3756,"Cat_9",140,361,"Low"
3757,"Cat_24",66,4503,"High"
3758,"Cat_24",66,2274,"Mid"
3759,"Cat_16",170,4725,"High"
3760,"Cat_30",102,2832,"Mid"
3761,"Cat_26",57,1954,"Mid"
3762,"Cat_3",60,2098,"Mid"
3763,"Cat_7",183,652,"Low"
3764,"Cat_9",29,4801,"High"
3765,"Cat_30",39,472,"Low"
3766,"Cat_11",133,4112,"High"
3767,"Cat_6",157,2443,"Mid"
3768,"Cat_4",24,4159,"High"
3769,"Cat_3",98,4171,"High"
3770,"Cat_18",166,2736,"Mid"
3771,"Cat_2",116,877,"Low"
3772,"Cat_11",4,2565,"Mid"
3773,"Cat_24",24,2893,"Mid"
3774,"Cat_2",132,3502,"High"
3775,"Cat_27",54,608,"Low"
3776,"Cat_28",191,2995,"Mid"
3777,"Cat_3",140,4971,"High"
3778,"Cat_4",183,4891,"High"
3779,"Cat_25",60,1963,"Mid"
3780,"Cat_9",36,1033,"Mid"
3781,"Cat_11",16,3219,"High"
3782,"Cat_20",92,4691,"High"
3783,"Cat_9",168,360,"Low"
3784,"Cat_1",185,452,"Low"
3785,"Cat_11",171,3780,"High"
3786,"Cat_29",45,4531,"High"
3787,"Cat_30",181,3181,"High"
3788,"Cat_1",188,2423,"Mid"
3789,"Cat_16",55,953,"Low"
3790,"Cat_9",105,3419,"High"
3791,"Cat_1",167,633,"Low"
3792,"Cat_22",91,3876,"High"
3793,"Cat_3",86,4445,"High"
3794,"Cat_30",41,2817,"Mid"
3795,"Cat_9",58,3797,"High"
3796,"Cat_30",36,4364,"High"
3797,"Cat_9",45,167,"Low"
3798,"Cat_4",23,270,"Low"
3799,"Cat_17",157,4151,"High"
3800,"Cat_7",32,802,"Low"
3801,"Cat_7",191,4708,"High"
3802,"Cat_4",135,3442,"High"
3803,"Cat_7",100,4672,"High"
3804,"Cat_8",115,3502,"High"
3805,"Cat_26",175,100,"Low"
3806,"Cat_23",8,1076,"Mid"
3807,"Cat_27",45,274,"Low"
3808,"Cat_3",44,4728,"High"
3809,"Cat_20",87,4727,"High"
3810,"Cat_22",49,2700,"Mid"
3811,"Cat_25",28,1815,"Mid"
3812,"Cat_8",147,3859,"High"
3813,"Cat_26",160,4246,"High"
3814,"Cat_26",110,4861,"High"
3815,"Cat_16",11,2710,"Mid"
3816,"Cat_1",25,1089,"Mid"
3817,"Cat_15",142,2728,"Mid"
3818,"Cat_18",183,2474,"Mid"
3819,"Cat_6",29,124,"Low"
3820,"Cat_9",120,4815,"High"
3821,"Cat_11",162,2646,"Mid"
3822,"Cat_25",21,3671,"High"
3823,"Cat_1",95,2441,"Mid"
3824,"Cat_27",86,3216,"High"
3825,"Cat_6",12,4795,"High"
3826,"Cat_24",117,1342,"Mid"
3827,"Cat_14",162,4676,"High"
3828,"Cat_17",130,2500,"Mid"
3829,"Cat_19",9,2602,"Mid"
3830,"Cat_2",1,227,"Low"
3831,"Cat_28",15,1029,"Mid"
3832,"Cat_27",193,3730,"High"
3833,"Cat_27",66,4456,"High"
3834,"Cat_24",53,2368,"Mid"
3835,"Cat_7",3,559,"Low"
3836,"Cat_1",75,4312,"High"
3837,"Cat_12",133,2082,"Mid"
3838,"Cat_1",171,2563,"Mid"
3839,"Cat_11",106,584,"Low"
3840,"Cat_25",62,331,"Low"
3841,"Cat_24",48,1270,"Mid"
3842,"Cat_13",122,3966,"High"
3843,"Cat_11",154,1740,"Mid"
3844,"Cat_29",63,4692,"High"
3845,"Cat_5",70,3662,"High"
3846,"Cat_17",87,129,"Low"
3847,"Cat_21",114,3076,"High"
3848,"Cat_29",38,4642,"High"
3849,"Cat_7",102,1745,"Mid"
3850,"Cat_25",41,2624,"Mid"
3851,"Cat_1",80,1901,"Mid"
3852,"Cat_6",175,1773,"Mid"
3853,"Cat_8",135,3709,"High"
3854,"Cat_19",171,967,"Low"
3855,"Cat_12",69,862,"Low"
3856,"Cat_6",181,1407,"Mid"
3857,"Cat_19",49,4899,"High"
3858,"Cat_21",91,3766,"High"
3859,"Cat_6",46,135,"Low"
3860,"Cat_8",79,990,"Low"
3861,"Cat_8",170,2622,"Mid"
3862,"Cat_4",21,4615,"High"
3863,"Cat_6",80,1634,"Mid"
3864,"Cat_19",193,4583,"High"
3865,"Cat_3",35,4826,"High"
3866,"Cat_15",125,138,"Low"
3867,"Cat_13",7,3334,"High"
3868,"Cat_27",51,3022,"High"
3869,"Cat_12",26,1441,"Mid"
3870,"Cat_30",75,3281,"High"
3871,"Cat_20",178,2614,"Mid"
3872,"Cat_3",108,3391,"High"
3873,"Cat_26",10,4066,"High"
3874,"Cat_24",130,955,"Low"
3875,"Cat_3",81,470,"Low"
3876,"Cat_29",17,144,"Low"
3877,"Cat_10",197,3747,"High"
3878,"Cat_10",7,2392,"Mid"
3879,"Cat_4",92,3447,"High"
3880,"Cat_21",81,4941,"High"
3881,"Cat_17",39,1949,"Mid"
3882,"Cat_4",193,2466,"Mid"
3883,"Cat_5",143,2888,"Mid"
3884,"Cat_19",61,665,"Low"
3885,"Cat_12",85,434,"Low"
3886,"Cat_22",1,2364,"Mid"
3887,"Cat_28",110,1688,"Mid"
3888,"Cat_13",171,2655,"Mid"
3889,"Cat_6",68,1084,"Mid"
3890,"Cat_23",82,2553,"Mid"
3891,"Cat_23",121,3297,"High"
3892,"Cat_16",199,3191,"High"
3893,"Cat_14",64,1979,"Mid"
3894,"Cat_4",199,3170,"High"
3895,"Cat_1",121,1620,"Mid"
3896,"Cat_1",6,2236,"Mid"
3897,"Cat_22",171,156,"Low"
3898,"Cat_6",96,1622,"Mid"
3899,"Cat_10",1,3600,"High"
3900,"Cat_20",188,2820,"Mid"
3901,"Cat_13",33,4551,"High"
3902,"Cat_27",103,2871,"Mid"
3903,"Cat_20",120,3162,"High"
3904,"Cat_24",194,3077,"High"
3905,"Cat_4",1,2137,"Mid"
3906,"Cat_27",139,2770,"Mid"
3907,"Cat_12",41,4208,"High"
3908,"Cat_13",1,2104,"Mid"
3909,"Cat_7",176,676,"Low"
3910,"Cat_15",25,4748,"High"
3911,"Cat_11",108,1803,"Mid"
3912,"Cat_28",36,1106,"Mid"
3913,"Cat_7",138,4334,"High"
3914,"Cat_3",23,1323,"Mid"
3915,"Cat_4",12,845,"Low"
3916,"Cat_1",162,4040,"High"
3917,"Cat_23",139,823,"Low"
3918,"Cat_13",136,4633,"High"
3919,"Cat_18",73,1992,"Mid"
3920,"Cat_27",33,4255,"High"
3921,"Cat_2",122,181,"Low"
3922,"Cat_4",99,2902,"Mid"
3923,"Cat_28",114,4016,"High"
3924,"Cat_30",35,3376,"High"
3925,"Cat_24",56,112,"Low"
3926,"Cat_11",97,3514,"High"
3927,"Cat_26",58,2934,"Mid"
3928,"Cat_13",51,2412,"Mid"
3929,"Cat_22",190,1235,"Mid"
3930,"Cat_26",47,661,"Low"
3931,"Cat_22",54,2153,"Mid"
3932,"Cat_13",153,1172,"Mid"
3933,"Cat_14",19,2556,"Mid"
3934,"Cat_1",95,404,"Low"
3935,"Cat_6",171,751,"Low"
3936,"Cat_18",183,958,"Low"
3937,"Cat_28",8,1689,"Mid"
3938,"Cat_7",81,4651,"High"
3939,"Cat_7",161,2099,"Mid"
3940,"Cat_19",39,1700,"Mid"
3941,"Cat_17",190,1534,"Mid"
3942,"Cat_22",142,4210,"High"
3943,"Cat_19",186,2510,"Mid"
3944,"Cat_16",131,1314,"Mid"
3945,"Cat_29",25,3661,"High"
3946,"Cat_2",23,2209,"Mid"
3947,"Cat_5",73,1354,"Mid"
3948,"Cat_8",46,2815,"Mid"
3949,"Cat_3",111,2940,"Mid"
3950,"Cat_15",79,2703,"Mid"
3951,"Cat_5",4,2595,"Mid"
3952,"Cat_8",137,1115,"Mid"
3953,"Cat_24",181,4313,"High"
3954,"Cat_1",107,4857,"High"
3955,"Cat_24",99,637,"Low"
3956,"Cat_21",92,3934,"High"
3957,"Cat_30",93,2736,"Mid"
3958,"Cat_10",178,135,"Low"
3959,"Cat_26",107,1036,"Mid"
3960,"Cat_15",135,3686,"High"
3961,"Cat_26",197,1625,"Mid"
3962,"Cat_29",52,344,"Low"
3963,"Cat_16",124,4789,"High"
3964,"Cat_6",183,4390,"High"
3965,"Cat_6",82,245,"Low"
3966,"Cat_28",133,1805,"Mid"
3967,"Cat_8",174,4565,"High"
3968,"Cat_20",149,4877,"High"
3969,"Cat_11",45,4342,"High"
3970,"Cat_15",125,2032,"Mid"
3971,"Cat_18",62,4604,"High"
3972,"Cat_11",79,1144,"Mid"
3973,"Cat_11",60,595,"Low"
3974,"Cat_13",138,792,"Low"
3975,"Cat_9",150,1642,"Mid"
3976,"Cat_12",77,2919,"Mid"
3977,"Cat_29",82,2857,"Mid"
3978,"Cat_5",41,487,"Low"
3979,"Cat_22",29,896,"Low"
3980,"Cat_12",58,1522,"Mid"
3981,"Cat_13",102,2140,"Mid"
3982,"Cat_30",51,647,"Low"
3983,"Cat_19",118,3276,"High"
3984,"Cat_5",135,4423,"High"
3985,"Cat_15",177,1846,"Mid"
3986,"Cat_17",177,3682,"High"
3987,"Cat_19",146,4684,"High"
3988,"Cat_26",24,1170,"Mid"
3989,"Cat_28",176,261,"Low"
3990,"Cat_1",157,142,"Low"
3991,"Cat_1",28,3094,"High"
3992,"Cat_19",149,1382,"Mid"
3993,"Cat_1",148,3353,"High"
3994,"Cat_4",149,2968,"Mid"
3995,"Cat_24",139,2090,"Mid"
3996,"Cat_12",169,2686,"Mid"
3997,"Cat_22",45,392,"Low"
3998,"Cat_22",99,4322,"High"
3999,"Cat_3",54,1544,"Mid"
4000,"Cat_30",186,920,"Low"
4001,"Cat_7",36,2743,"Mid"
4002,"Cat_7",161,1247,"Mid"
4003,"Cat_13",104,1097,"Mid"
4004,"Cat_13",28,2510,"Mid"
4005,"Cat_7",49,2338,"Mid"
4006,"Cat_18",168,4908,"High"
4007,"Cat_25",136,2533,"Mid"
4008,"Cat_16",67,1698,"Mid"
4009,"Cat_15",180,1784,"Mid"
4010,"Cat_19",181,2300,"Mid"
4011,"Cat_11",56,4122,"High"
4012,"Cat_27",60,3070,"High"
4013,"Cat_21",39,3045,"High"
4014,"Cat_6",178,2350,"Mid"
4015,"Cat_6",76,2844,"Mid"
4016,"Cat_24",164,1204,"Mid"
4017,"Cat_21",54,292,"Low"
4018,"Cat_19",124,4339,"High"
4019,"Cat_12",114,4856,"High"
4020,"Cat_20",170,1939,"Mid"
4021,"Cat_6",35,2500,"Mid"
4022,"Cat_15",140,4345,"High"
4023,"Cat_3",37,4737,"High"
4024,"Cat_18",109,1578,"Mid"
4025,"Cat_7",113,997,"Low"
4026,"Cat_1",85,3767,"High"
4027,"Cat_9",72,2566,"Mid"
4028,"Cat_3",61,3329,"High"
4029,"Cat_10",13,3849,"High"
4030,"Cat_16",44,3946,"High"
4031,"Cat_23",151,459,"Low"
4032,"Cat_27",103,2291,"Mid"
4033,"Cat_5",93,1684,"Mid"
4034,"Cat_21",145,1236,"Mid"
4035,"Cat_2",118,2009,"Mid"
4036,"Cat_9",22,1769,"Mid"
4037,"Cat_6",146,4637,"High"
4038,"Cat_25",189,2012,"Mid"
4039,"Cat_17",58,2476,"Mid"
4040,"Cat_16",146,1877,"Mid"
4041,"Cat_1",64,1138,"Mid"
4042,"Cat_30",58,965,"Low"
4043,"Cat_27",46,4461,"High"
4044,"Cat_7",141,2536,"Mid"
4045,"Cat_7",48,2223,"Mid"
4046,"Cat_24",89,1180,"Mid"
4047,"Cat_6",9,1124,"Mid"
4048,"Cat_18",98,3869,"High"
4049,"Cat_26",15,2060,"Mid"
4050,"Cat_17",77,2800,"Mid"
4051,"Cat_24",125,592,"Low"
4052,"Cat_23",61,2010,"Mid"
4053,"Cat_21",191,3493,"High"
4054,"Cat_5",101,4529,"High"
4055,"Cat_8",76,3397,"High"
4056,"Cat_17",195,1488,"Mid"
4057,"Cat_25",62,1997,"Mid"
4058,"Cat_3",184,1892,"Mid"
4059,"Cat_11",114,1325,"Mid"
4060,"Cat_11",40,2238,"Mid"
4061,"Cat_2",34,3831,"High"
4062,"Cat_15",83,3376,"High"
4063,"Cat_12",77,512,"Low"
4064,"Cat_5",45,3951,"High"
4065,"Cat_8",141,2116,"Mid"
4066,"Cat_15",107,1181,"Mid"
4067,"Cat_28",124,3307,"High"
4068,"Cat_25",144,3327,"High"
4069,"Cat_25",64,2501,"Mid"
4070,"Cat_11",157,2388,"Mid"
4071,"Cat_2",97,4844,"High"
4072,"Cat_22",144,3528,"High"
4073,"Cat_2",168,3211,"High"
4074,"Cat_25",36,2576,"Mid"
4075,"Cat_26",75,2369,"Mid"
4076,"Cat_28",43,1929,"Mid"
4077,"Cat_16",134,189,"Low"
4078,"Cat_27",154,708,"Low"
4079,"Cat_29",69,342,"Low"
4080,"Cat_1",86,2582,"Mid"
4081,"Cat_2",188,2344,"Mid"
4082,"Cat_13",83,2902,"Mid"
4083,"Cat_4",101,3798,"High"
4084,"Cat_9",149,2179,"Mid"
4085,"Cat_10",123,3603,"High"
4086,"Cat_19",88,4509,"High"
4087,"Cat_9",12,476,"Low"
4088,"Cat_12",73,374,"Low"
4089,"Cat_14",130,1819,"Mid"
4090,"Cat_29",68,264,"Low"
4091,"Cat_10",77,2267,"Mid"
4092,"Cat_30",186,3831,"High"
4093,"Cat_24",104,2636,"Mid"
4094,"Cat_27",162,3651,"High"
4095,"Cat_7",9,1056,"Mid"
4096,"Cat_28",27,4777,"High"
4097,"Cat_24",88,2869,"Mid"
4098,"Cat_25",152,1476,"Mid"
4099,"Cat_17",197,4902,"High"
4100,"Cat_24",44,2854,"Mid"
4101,"Cat_29",191,119,"Low"
4102,"Cat_2",163,4962,"High"
4103,"Cat_11",193,728,"Low"
4104,"Cat_9",189,427,"Low"
4105,"Cat_25",96,1317,"Mid"
4106,"Cat_23",119,3898,"High"
4107,"Cat_21",154,4314,"High"
4108,"Cat_13",50,4980,"High"
4109,"Cat_15",126,976,"Low"
4110,"Cat_22",137,146,"Low"
4111,"Cat_20",76,3380,"High"
4112,"Cat_27",45,4206,"High"
4113,"Cat_27",123,3401,"High"
4114,"Cat_5",26,2743,"Mid"
4115,"Cat_13",6,4955,"High"
4116,"Cat_20",177,4034,"High"
4117,"Cat_21",103,1522,"Mid"
4118,"Cat_4",200,4260,"High"
4119,"Cat_10",138,3356,"High"
4120,"Cat_6",136,1908,"Mid"
4121,"Cat_5",188,3508,"High"
4122,"Cat_1",4,3089,"High"
4123,"Cat_12",195,2661,"Mid"
4124,"Cat_27",3,806,"Low"
4125,"Cat_19",67,856,"Low"
4126,"Cat_18",91,4455,"High"
4127,"Cat_13",194,2785,"Mid"
4128,"Cat_1",170,1910,"Mid"
4129,"Cat_3",26,2275,"Mid"
4130,"Cat_15",29,2025,"Mid"
4131,"Cat_3",139,3898,"High"
4132,"Cat_15",115,1189,"Mid"
4133,"Cat_14",77,4742,"High"
4134,"Cat_6",86,2143,"Mid"
4135,"Cat_19",78,4944,"High"
4136,"Cat_16",58,1517,"Mid"
4137,"Cat_23",41,3993,"High"
4138,"Cat_13",92,2121,"Mid"
4139,"Cat_8",121,1809,"Mid"
4140,"Cat_25",144,4609,"High"
4141,"Cat_17",97,4824,"High"
4142,"Cat_20",77,3629,"High"
4143,"Cat_26",157,4194,"High"
4144,"Cat_21",33,2481,"Mid"
4145,"Cat_13",169,1977,"Mid"
4146,"Cat_1",61,2208,"Mid"
4147,"Cat_16",102,4788,"High"
4148,"Cat_28",29,3781,"High"
4149,"Cat_10",102,1400,"Mid"
4150,"Cat_28",29,2533,"Mid"
4151,"Cat_21",4,2196,"Mid"
4152,"Cat_26",48,3536,"High"
4153,"Cat_5",187,791,"Low"
4154,"Cat_12",54,867,"Low"
4155,"Cat_1",157,2218,"Mid"
4156,"Cat_30",47,3098,"High"
4157,"Cat_28",178,2468,"Mid"
4158,"Cat_17",62,4954,"High"
4159,"Cat_7",180,513,"Low"
4160,"Cat_18",169,2670,"Mid"
4161,"Cat_12",50,4143,"High"
4162,"Cat_17",22,3512,"High"
4163,"Cat_20",157,3861,"High"
4164,"Cat_26",58,1920,"Mid"
4165,"Cat_29",59,1663,"Mid"
4166,"Cat_1",121,3262,"High"
4167,"Cat_20",46,3367,"High"
4168,"Cat_8",146,2970,"Mid"
4169,"Cat_21",53,2437,"Mid"
4170,"Cat_27",122,2840,"Mid"
4171,"Cat_26",107,1240,"Mid"
4172,"Cat_21",173,4050,"High"
4173,"Cat_5",104,3356,"High"
4174,"Cat_25",184,1971,"Mid"
4175,"Cat_18",115,1680,"Mid"
4176,"Cat_28",12,3595,"High"
4177,"Cat_24",77,587,"Low"
4178,"Cat_5",79,129,"Low"
4179,"Cat_11",5,309,"Low"
4180,"Cat_12",146,2633,"Mid"
4181,"Cat_5",20,4249,"High"
4182,"Cat_16",112,140,"Low"
4183,"Cat_18",120,3328,"High"
4184,"Cat_26",63,3024,"High"
4185,"Cat_10",192,2585,"Mid"
4186,"Cat_3",112,2335,"Mid"
4187,"Cat_17",132,3321,"High"
4188,"Cat_19",99,929,"Low"
4189,"Cat_16",98,2447,"Mid"
4190,"Cat_14",144,468,"Low"
4191,"Cat_15",25,4634,"High"
4192,"Cat_3",124,517,"Low"
4193,"Cat_5",68,3499,"High"
4194,"Cat_28",98,2229,"Mid"
4195,"Cat_21",176,3291,"High"
4196,"Cat_6",154,2238,"Mid"
4197,"Cat_23",67,4784,"High"
4198,"Cat_21",44,2977,"Mid"
4199,"Cat_28",88,3303,"High"
4200,"Cat_21",145,1520,"Mid"
4201,"Cat_10",98,2259,"Mid"
4202,"Cat_14",69,3423,"High"
4203,"Cat_16",132,4794,"High"
4204,"Cat_13",191,1234,"Mid"
4205,"Cat_18",57,586,"Low"
4206,"Cat_6",143,4442,"High"
4207,"Cat_3",57,3689,"High"
4208,"Cat_23",159,2951,"Mid"
4209,"Cat_30",186,4203,"High"
4210,"Cat_4",164,1937,"Mid"
4211,"Cat_12",152,3541,"High"
4212,"Cat_22",29,127,"Low"
4213,"Cat_27",108,558,"Low"
4214,"Cat_19",164,2555,"Mid"
4215,"Cat_17",33,4915,"High"
4216,"Cat_21",141,1258,"Mid"
4217,"Cat_7",158,2192,"Mid"
4218,"Cat_21",50,3155,"High"
4219,"Cat_15",117,4267,"High"
4220,"Cat_19",30,1780,"Mid"
4221,"Cat_1",62,956,"Low"
4222,"Cat_26",81,858,"Low"
4223,"Cat_11",1,197,"Low"
4224,"Cat_26",62,3338,"High"
4225,"Cat_17",69,2767,"Mid"
4226,"Cat_26",97,2427,"Mid"
4227,"Cat_17",139,2100,"Mid"
4228,"Cat_20",158,4036,"High"
4229,"Cat_8",198,2402,"Mid"
4230,"Cat_16",91,216,"Low"
4231,"Cat_2",2,2815,"Mid"
4232,"Cat_17",54,4298,"High"
4233,"Cat_23",161,4283,"High"
4234,"Cat_22",196,2478,"Mid"
4235,"Cat_11",36,3601,"High"
4236,"Cat_21",106,4299,"High"
4237,"Cat_20",189,4221,"High"
4238,"Cat_4",59,4874,"High"
4239,"Cat_30",198,3998,"High"
4240,"Cat_20",187,3829,"High"
4241,"Cat_2",132,4942,"High"
4242,"Cat_15",33,879,"Low"
4243,"Cat_3",8,3475,"High"
4244,"Cat_13",112,4377,"High"
4245,"Cat_29",132,1209,"Mid"
4246,"Cat_29",6,134,"Low"
4247,"Cat_14",141,3691,"High"
4248,"Cat_25",70,658,"Low"
4249,"Cat_17",186,1020,"Mid"
4250,"Cat_25",12,4998,"High"
4251,"Cat_20",37,3234,"High"
4252,"Cat_23",2,4208,"High"
4253,"Cat_29",104,2109,"Mid"
4254,"Cat_6",58,1217,"Mid"
4255,"Cat_23",77,4213,"High"
4256,"Cat_19",54,1077,"Mid"
4257,"Cat_30",81,4656,"High"
4258,"Cat_9",198,4364,"High"
4259,"Cat_23",80,4535,"High"
4260,"Cat_19",107,322,"Low"
4261,"Cat_26",38,3764,"High"
4262,"Cat_1",41,3695,"High"
4263,"Cat_3",65,4492,"High"
4264,"Cat_4",194,4244,"High"
4265,"Cat_6",16,2421,"Mid"
4266,"Cat_15",103,3933,"High"
4267,"Cat_10",27,568,"Low"
4268,"Cat_8",158,1804,"Mid"
4269,"Cat_24",89,3435,"High"
4270,"Cat_7",153,4898,"High"
4271,"Cat_18",192,3391,"High"
4272,"Cat_13",39,207,"Low"
4273,"Cat_21",81,1046,"Mid"
4274,"Cat_14",93,1166,"Mid"
4275,"Cat_16",13,1606,"Mid"
4276,"Cat_22",106,4335,"High"
4277,"Cat_23",17,2191,"Mid"
4278,"Cat_29",42,2809,"Mid"
4279,"Cat_25",155,3906,"High"
4280,"Cat_22",20,556,"Low"
4281,"Cat_1",20,4750,"High"
4282,"Cat_4",174,2414,"Mid"
4283,"Cat_28",176,4093,"High"
4284,"Cat_9",15,2929,"Mid"
4285,"Cat_10",166,2355,"Mid"
4286,"Cat_16",58,2687,"Mid"
4287,"Cat_22",138,2467,"Mid"
4288,"Cat_7",167,4990,"High"
4289,"Cat_5",75,2983,"Mid"
4290,"Cat_15",188,2297,"Mid"
4291,"Cat_3",172,4512,"High"
4292,"Cat_18",64,4415,"High"
4293,"Cat_17",130,4958,"High"
4294,"Cat_22",195,2953,"Mid"
4295,"Cat_27",146,1109,"Mid"
4296,"Cat_12",147,2739,"Mid"
4297,"Cat_4",181,1112,"Mid"
4298,"Cat_15",140,3328,"High"
4299,"Cat_28",15,3529,"High"
4300,"Cat_20",124,3477,"High"
4301,"Cat_15",71,4621,"High"
4302,"Cat_21",16,4851,"High"
4303,"Cat_29",35,3408,"High"
4304,"Cat_2",102,3864,"High"
4305,"Cat_23",20,2140,"Mid"
4306,"Cat_19",12,3811,"High"
4307,"Cat_1",9,877,"Low"
4308,"Cat_13",51,2530,"Mid"
4309,"Cat_12",30,3990,"High"
4310,"Cat_17",123,1727,"Mid"
4311,"Cat_18",122,4217,"High"
4312,"Cat_4",2,757,"Low"
4313,"Cat_5",123,2632,"Mid"
4314,"Cat_10",68,1359,"Mid"
4315,"Cat_12",120,4937,"High"
4316,"Cat_6",72,4634,"High"
4317,"Cat_16",134,3570,"High"
4318,"Cat_19",69,2135,"Mid"
4319,"Cat_16",52,3506,"High"
4320,"Cat_18",169,1795,"Mid"
4321,"Cat_21",139,361,"Low"
4322,"Cat_26",192,4784,"High"
4323,"Cat_4",153,2802,"Mid"
4324,"Cat_4",59,3891,"High"
4325,"Cat_4",198,1185,"Mid"
4326,"Cat_15",167,1432,"Mid"
4327,"Cat_25",149,4518,"High"
4328,"Cat_3",155,1788,"Mid"
4329,"Cat_18",57,4615,"High"
4330,"Cat_15",13,1742,"Mid"
4331,"Cat_22",1,1447,"Mid"
4332,"Cat_17",138,1579,"Mid"
4333,"Cat_2",5,1466,"Mid"
4334,"Cat_6",62,1630,"Mid"
4335,"Cat_17",32,4943,"High"
4336,"Cat_18",48,3239,"High"
4337,"Cat_27",138,1237,"Mid"
4338,"Cat_5",52,1123,"Mid"
4339,"Cat_15",18,719,"Low"
4340,"Cat_4",40,3245,"High"
4341,"Cat_21",85,1658,"Mid"
4342,"Cat_10",135,3134,"High"
4343,"Cat_14",136,416,"Low"
4344,"Cat_20",57,2679,"Mid"
4345,"Cat_15",82,2949,"Mid"
4346,"Cat_2",92,3861,"High"
4347,"Cat_12",115,2408,"Mid"
4348,"Cat_11",127,2143,"Mid"
4349,"Cat_30",154,2070,"Mid"
4350,"Cat_10",23,4023,"High"
4351,"Cat_1",98,1342,"Mid"
4352,"Cat_24",18,3654,"High"
4353,"Cat_17",146,823,"Low"
4354,"Cat_15",179,3957,"High"
4355,"Cat_20",1,3033,"High"
4356,"Cat_9",53,627,"Low"
4357,"Cat_25",151,2294,"Mid"
4358,"Cat_30",154,350,"Low"
4359,"Cat_29",58,650,"Low"
4360,"Cat_8",55,3124,"High"
4361,"Cat_16",44,190,"Low"
4362,"Cat_30",5,1119,"Mid"
4363,"Cat_5",78,2416,"Mid"
4364,"Cat_29",155,4472,"High"
4365,"Cat_7",121,2883,"Mid"
4366,"Cat_5",123,4465,"High"
4367,"Cat_29",20,3506,"High"
4368,"Cat_11",160,3192,"High"
4369,"Cat_15",194,3639,"High"
4370,"Cat_23",15,4486,"High"
4371,"Cat_27",24,1468,"Mid"
4372,"Cat_29",82,4076,"High"
4373,"Cat_8",147,4587,"High"
4374,"Cat_4",130,892,"Low"
4375,"Cat_28",20,3993,"High"
4376,"Cat_17",177,1821,"Mid"
4377,"Cat_11",175,1659,"Mid"
4378,"Cat_10",176,3561,"High"
4379,"Cat_12",130,3699,"High"
4380,"Cat_30",113,2780,"Mid"
4381,"Cat_19",51,2077,"Mid"
4382,"Cat_30",191,3489,"High"
4383,"Cat_23",107,3475,"High"
4384,"Cat_1",138,1404,"Mid"
4385,"Cat_21",82,4683,"High"
4386,"Cat_10",21,3772,"High"
4387,"Cat_12",41,2895,"Mid"
4388,"Cat_20",133,3441,"High"
4389,"Cat_21",149,4430,"High"
4390,"Cat_14",103,1437,"Mid"
4391,"Cat_21",133,4326,"High"
4392,"Cat_16",35,2600,"Mid"
4393,"Cat_28",137,2457,"Mid"
4394,"Cat_30",13,1477,"Mid"
4395,"Cat_6",78,1460,"Mid"
4396,"Cat_29",25,3427,"High"
4397,"Cat_2",54,3668,"High"
4398,"Cat_3",69,2894,"Mid"
4399,"Cat_19",97,3949,"High"
4400,"Cat_9",137,1105,"Mid"
4401,"Cat_29",7,2373,"Mid"
4402,"Cat_14",88,2842,"Mid"
4403,"Cat_22",171,1382,"Mid"
4404,"Cat_18",25,193,"Low"
4405,"Cat_13",50,2947,"Mid"
4406,"Cat_21",53,3357,"High"
4407,"Cat_12",88,3426,"High"
4408,"Cat_10",94,519,"Low"
4409,"Cat_26",64,4501,"High"
4410,"Cat_10",140,1384,"Mid"
4411,"Cat_5",19,1000,"Mid"
4412,"Cat_30",90,2155,"Mid"
4413,"Cat_14",189,1747,"Mid"
4414,"Cat_2",42,2363,"Mid"
4415,"Cat_29",128,2540,"Mid"
4416,"Cat_6",183,3380,"High"
4417,"Cat_25",157,1081,"Mid"
4418,"Cat_4",145,2043,"Mid"
4419,"Cat_4",165,2835,"Mid"
4420,"Cat_22",86,2727,"Mid"
4421,"Cat_4",50,492,"Low"
4422,"Cat_30",39,3059,"High"
4423,"Cat_28",8,433,"Low"
4424,"Cat_28",58,3567,"High"
4425,"Cat_14",179,3167,"High"
4426,"Cat_27",72,1795,"Mid"
4427,"Cat_9",93,3318,"High"
4428,"Cat_4",56,2890,"Mid"
4429,"Cat_2",74,4147,"High"
4430,"Cat_5",47,3489,"High"
4431,"Cat_28",164,2751,"Mid"
4432,"Cat_5",112,2011,"Mid"
4433,"Cat_29",7,2906,"Mid"
4434,"Cat_20",193,2052,"Mid"
4435,"Cat_16",167,3653,"High"
4436,"Cat_12",32,4937,"High"
4437,"Cat_1",4,2867,"Mid"
4438,"Cat_6",151,2120,"Mid"
4439,"Cat_30",173,3301,"High"
4440,"Cat_26",48,3156,"High"
4441,"Cat_28",3,1729,"Mid"
4442,"Cat_3",41,4978,"High"
4443,"Cat_13",31,4627,"High"
4444,"Cat_25",175,1647,"Mid"
4445,"Cat_30",192,3885,"High"
4446,"Cat_27",14,3966,"High"
4447,"Cat_20",85,1754,"Mid"
4448,"Cat_24",194,1996,"Mid"
4449,"Cat_6",26,2704,"Mid"
4450,"Cat_11",101,3443,"High"
4451,"Cat_16",158,138,"Low"
4452,"Cat_4",16,4961,"High"
4453,"Cat_27",72,3026,"High"
4454,"Cat_21",142,897,"Low"
4455,"Cat_1",172,2217,"Mid"
4456,"Cat_19",162,2911,"Mid"
4457,"Cat_11",1,2666,"Mid"
4458,"Cat_8",150,4132,"High"
4459,"Cat_4",50,4717,"High"
4460,"Cat_19",30,2256,"Mid"
4461,"Cat_21",17,2838,"Mid"
4462,"Cat_26",160,3102,"High"
4463,"Cat_29",194,1866,"Mid"
4464,"Cat_9",131,2997,"Mid"
4465,"Cat_20",73,1893,"Mid"
4466,"Cat_25",4,2339,"Mid"
4467,"Cat_10",40,4493,"High"
4468,"Cat_5",113,1710,"Mid"
4469,"Cat_25",46,4338,"High"
4470,"Cat_22",29,2184,"Mid"
4471,"Cat_19",78,2202,"Mid"
4472,"Cat_21",23,4537,"High"
4473,"Cat_2",18,3308,"High"
4474,"Cat_21",70,2015,"Mid"
4475,"Cat_8",173,1683,"Mid"
4476,"Cat_6",64,3508,"High"
4477,"Cat_1",123,1914,"Mid"
4478,"Cat_28",44,2295,"Mid"
4479,"Cat_26",164,1984,"Mid"
4480,"Cat_10",15,2232,"Mid"
4481,"Cat_29",198,1648,"Mid"
4482,"Cat_20",103,2685,"Mid"
4483,"Cat_12",53,572,"Low"
4484,"Cat_2",56,2234,"Mid"
4485,"Cat_18",197,605,"Low"
4486,"Cat_4",62,3798,"High"
4487,"Cat_7",66,111,"Low"
4488,"Cat_14",165,4979,"High"
4489,"Cat_20",66,755,"Low"
4490,"Cat_30",163,885,"Low"
4491,"Cat_10",147,2721,"Mid"
4492,"Cat_16",125,2195,"Mid"
4493,"Cat_21",165,3510,"High"
4494,"Cat_10",186,4009,"High"
4495,"Cat_20",147,4579,"High"
4496,"Cat_25",141,3432,"High"
4497,"Cat_29",163,1682,"Mid"
4498,"Cat_19",171,2135,"Mid"
4499,"Cat_16",106,622,"Low"
4500,"Cat_9",9,2919,"Mid"
4501,"Cat_13",17,2168,"Mid"
4502,"Cat_28",69,385,"Low"
4503,"Cat_9",153,3311,"High"
4504,"Cat_14",68,1454,"Mid"
4505,"Cat_28",43,1577,"Mid"
4506,"Cat_10",186,1324,"Mid"
4507,"Cat_3",194,1367,"Mid"
4508,"Cat_24",184,3581,"High"
4509,"Cat_11",116,126,"Low"
4510,"Cat_2",57,3451,"High"
4511,"Cat_26",196,2983,"Mid"
4512,"Cat_16",113,637,"Low"
4513,"Cat_16",39,1697,"Mid"
4514,"Cat_30",66,2886,"Mid"
4515,"Cat_27",31,4281,"High"
4516,"Cat_21",48,1303,"Mid"
4517,"Cat_30",138,3917,"High"
4518,"Cat_24",43,1158,"Mid"
4519,"Cat_20",3,1603,"Mid"
4520,"Cat_10",76,3783,"High"
4521,"Cat_15",62,1865,"Mid"
4522,"Cat_20",18,2155,"Mid"
4523,"Cat_19",30,3784,"High"
4524,"Cat_19",57,2262,"Mid"
4525,"Cat_20",107,1510,"Mid"
4526,"Cat_24",137,3026,"High"
4527,"Cat_11",30,243,"Low"
4528,"Cat_9",12,1212,"Mid"
4529,"Cat_19",77,1613,"Mid"
4530,"Cat_18",71,3440,"High"
4531,"Cat_1",197,2463,"Mid"
4532,"Cat_28",182,3760,"High"
4533,"Cat_10",14,2693,"Mid"
4534,"Cat_17",67,2506,"Mid"
4535,"Cat_9",33,966,"Low"
4536,"Cat_25",82,3159,"High"
4537,"Cat_5",54,4188,"High"
4538,"Cat_14",153,951,"Low"
4539,"Cat_5",5,1395,"Mid"
4540,"Cat_25",119,2956,"Mid"
4541,"Cat_3",126,293,"Low"
4542,"Cat_29",141,691,"Low"
4543,"Cat_19",184,1091,"Mid"
4544,"Cat_10",66,3637,"High"
4545,"Cat_22",165,4256,"High"
4546,"Cat_1",99,440,"Low"
4547,"Cat_18",182,3324,"High"
4548,"Cat_16",30,4531,"High"
4549,"Cat_15",184,1731,"Mid"
4550,"Cat_29",184,202,"Low"
4551,"Cat_9",15,4570,"High"
4552,"Cat_21",94,3685,"High"
4553,"Cat_8",72,1528,"Mid"
4554,"Cat_8",128,4983,"High"
4555,"Cat_11",70,760,"Low"
4556,"Cat_28",93,3730,"High"
4557,"Cat_24",78,4320,"High"
4558,"Cat_19",91,2549,"Mid"
4559,"Cat_4",99,3300,"High"
4560,"Cat_9",189,582,"Low"
4561,"Cat_3",76,1946,"Mid"
4562,"Cat_27",187,4717,"High"
4563,"Cat_25",178,1943,"Mid"
4564,"Cat_21",8,4387,"High"
4565,"Cat_14",30,911,"Low"
4566,"Cat_1",184,4923,"High"
4567,"Cat_16",25,2002,"Mid"
4568,"Cat_9",155,4789,"High"
4569,"Cat_9",109,1670,"Mid"
4570,"Cat_4",55,2881,"Mid"
4571,"Cat_7",140,171,"Low"
4572,"Cat_13",20,1647,"Mid"
4573,"Cat_3",84,1455,"Mid"
4574,"Cat_22",43,2736,"Mid"
4575,"Cat_11",31,3927,"High"
4576,"Cat_12",88,243,"Low"
4577,"Cat_5",175,1726,"Mid"
4578,"Cat_7",172,311,"Low"
4579,"Cat_10",61,4732,"High"
4580,"Cat_6",191,4240,"High"
4581,"Cat_22",174,3867,"High"
4582,"Cat_3",189,3770,"High"
4583,"Cat_18",184,2808,"Mid"
4584,"Cat_18",185,3144,"High"
4585,"Cat_30",71,1942,"Mid"
4586,"Cat_3",149,3344,"High"
4587,"Cat_30",156,140,"Low"
4588,"Cat_10",27,1769,"Mid"
4589,"Cat_1",54,2910,"Mid"
4590,"Cat_4",166,4606,"High"
4591,"Cat_2",82,2591,"Mid"
4592,"Cat_8",64,3900,"High"
4593,"Cat_29",28,1064,"Mid"
4594,"Cat_13",17,2622,"Mid"
4595,"Cat_25",97,4001,"High"
4596,"Cat_16",169,4383,"High"
4597,"Cat_14",171,3513,"High"
4598,"Cat_14",45,3091,"High"
4599,"Cat_2",143,792,"Low"
4600,"Cat_18",120,4543,"High"
4601,"Cat_25",165,4813,"High"
4602,"Cat_2",34,4555,"High"
4603,"Cat_17",113,111,"Low"
4604,"Cat_23",120,2055,"Mid"
4605,"Cat_17",2,2435,"Mid"
4606,"Cat_10",120,2455,"Mid"
4607,"Cat_23",148,1202,"Mid"
4608,"Cat_17",10,2797,"Mid"
4609,"Cat_23",103,766,"Low"
4610,"Cat_4",60,1699,"Mid"
4611,"Cat_15",194,4795,"High"
4612,"Cat_14",172,1692,"Mid"
4613,"Cat_4",89,4503,"High"
4614,"Cat_1",27,3386,"High"
4615,"Cat_6",124,1045,"Mid"
4616,"Cat_2",185,4742,"High"
4617,"Cat_22",102,1196,"Mid"
4618,"Cat_29",109,676,"Low"
4619,"Cat_24",76,3149,"High"
4620,"Cat_13",38,2694,"Mid"
4621,"Cat_11",34,1566,"Mid"
4622,"Cat_29",58,4193,"High"
4623,"Cat_16",163,656,"Low"
4624,"Cat_21",89,946,"Low"
4625,"Cat_10",146,3173,"High"
4626,"Cat_16",84,2272,"Mid"
4627,"Cat_25",109,1448,"Mid"
4628,"Cat_29",75,2604,"Mid"
4629,"Cat_10",170,4019,"High"
4630,"Cat_12",184,4759,"High"
4631,"Cat_7",58,1142,"Mid"
4632,"Cat_14",96,2052,"Mid"
4633,"Cat_14",42,268,"Low"
4634,"Cat_6",4,2354,"Mid"
4635,"Cat_5",172,1666,"Mid"
4636,"Cat_15",155,3736,"High"
4637,"Cat_24",120,4189,"High"
4638,"Cat_30",108,2670,"Mid"
4639,"Cat_11",66,3840,"High"
4640,"Cat_19",181,4548,"High"
4641,"Cat_24",104,2031,"Mid"
4642,"Cat_3",1,441,"Low"
4643,"Cat_28",184,1177,"Mid"
4644,"Cat_29",163,199,"Low"
4645,"Cat_3",134,1706,"Mid"
4646,"Cat_12",5,2328,"Mid"
4647,"Cat_28",7,2850,"Mid"
4648,"Cat_23",157,3759,"High"
4649,"Cat_7",139,692,"Low"
4650,"Cat_10",153,735,"Low"
4651,"Cat_4",18,1251,"Mid"
4652,"Cat_25",174,1117,"Mid"
4653,"Cat_20",177,1103,"Mid"
4654,"Cat_3",76,1624,"Mid"
4655,"Cat_14",61,428,"Low"
4656,"Cat_27",12,2951,"Mid"
4657,"Cat_13",27,355,"Low"
4658,"Cat_15",124,4237,"High"
4659,"Cat_22",22,826,"Low"
4660,"Cat_21",12,4355,"High"
4661,"Cat_24",93,2610,"Mid"
4662,"Cat_20",110,2022,"Mid"
4663,"Cat_7",103,3632,"High"
4664,"Cat_23",48,2864,"Mid"
4665,"Cat_29",85,4118,"High"
4666,"Cat_1",77,4212,"High"
4667,"Cat_4",136,1067,"Mid"
4668,"Cat_24",90,2997,"Mid"
4669,"Cat_18",189,2353,"Mid"
4670,"Cat_24",35,898,"Low"
4671,"Cat_12",53,4200,"High"
4672,"Cat_6",162,293,"Low"
4673,"Cat_20",65,1520,"Mid"
4674,"Cat_1",11,1209,"Mid"
4675,"Cat_24",183,4723,"High"
4676,"Cat_28",19,4325,"High"
4677,"Cat_28",91,581,"Low"
4678,"Cat_15",66,1466,"Mid"
4679,"Cat_20",179,3497,"High"
4680,"Cat_5",191,2532,"Mid"
4681,"Cat_7",194,4117,"High"
4682,"Cat_23",170,3059,"High"
4683,"Cat_29",175,1378,"Mid"
4684,"Cat_26",185,4420,"High"
4685,"Cat_27",30,1392,"Mid"
4686,"Cat_15",136,4410,"High"
4687,"Cat_24",192,2479,"Mid"
4688,"Cat_6",34,1891,"Mid"
4689,"Cat_3",96,329,"Low"
4690,"Cat_14",58,488,"Low"
4691,"Cat_7",67,4324,"High"
4692,"Cat_14",66,1502,"Mid"
4693,"Cat_9",165,1531,"Mid"
4694,"Cat_27",191,2345,"Mid"
4695,"Cat_16",103,207,"Low"
4696,"Cat_23",101,3957,"High"
4697,"Cat_6",72,2655,"Mid"
4698,"Cat_28",29,2933,"Mid"
4699,"Cat_12",157,556,"Low"
4700,"Cat_11",37,4734,"High"
4701,"Cat_1",29,4706,"High"
4702,"Cat_15",74,1019,"Mid"
4703,"Cat_9",169,2426,"Mid"
4704,"Cat_23",174,3384,"High"
4705,"Cat_12",114,4164,"High"
4706,"Cat_13",4,2077,"Mid"
4707,"Cat_20",185,3223,"High"
4708,"Cat_27",1,4920,"High"
4709,"Cat_6",169,3573,"High"
4710,"Cat_10",76,4591,"High"
4711,"Cat_13",167,4165,"High"
4712,"Cat_24",65,3004,"High"
4713,"Cat_4",111,4662,"High"
4714,"Cat_23",184,1381,"Mid"
4715,"Cat_21",155,2708,"Mid"
4716,"Cat_22",81,4568,"High"
4717,"Cat_11",22,3943,"High"
4718,"Cat_27",165,3141,"High"
4719,"Cat_24",192,2746,"Mid"
4720,"Cat_7",13,314,"Low"
4721,"Cat_23",113,4473,"High"
4722,"Cat_11",21,2794,"Mid"
4723,"Cat_9",189,3622,"High"
4724,"Cat_21",117,4619,"High"
4725,"Cat_27",174,141,"Low"
4726,"Cat_19",160,1679,"Mid"
4727,"Cat_10",130,3491,"High"
4728,"Cat_21",42,4548,"High"
4729,"Cat_12",178,2298,"Mid"
4730,"Cat_5",63,383,"Low"
4731,"Cat_13",142,1923,"Mid"
4732,"Cat_14",144,3020,"High"
4733,"Cat_18",103,3582,"High"
4734,"Cat_7",100,192,"Low"
4735,"Cat_10",55,1318,"Mid"
4736,"Cat_23",169,2314,"Mid"
4737,"Cat_11",124,3810,"High"
4738,"Cat_24",49,4190,"High"
4739,"Cat_5",57,655,"Low"
4740,"Cat_26",160,477,"Low"
4741,"Cat_11",170,335,"Low"
4742,"Cat_1",44,2636,"Mid"
4743,"Cat_1",63,3541,"High"
4744,"Cat_10",137,4261,"High"
4745,"Cat_9",45,1687,"Mid"
4746,"Cat_20",1,4676,"High"
4747,"Cat_4",59,2061,"Mid"
4748,"Cat_22",185,3372,"High"
4749,"Cat_27",18,1500,"Mid"
4750,"Cat_11",188,1432,"Mid"
4751,"Cat_10",200,2137,"Mid"
4752,"Cat_8",89,1012,"Mid"
4753,"Cat_6",120,3688,"High"
4754,"Cat_26",40,2200,"Mid"
4755,"Cat_20",36,2141,"Mid"
4756,"Cat_14",117,4454,"High"
4757,"Cat_12",7,3297,"High"
4758,"Cat_12",127,4135,"High"
4759,"Cat_16",6,4971,"High"
4760,"Cat_26",42,4682,"High"
4761,"Cat_13",38,2729,"Mid"
4762,"Cat_19",90,3585,"High"
4763,"Cat_21",193,2294,"Mid"
4764,"Cat_6",69,4996,"High"
4765,"Cat_19",195,3090,"High"
4766,"Cat_4",147,974,"Low"
4767,"Cat_4",114,4293,"High"
4768,"Cat_30",33,1170,"Mid"
4769,"Cat_13",93,4063,"High"
4770,"Cat_1",47,1842,"Mid"
4771,"Cat_12",42,1573,"Mid"
4772,"Cat_24",129,371,"Low"
4773,"Cat_26",71,3264,"High"
4774,"Cat_20",66,3721,"High"
4775,"Cat_23",160,1164,"Mid"
4776,"Cat_9",109,2117,"Mid"
4777,"Cat_10",162,1351,"Mid"
4778,"Cat_12",131,2382,"Mid"
4779,"Cat_20",40,2802,"Mid"
4780,"Cat_30",150,1090,"Mid"
4781,"Cat_5",84,4131,"High"
4782,"Cat_12",16,1997,"Mid"
4783,"Cat_8",109,2959,"Mid"
4784,"Cat_23",144,1981,"Mid"
4785,"Cat_2",6,4484,"High"
4786,"Cat_21",21,2749,"Mid"
4787,"Cat_29",42,2065,"Mid"
4788,"Cat_18",49,4200,"High"
4789,"Cat_24",6,2101,"Mid"
4790,"Cat_25",173,1476,"Mid"
4791,"Cat_13",197,1541,"Mid"
4792,"Cat_5",13,755,"Low"
4793,"Cat_8",43,865,"Low"
4794,"Cat_8",149,1841,"Mid"
4795,"Cat_30",48,3024,"High"
4796,"Cat_15",6,2707,"Mid"
4797,"Cat_3",24,4618,"High"
4798,"Cat_19",2,1940,"Mid"
4799,"Cat_2",99,792,"Low"
4800,"Cat_3",110,2538,"Mid"
4801,"Cat_11",64,1755,"Mid"
4802,"Cat_10",165,2092,"Mid"
4803,"Cat_22",164,656,"Low"
4804,"Cat_22",157,1588,"Mid"
4805,"Cat_17",34,3135,"High"
4806,"Cat_4",114,4380,"High"
4807,"Cat_19",160,2564,"Mid"
4808,"Cat_2",94,4807,"High"
4809,"Cat_20",100,4600,"High"
4810,"Cat_16",75,4923,"High"
4811,"Cat_14",49,4463,"High"
4812,"Cat_16",160,4851,"High"
4813,"Cat_16",156,3361,"High"
4814,"Cat_29",66,1480,"Mid"
4815,"Cat_6",132,3828,"High"
4816,"Cat_14",12,2135,"Mid"
4817,"Cat_5",105,4128,"High"
4818,"Cat_28",129,2620,"Mid"
4819,"Cat_5",55,1503,"Mid"
4820,"Cat_18",56,3907,"High"
4821,"Cat_4",176,1239,"Mid"
4822,"Cat_22",15,1344,"Mid"
4823,"Cat_6",30,4619,"High"
4824,"Cat_20",75,3357,"High"
4825,"Cat_29",74,884,"Low"
4826,"Cat_29",62,2198,"Mid"
4827,"Cat_4",138,3628,"High"
4828,"Cat_14",69,1969,"Mid"
4829,"Cat_4",72,1035,"Mid"
4830,"Cat_30",186,3399,"High"
4831,"Cat_17",76,4316,"High"
4832,"Cat_17",74,4271,"High"
4833,"Cat_27",46,4791,"High"
4834,"Cat_28",15,2473,"Mid"
4835,"Cat_10",15,4321,"High"
4836,"Cat_17",164,3715,"High"
4837,"Cat_10",136,4461,"High"
4838,"Cat_14",11,2696,"Mid"
4839,"Cat_28",107,4742,"High"
4840,"Cat_22",80,1669,"Mid"
4841,"Cat_12",83,3024,"High"
4842,"Cat_26",58,3633,"High"
4843,"Cat_10",155,4034,"High"
4844,"Cat_4",139,2468,"Mid"
4845,"Cat_27",178,2124,"Mid"
4846,"Cat_19",38,3396,"High"
4847,"Cat_13",120,4943,"High"
4848,"Cat_15",166,2183,"Mid"
4849,"Cat_8",17,3458,"High"
4850,"Cat_5",142,1335,"Mid"
4851,"Cat_17",8,3586,"High"
4852,"Cat_14",93,3734,"High"
4853,"Cat_24",126,2479,"Mid"
4854,"Cat_19",142,3353,"High"
4855,"Cat_7",112,3635,"High"
4856,"Cat_16",184,670,"Low"
4857,"Cat_15",147,2732,"Mid"
4858,"Cat_10",79,159,"Low"
4859,"Cat_23",6,4830,"High"
4860,"Cat_26",64,1251,"Mid"
4861,"Cat_9",163,4168,"High"
4862,"Cat_28",74,2333,"Mid"
4863,"Cat_24",164,1071,"Mid"
4864,"Cat_14",118,4616,"High"
4865,"Cat_25",120,3948,"High"
4866,"Cat_17",153,4197,"High"
4867,"Cat_26",196,2279,"Mid"
4868,"Cat_15",170,868,"Low"
4869,"Cat_21",20,3337,"High"
4870,"Cat_5",84,468,"Low"
4871,"Cat_25",110,4215,"High"
4872,"Cat_1",34,210,"Low"
4873,"Cat_9",2,3424,"High"
4874,"Cat_16",56,2031,"Mid"
4875,"Cat_8",89,825,"Low"
4876,"Cat_1",185,3987,"High"
4877,"Cat_29",125,1578,"Mid"
4878,"Cat_2",76,3802,"High"
4879,"Cat_21",32,1437,"Mid"
4880,"Cat_15",68,1189,"Mid"
4881,"Cat_29",130,2908,"Mid"
4882,"Cat_30",171,271,"Low"
4883,"Cat_26",179,795,"Low"
4884,"Cat_12",90,3539,"High"
4885,"Cat_4",138,959,"Low"
4886,"Cat_3",44,2721,"Mid"
4887,"Cat_5",48,2032,"Mid"
4888,"Cat_24",23,1498,"Mid"
4889,"Cat_5",200,1160,"Mid"
4890,"Cat_9",28,1073,"Mid"
4891,"Cat_16",154,581,"Low"
4892,"Cat_9",141,1403,"Mid"
4893,"Cat_18",104,860,"Low"
4894,"Cat_29",132,4282,"High"
4895,"Cat_30",53,3256,"High"
4896,"Cat_16",163,2611,"Mid"
4897,"Cat_23",141,3727,"High"
4898,"Cat_2",58,1260,"Mid"
4899,"Cat_4",83,3958,"High"
4900,"Cat_2",107,3021,"High"
4901,"Cat_2",16,1583,"Mid"
4902,"Cat_18",144,4692,"High"
4903,"Cat_18",104,2388,"Mid"
4904,"Cat_9",166,1509,"Mid"
4905,"Cat_22",93,1198,"Mid"
4906,"Cat_6",157,3266,"High"
4907,"Cat_4",128,3487,"High"
4908,"Cat_15",125,2607,"Mid"
4909,"Cat_30",157,674,"Low"
4910,"Cat_2",196,3818,"High"
4911,"Cat_26",78,3858,"High"
4912,"Cat_17",112,4763,"High"
4913,"Cat_19",120,4049,"High"
4914,"Cat_3",188,4412,"High"
4915,"Cat_12",79,894,"Low"
4916,"Cat_22",111,375,"Low"
4917,"Cat_21",96,783,"Low"
4918,"Cat_20",94,3807,"High"
4919,"Cat_6",189,217,"Low"
4920,"Cat_29",183,3343,"High"
4921,"Cat_23",63,4757,"High"
4922,"Cat_9",199,3296,"High"
4923,"Cat_10",9,2241,"Mid"
4924,"Cat_13",128,3787,"High"
4925,"Cat_17",109,1014,"Mid"
4926,"Cat_26",140,1008,"Mid"
4927,"Cat_6",165,3703,"High"
4928,"Cat_12",124,2620,"Mid"
4929,"Cat_25",89,2135,"Mid"
4930,"Cat_8",65,964,"Low"
4931,"Cat_5",74,303,"Low"
4932,"Cat_24",74,4995,"High"
4933,"Cat_4",107,1657,"Mid"
4934,"Cat_26",165,822,"Low"
4935,"Cat_3",141,2042,"Mid"
4936,"Cat_4",188,2861,"Mid"
4937,"Cat_17",73,657,"Low"
4938,"Cat_3",198,3900,"High"
4939,"Cat_16",176,1382,"Mid"
4940,"Cat_15",13,615,"Low"
4941,"Cat_13",84,3565,"High"
4942,"Cat_4",157,4343,"High"
4943,"Cat_28",158,2406,"Mid"
4944,"Cat_12",78,1614,"Mid"
4945,"Cat_23",97,1754,"Mid"
4946,"Cat_25",155,1222,"Mid"
4947,"Cat_11",101,1590,"Mid"
4948,"Cat_6",34,1822,"Mid"
4949,"Cat_23",126,790,"Low"
4950,"Cat_26",186,1440,"Mid"
4951,"Cat_27",65,1824,"Mid"
4952,"Cat_7",198,1339,"Mid"
4953,"Cat_23",107,2622,"Mid"
4954,"Cat_5",173,3308,"High"
4955,"Cat_19",46,3951,"High"
4956,"Cat_8",193,2806,"Mid"
4957,"Cat_11",5,603,"Low"
4958,"Cat_28",97,523,"Low"
4959,"Cat_11",188,2528,"Mid"
4960,"Cat_30",162,4203,"High"
4961,"Cat_11",67,1037,"Mid"
4962,"Cat_29",164,4454,"High"
4963,"Cat_8",167,4911,"High"
4964,"Cat_30",169,3556,"High"
4965,"Cat_26",20,1210,"Mid"
4966,"Cat_23",145,3770,"High"
4967,"Cat_18",23,1999,"Mid"
4968,"Cat_22",34,4090,"High"
4969,"Cat_29",87,4953,"High"
4970,"Cat_19",8,1103,"Mid"
4971,"Cat_10",150,1898,"Mid"
4972,"Cat_3",51,2882,"Mid"
4973,"Cat_9",72,4716,"High"
4974,"Cat_15",139,4351,"High"
4975,"Cat_7",6,3069,"High"
4976,"Cat_6",93,2703,"Mid"
4977,"Cat_3",79,4581,"High"
4978,"Cat_1",78,3616,"High"
4979,"Cat_23",141,2672,"Mid"
4980,"Cat_30",38,1843,"Mid"
4981,"Cat_20",129,3825,"High"
4982,"Cat_30",104,2869,"Mid"
4983,"Cat_29",187,3352,"High"
4984,"Cat_5",187,1906,"Mid"
4985,"Cat_21",92,591,"Low"
4986,"Cat_3",120,1498,"Mid"
4987,"Cat_27",64,3224,"High"
4988,"Cat_20",81,258,"Low"
4989,"Cat_15",64,3773,"High"
4990,"Cat_26",49,2366,"Mid"
4991,"Cat_19",93,1218,"Mid"
4992,"Cat_1",194,4438,"High"
4993,"Cat_18",124,2770,"Mid"
4994,"Cat_20",167,4799,"High"
4995,"Cat_26",74,2757,"Mid"
4996,"Cat_24",65,3807,"High"
4997,"Cat_17",63,1636,"Mid"
4998,"Cat_13",151,1240,"Mid"
4999,"Cat_12",133,1439,"Mid"
5000,"Cat_27",179,4286,"High"
5001,"Cat_1",148,1407,"Mid"
5002,"Cat_23",58,1778,"Mid"
5003,"Cat_17",11,1473,"Mid"
5004,"Cat_3",39,733,"Low"
5005,"Cat_9",74,4272,"High"
5006,"Cat_23",107,3888,"High"
5007,"Cat_30",29,911,"Low"
5008,"Cat_20",31,3591,"High"
5009,"Cat_6",59,3720,"High"
5010,"Cat_2",98,619,"Low"
5011,"Cat_4",181,415,"Low"
5012,"Cat_12",7,4585,"High"
5013,"Cat_1",54,4621,"High"
5014,"Cat_29",165,1498,"Mid"
5015,"Cat_10",56,1906,"Mid"
5016,"Cat_22",116,1566,"Mid"
5017,"Cat_9",147,4582,"High"
5018,"Cat_15",77,871,"Low"
5019,"Cat_16",8,4742,"High"
5020,"Cat_21",175,3409,"High"
5021,"Cat_27",168,2758,"Mid"
5022,"Cat_27",50,1952,"Mid"
5023,"Cat_6",17,2915,"Mid"
5024,"Cat_7",129,659,"Low"
5025,"Cat_18",44,4803,"High"
5026,"Cat_14",137,2725,"Mid"
5027,"Cat_23",92,2376,"Mid"
5028,"Cat_28",92,2533,"Mid"
5029,"Cat_24",174,2490,"Mid"
5030,"Cat_2",184,4199,"High"
5031,"Cat_11",193,4242,"High"
5032,"Cat_28",162,4509,"High"
5033,"Cat_10",151,1931,"Mid"
5034,"Cat_9",144,642,"Low"
5035,"Cat_11",183,4649,"High"
5036,"Cat_9",131,1271,"Mid"
5037,"Cat_20",101,2316,"Mid"
5038,"Cat_27",26,4980,"High"
5039,"Cat_28",24,1472,"Mid"
5040,"Cat_22",79,3555,"High"
5041,"Cat_8",196,1248,"Mid"
5042,"Cat_19",46,2423,"Mid"
5043,"Cat_24",179,3548,"High"
5044,"Cat_15",176,1513,"Mid"
5045,"Cat_11",76,2206,"Mid"
5046,"Cat_13",19,2412,"Mid"
5047,"Cat_27",111,1584,"Mid"
5048,"Cat_8",179,1463,"Mid"
5049,"Cat_26",48,478,"Low"
5050,"Cat_25",148,1179,"Mid"
5051,"Cat_28",120,3128,"High"
5052,"Cat_22",34,4614,"High"
5053,"Cat_21",157,4233,"High"
5054,"Cat_9",145,1987,"Mid"
5055,"Cat_14",14,850,"Low"
5056,"Cat_25",191,2261,"Mid"
5057,"Cat_27",147,4298,"High"
5058,"Cat_27",157,4727,"High"
5059,"Cat_3",5,1961,"Mid"
5060,"Cat_11",25,4884,"High"
5061,"Cat_11",84,1207,"Mid"
5062,"Cat_2",120,4453,"High"
5063,"Cat_25",181,2984,"Mid"
5064,"Cat_11",13,4446,"High"
5065,"Cat_1",27,2136,"Mid"
5066,"Cat_26",11,4929,"High"
5067,"Cat_8",3,3628,"High"
5068,"Cat_2",175,753,"Low"
5069,"Cat_20",74,3673,"High"
5070,"Cat_28",72,2694,"Mid"
5071,"Cat_1",68,760,"Low"
5072,"Cat_1",38,1817,"Mid"
5073,"Cat_16",15,2502,"Mid"
5074,"Cat_18",1,2428,"Mid"
5075,"Cat_23",192,1139,"Mid"
5076,"Cat_27",88,2329,"Mid"
5077,"Cat_5",28,445,"Low"
5078,"Cat_1",54,4019,"High"
5079,"Cat_10",119,3614,"High"
5080,"Cat_28",3,4980,"High"
5081,"Cat_6",168,2051,"Mid"
5082,"Cat_5",59,2428,"Mid"
5083,"Cat_7",62,3397,"High"
5084,"Cat_9",155,4664,"High"
5085,"Cat_24",101,2645,"Mid"
5086,"Cat_18",121,3966,"High"
5087,"Cat_13",188,2527,"Mid"
5088,"Cat_3",160,3189,"High"
5089,"Cat_4",70,727,"Low"
5090,"Cat_25",165,1464,"Mid"
5091,"Cat_26",7,4890,"High"
5092,"Cat_11",83,2843,"Mid"
5093,"Cat_27",93,4247,"High"
5094,"Cat_16",149,3495,"High"
5095,"Cat_17",30,4319,"High"
5096,"Cat_3",108,303,"Low"
5097,"Cat_29",90,1475,"Mid"
5098,"Cat_18",45,1926,"Mid"
5099,"Cat_4",114,4623,"High"
5100,"Cat_18",91,3297,"High"
5101,"Cat_10",137,3554,"High"
5102,"Cat_4",195,1576,"Mid"
5103,"Cat_29",23,2501,"Mid"
5104,"Cat_23",107,4381,"High"
5105,"Cat_3",163,1928,"Mid"
5106,"Cat_8",20,203,"Low"
5107,"Cat_14",107,1207,"Mid"
5108,"Cat_18",58,141,"Low"
5109,"Cat_15",104,1995,"Mid"
5110,"Cat_12",44,3647,"High"
5111,"Cat_8",124,1241,"Mid"
5112,"Cat_17",133,361,"Low"
5113,"Cat_21",42,1281,"Mid"
5114,"Cat_23",50,855,"Low"
5115,"Cat_17",167,1484,"Mid"
5116,"Cat_29",168,1821,"Mid"
5117,"Cat_11",170,2290,"Mid"
5118,"Cat_26",190,2572,"Mid"
5119,"Cat_9",186,1352,"Mid"
5120,"Cat_4",144,3084,"High"
5121,"Cat_16",196,3059,"High"
5122,"Cat_9",13,3818,"High"
5123,"Cat_15",17,1458,"Mid"
5124,"Cat_16",119,3456,"High"
5125,"Cat_22",125,2842,"Mid"
5126,"Cat_12",162,1361,"Mid"
5127,"Cat_24",114,2543,"Mid"
5128,"Cat_5",165,1034,"Mid"
5129,"Cat_15",99,1710,"Mid"
5130,"Cat_18",24,1228,"Mid"
5131,"Cat_5",125,1805,"Mid"
5132,"Cat_24",106,3949,"High"
5133,"Cat_17",191,4618,"High"
5134,"Cat_16",44,2462,"Mid"
5135,"Cat_9",194,2709,"Mid"
5136,"Cat_27",59,3632,"High"
5137,"Cat_9",155,577,"Low"
5138,"Cat_29",135,2254,"Mid"
5139,"Cat_3",146,1698,"Mid"
5140,"Cat_16",140,4904,"High"
5141,"Cat_18",142,285,"Low"
5142,"Cat_9",142,4893,"High"
5143,"Cat_23",85,783,"Low"
5144,"Cat_16",13,3216,"High"
5145,"Cat_6",148,991,"Low"
5146,"Cat_26",132,1873,"Mid"
5147,"Cat_5",160,3254,"High"
5148,"Cat_6",88,2278,"Mid"
5149,"Cat_11",11,585,"Low"
5150,"Cat_22",72,3557,"High"
5151,"Cat_27",162,1603,"Mid"
5152,"Cat_29",91,2910,"Mid"
5153,"Cat_17",39,3690,"High"
5154,"Cat_2",175,3419,"High"
5155,"Cat_30",101,2832,"Mid"
5156,"Cat_8",82,4914,"High"
5157,"Cat_23",119,2688,"Mid"
5158,"Cat_5",7,4604,"High"
5159,"Cat_25",190,3531,"High"
5160,"Cat_30",45,4791,"High"
5161,"Cat_9",24,4511,"High"
5162,"Cat_29",99,3296,"High"
5163,"Cat_5",70,3952,"High"
5164,"Cat_21",152,4926,"High"
5165,"Cat_30",72,756,"Low"
5166,"Cat_20",52,1163,"Mid"
5167,"Cat_10",100,713,"Low"
5168,"Cat_11",106,3547,"High"
5169,"Cat_13",167,903,"Low"
5170,"Cat_18",172,1819,"Mid"
5171,"Cat_4",198,4678,"High"
5172,"Cat_29",105,3261,"High"
5173,"Cat_20",179,1084,"Mid"
5174,"Cat_4",180,1894,"Mid"
5175,"Cat_21",88,362,"Low"
5176,"Cat_15",145,3507,"High"
5177,"Cat_27",173,2262,"Mid"
5178,"Cat_13",1,1316,"Mid"
5179,"Cat_22",166,4800,"High"
5180,"Cat_30",11,347,"Low"
5181,"Cat_17",84,4139,"High"
5182,"Cat_29",50,4852,"High"
5183,"Cat_8",196,3146,"High"
5184,"Cat_12",144,3941,"High"
5185,"Cat_12",79,4603,"High"
5186,"Cat_25",163,993,"Low"
5187,"Cat_26",173,3748,"High"
5188,"Cat_10",180,4830,"High"
5189,"Cat_10",151,4898,"High"
5190,"Cat_7",103,4775,"High"
5191,"Cat_12",167,4517,"High"
5192,"Cat_18",84,3097,"High"
5193,"Cat_27",131,761,"Low"
5194,"Cat_21",43,2465,"Mid"
5195,"Cat_26",30,2966,"Mid"
5196,"Cat_21",142,691,"Low"
5197,"Cat_9",112,3958,"High"
5198,"Cat_13",171,1676,"Mid"
5199,"Cat_29",109,2897,"Mid"
5200,"Cat_12",175,2353,"Mid"
5201,"Cat_4",74,2380,"Mid"
5202,"Cat_28",33,2147,"Mid"
5203,"Cat_17",96,2563,"Mid"
5204,"Cat_14",68,3300,"High"
5205,"Cat_27",21,255,"Low"
5206,"Cat_28",99,4196,"High"
5207,"Cat_2",50,4206,"High"
5208,"Cat_10",25,4828,"High"
5209,"Cat_22",112,3808,"High"
5210,"Cat_29",166,2304,"Mid"
5211,"Cat_5",18,1660,"Mid"
5212,"Cat_19",21,2216,"Mid"
5213,"Cat_30",181,4561,"High"
5214,"Cat_23",3,4199,"High"
5215,"Cat_16",154,4306,"High"
5216,"Cat_13",93,3391,"High"
5217,"Cat_27",65,2380,"Mid"
5218,"Cat_8",180,2865,"Mid"
5219,"Cat_12",30,4397,"High"
5220,"Cat_3",113,2113,"Mid"
5221,"Cat_11",76,159,"Low"
5222,"Cat_18",102,1846,"Mid"
5223,"Cat_29",175,2140,"Mid"
5224,"Cat_18",40,2682,"Mid"
5225,"Cat_18",95,2245,"Mid"
5226,"Cat_8",79,2066,"Mid"
5227,"Cat_27",97,3680,"High"
5228,"Cat_7",56,2728,"Mid"
5229,"Cat_24",79,4073,"High"
5230,"Cat_1",177,853,"Low"
5231,"Cat_16",158,921,"Low"
5232,"Cat_30",102,134,"Low"
5233,"Cat_1",140,362,"Low"
5234,"Cat_5",54,1869,"Mid"
5235,"Cat_30",105,193,"Low"
5236,"Cat_3",131,2445,"Mid"
5237,"Cat_7",112,1118,"Mid"
5238,"Cat_30",16,3289,"High"
5239,"Cat_21",30,421,"Low"
5240,"Cat_3",14,3695,"High"
5241,"Cat_3",173,3157,"High"
5242,"Cat_9",82,972,"Low"
5243,"Cat_20",84,1994,"Mid"
5244,"Cat_6",153,1040,"Mid"
5245,"Cat_14",9,3554,"High"
5246,"Cat_26",19,1156,"Mid"
5247,"Cat_11",37,3046,"High"
5248,"Cat_23",91,1622,"Mid"
5249,"Cat_7",128,2421,"Mid"
5250,"Cat_26",7,3372,"High"
5251,"Cat_3",149,577,"Low"
5252,"Cat_7",52,267,"Low"
5253,"Cat_10",44,3159,"High"
5254,"Cat_6",144,3464,"High"
5255,"Cat_9",56,4762,"High"
5256,"Cat_11",27,981,"Low"
5257,"Cat_14",107,2465,"Mid"
5258,"Cat_22",96,253,"Low"
5259,"Cat_20",186,4685,"High"
5260,"Cat_8",58,3618,"High"
5261,"Cat_11",118,4804,"High"
5262,"Cat_7",92,4368,"High"
5263,"Cat_29",71,4039,"High"
5264,"Cat_13",136,2478,"Mid"
5265,"Cat_9",93,1930,"Mid"
5266,"Cat_26",139,4533,"High"
5267,"Cat_4",122,3840,"High"
5268,"Cat_26",18,1543,"Mid"
5269,"Cat_22",171,2650,"Mid"
5270,"Cat_30",22,672,"Low"
5271,"Cat_9",118,966,"Low"
5272,"Cat_28",177,1880,"Mid"
5273,"Cat_19",54,2719,"Mid"
5274,"Cat_11",183,2100,"Mid"
5275,"Cat_21",156,124,"Low"
5276,"Cat_11",70,4928,"High"
5277,"Cat_15",63,3809,"High"
5278,"Cat_5",99,2511,"Mid"
5279,"Cat_29",116,2326,"Mid"
5280,"Cat_21",195,2620,"Mid"
5281,"Cat_7",111,2238,"Mid"
5282,"Cat_6",69,4901,"High"
5283,"Cat_30",30,1141,"Mid"
5284,"Cat_8",61,4190,"High"
5285,"Cat_15",133,4943,"High"
5286,"Cat_13",149,3965,"High"
5287,"Cat_23",3,2677,"Mid"
5288,"Cat_28",174,1041,"Mid"
5289,"Cat_4",123,1954,"Mid"
5290,"Cat_29",133,493,"Low"
5291,"Cat_28",123,2598,"Mid"
5292,"Cat_15",52,2366,"Mid"
5293,"Cat_26",61,1566,"Mid"
5294,"Cat_25",27,982,"Low"
5295,"Cat_19",134,2988,"Mid"
5296,"Cat_11",125,3584,"High"
5297,"Cat_19",110,1404,"Mid"
5298,"Cat_26",167,1286,"Mid"
5299,"Cat_26",13,107,"Low"
5300,"Cat_17",112,4684,"High"
5301,"Cat_29",126,478,"Low"
5302,"Cat_22",166,1049,"Mid"
5303,"Cat_10",84,3115,"High"
5304,"Cat_14",39,966,"Low"
5305,"Cat_26",34,1566,"Mid"
5306,"Cat_8",172,812,"Low"
5307,"Cat_26",60,4530,"High"
5308,"Cat_4",8,1737,"Mid"
5309,"Cat_23",168,776,"Low"
5310,"Cat_7",44,4341,"High"
5311,"Cat_10",51,3651,"High"
5312,"Cat_22",132,3100,"High"
5313,"Cat_18",183,3828,"High"
5314,"Cat_4",42,700,"Low"
5315,"Cat_11",97,1308,"Mid"
5316,"Cat_6",188,3400,"High"
5317,"Cat_19",183,136,"Low"
5318,"Cat_5",177,614,"Low"
5319,"Cat_27",72,3695,"High"
5320,"Cat_8",68,1510,"Mid"
5321,"Cat_27",165,2607,"Mid"
5322,"Cat_7",127,1534,"Mid"
5323,"Cat_27",7,593,"Low"
5324,"Cat_15",55,2362,"Mid"
5325,"Cat_18",166,1510,"Mid"
5326,"Cat_16",4,3248,"High"
5327,"Cat_25",24,1369,"Mid"
5328,"Cat_28",77,3484,"High"
5329,"Cat_24",49,4454,"High"
5330,"Cat_6",52,1363,"Mid"
5331,"Cat_12",63,1337,"Mid"
5332,"Cat_6",170,3782,"High"
5333,"Cat_7",61,348,"Low"
5334,"Cat_18",56,1764,"Mid"
5335,"Cat_2",163,4924,"High"
5336,"Cat_2",146,4416,"High"
5337,"Cat_8",65,2120,"Mid"
5338,"Cat_18",10,2343,"Mid"
5339,"Cat_18",179,1977,"Mid"
5340,"Cat_8",112,3147,"High"
5341,"Cat_12",56,4214,"High"
5342,"Cat_8",169,4725,"High"
5343,"Cat_16",152,1142,"Mid"
5344,"Cat_22",39,1586,"Mid"
5345,"Cat_17",115,4239,"High"
5346,"Cat_8",6,3377,"High"
5347,"Cat_19",59,2079,"Mid"
5348,"Cat_8",125,552,"Low"
5349,"Cat_13",168,589,"Low"
5350,"Cat_12",149,1397,"Mid"
5351,"Cat_11",169,2817,"Mid"
5352,"Cat_23",197,1634,"Mid"
5353,"Cat_12",183,2165,"Mid"
5354,"Cat_2",14,1790,"Mid"
5355,"Cat_19",68,3780,"High"
5356,"Cat_13",37,1311,"Mid"
5357,"Cat_30",100,4041,"High"
5358,"Cat_6",199,3400,"High"
5359,"Cat_8",150,4225,"High"
5360,"Cat_6",125,2990,"Mid"
5361,"Cat_17",32,2673,"Mid"
5362,"Cat_20",76,2986,"Mid"
5363,"Cat_9",186,3359,"High"
5364,"Cat_12",180,1506,"Mid"
5365,"Cat_25",122,2308,"Mid"
5366,"Cat_11",34,2572,"Mid"
5367,"Cat_10",152,1061,"Mid"
5368,"Cat_19",86,3366,"High"
5369,"Cat_6",111,904,"Low"
5370,"Cat_5",134,662,"Low"
5371,"Cat_30",124,4362,"High"
5372,"Cat_15",7,3025,"High"
5373,"Cat_11",119,1894,"Mid"
5374,"Cat_26",21,2448,"Mid"
5375,"Cat_28",35,3795,"High"
5376,"Cat_7",128,2839,"Mid"
5377,"Cat_19",87,787,"Low"
5378,"Cat_23",133,274,"Low"
5379,"Cat_9",21,514,"Low"
5380,"Cat_3",137,3905,"High"
5381,"Cat_18",150,1966,"Mid"
5382,"Cat_25",62,3085,"High"
5383,"Cat_25",31,3226,"High"
5384,"Cat_29",28,2351,"Mid"
5385,"Cat_24",1,2283,"Mid"
5386,"Cat_14",2,1776,"Mid"
5387,"Cat_8",112,4864,"High"
5388,"Cat_18",100,2308,"Mid"
5389,"Cat_13",96,2024,"Mid"
5390,"Cat_17",91,2549,"Mid"
5391,"Cat_12",80,2537,"Mid"
5392,"Cat_22",158,3756,"High"
5393,"Cat_12",148,1889,"Mid"
5394,"Cat_2",50,1267,"Mid"
5395,"Cat_24",61,1731,"Mid"
5396,"Cat_6",67,1141,"Mid"
5397,"Cat_14",196,4847,"High"
5398,"Cat_28",30,482,"Low"
5399,"Cat_26",125,3586,"High"
5400,"Cat_4",196,3917,"High"
5401,"Cat_7",141,1982,"Mid"
5402,"Cat_28",11,4722,"High"
5403,"Cat_18",5,973,"Low"
5404,"Cat_30",104,1509,"Mid"
5405,"Cat_9",140,3558,"High"
5406,"Cat_11",181,4797,"High"
5407,"Cat_4",157,4996,"High"
5408,"Cat_6",165,211,"Low"
5409,"Cat_26",148,563,"Low"
5410,"Cat_14",96,1033,"Mid"
5411,"Cat_11",113,4391,"High"
5412,"Cat_14",81,4906,"High"
5413,"Cat_18",195,3512,"High"
5414,"Cat_2",198,423,"Low"
5415,"Cat_2",76,3678,"High"
5416,"Cat_10",26,443,"Low"
5417,"Cat_24",45,4440,"High"
5418,"Cat_27",50,2409,"Mid"
5419,"Cat_25",196,2076,"Mid"
5420,"Cat_6",60,4957,"High"
5421,"Cat_27",95,4473,"High"
5422,"Cat_26",130,1810,"Mid"
5423,"Cat_17",8,3651,"High"
5424,"Cat_30",156,4609,"High"
5425,"Cat_7",170,1902,"Mid"
5426,"Cat_9",76,4188,"High"
5427,"Cat_24",100,209,"Low"
5428,"Cat_27",57,3825,"High"
5429,"Cat_14",45,4550,"High"
5430,"Cat_6",122,3494,"High"
5431,"Cat_7",58,4348,"High"
5432,"Cat_17",126,1094,"Mid"
5433,"Cat_26",27,3586,"High"
5434,"Cat_10",38,969,"Low"
5435,"Cat_25",48,412,"Low"
5436,"Cat_6",150,1312,"Mid"
5437,"Cat_12",137,351,"Low"
5438,"Cat_5",74,1833,"Mid"
5439,"Cat_1",34,464,"Low"
5440,"Cat_12",96,3148,"High"
5441,"Cat_12",8,556,"Low"
5442,"Cat_30",27,1370,"Mid"
5443,"Cat_12",51,3908,"High"
5444,"Cat_20",185,3670,"High"
5445,"Cat_1",115,2779,"Mid"
5446,"Cat_16",123,1632,"Mid"
5447,"Cat_20",119,1018,"Mid"
5448,"Cat_28",61,3320,"High"
5449,"Cat_4",159,772,"Low"
5450,"Cat_25",160,1931,"Mid"
5451,"Cat_14",4,991,"Low"
5452,"Cat_10",107,4697,"High"
5453,"Cat_10",149,1840,"Mid"
5454,"Cat_5",106,2025,"Mid"
5455,"Cat_10",67,3506,"High"
5456,"Cat_13",57,355,"Low"
5457,"Cat_1",107,4527,"High"
5458,"Cat_15",182,4229,"High"
5459,"Cat_9",61,314,"Low"
5460,"Cat_28",137,1668,"Mid"
5461,"Cat_6",50,1928,"Mid"
5462,"Cat_1",22,3043,"High"
5463,"Cat_15",155,1688,"Mid"
5464,"Cat_29",198,4866,"High"
5465,"Cat_16",109,3196,"High"
5466,"Cat_10",113,559,"Low"
5467,"Cat_16",197,4699,"High"
5468,"Cat_27",126,3032,"High"
5469,"Cat_22",184,1317,"Mid"
5470,"Cat_5",159,4351,"High"
5471,"Cat_10",200,3360,"High"
5472,"Cat_7",72,584,"Low"
5473,"Cat_12",109,2974,"Mid"
5474,"Cat_26",8,1159,"Mid"
5475,"Cat_5",162,4521,"High"
5476,"Cat_20",117,3297,"High"
5477,"Cat_21",6,3342,"High"
5478,"Cat_16",5,1070,"Mid"
5479,"Cat_9",170,3809,"High"
5480,"Cat_6",155,4394,"High"
5481,"Cat_3",200,755,"Low"
5482,"Cat_5",137,1702,"Mid"
5483,"Cat_29",96,2538,"Mid"
5484,"Cat_18",130,1866,"Mid"
5485,"Cat_13",94,432,"Low"
5486,"Cat_19",98,139,"Low"
5487,"Cat_21",123,988,"Low"
5488,"Cat_10",184,2838,"Mid"
5489,"Cat_26",179,4458,"High"
5490,"Cat_21",84,817,"Low"
5491,"Cat_18",82,4534,"High"
5492,"Cat_20",44,964,"Low"
5493,"Cat_22",146,3804,"High"
5494,"Cat_22",168,695,"Low"
5495,"Cat_17",66,147,"Low"
5496,"Cat_15",142,4317,"High"
5497,"Cat_13",19,263,"Low"
5498,"Cat_26",58,1525,"Mid"
5499,"Cat_20",89,4221,"High"
5500,"Cat_22",8,1056,"Mid"
5501,"Cat_5",96,151,"Low"
5502,"Cat_2",104,2654,"Mid"
5503,"Cat_8",70,4918,"High"
5504,"Cat_25",57,764,"Low"
5505,"Cat_20",134,1880,"Mid"
5506,"Cat_1",24,1207,"Mid"
5507,"Cat_1",166,3282,"High"
5508,"Cat_18",172,200,"Low"
5509,"Cat_20",150,3133,"High"
5510,"Cat_8",143,2720,"Mid"
5511,"Cat_15",19,4655,"High"
5512,"Cat_17",183,122,"Low"
5513,"Cat_13",120,1962,"Mid"
5514,"Cat_4",13,2698,"Mid"
5515,"Cat_23",74,407,"Low"
5516,"Cat_13",108,4000,"High"
5517,"Cat_17",198,4413,"High"
5518,"Cat_13",3,3775,"High"
5519,"Cat_5",2,2760,"Mid"
5520,"Cat_14",116,1201,"Mid"
5521,"Cat_25",161,4365,"High"
5522,"Cat_6",26,3872,"High"
5523,"Cat_23",120,4639,"High"
5524,"Cat_30",56,1515,"Mid"
5525,"Cat_7",53,4489,"High"
5526,"Cat_14",116,4474,"High"
5527,"Cat_2",176,1012,"Mid"
5528,"Cat_12",182,2385,"Mid"
5529,"Cat_24",165,588,"Low"
5530,"Cat_24",85,1894,"Mid"
5531,"Cat_4",107,4718,"High"
5532,"Cat_20",8,262,"Low"
5533,"Cat_21",139,3288,"High"
5534,"Cat_1",149,2401,"Mid"
5535,"Cat_30",166,3932,"High"
5536,"Cat_8",166,3660,"High"
5537,"Cat_15",149,3262,"High"
5538,"Cat_29",161,2565,"Mid"
5539,"Cat_21",18,1413,"Mid"
5540,"Cat_15",123,3609,"High"
5541,"Cat_18",147,3581,"High"
5542,"Cat_8",27,3291,"High"
5543,"Cat_6",188,621,"Low"
5544,"Cat_16",126,4386,"High"
5545,"Cat_26",64,3235,"High"
5546,"Cat_9",116,2606,"Mid"
5547,"Cat_2",39,1183,"Mid"
5548,"Cat_8",86,2614,"Mid"
5549,"Cat_10",156,1362,"Mid"
5550,"Cat_27",94,1577,"Mid"
5551,"Cat_14",15,2757,"Mid"
5552,"Cat_30",10,2301,"Mid"
5553,"Cat_8",196,1828,"Mid"
5554,"Cat_2",25,2042,"Mid"
5555,"Cat_30",94,1229,"Mid"
5556,"Cat_21",145,3061,"High"
5557,"Cat_22",192,4805,"High"
5558,"Cat_13",96,995,"Low"
5559,"Cat_6",57,4465,"High"
5560,"Cat_7",73,2850,"Mid"
5561,"Cat_2",56,2691,"Mid"
5562,"Cat_27",39,4181,"High"
5563,"Cat_7",94,246,"Low"
5564,"Cat_3",152,3887,"High"
5565,"Cat_24",143,4534,"High"
5566,"Cat_26",163,701,"Low"
5567,"Cat_13",3,3019,"High"
5568,"Cat_6",80,1784,"Mid"
5569,"Cat_11",200,1949,"Mid"
5570,"Cat_16",109,2696,"Mid"
5571,"Cat_15",41,3747,"High"
5572,"Cat_23",131,4449,"High"
5573,"Cat_9",168,1216,"Mid"
5574,"Cat_24",49,3067,"High"
5575,"Cat_26",12,2849,"Mid"
5576,"Cat_16",162,1730,"Mid"
5577,"Cat_5",15,2444,"Mid"
5578,"Cat_12",164,3391,"High"
5579,"Cat_25",102,4053,"High"
5580,"Cat_20",104,1194,"Mid"
5581,"Cat_16",168,1241,"Mid"
5582,"Cat_3",157,2199,"Mid"
5583,"Cat_9",34,4715,"High"
5584,"Cat_8",49,273,"Low"
5585,"Cat_25",137,3631,"High"
5586,"Cat_26",197,1562,"Mid"
5587,"Cat_29",73,3240,"High"
5588,"Cat_18",135,1878,"Mid"
5589,"Cat_1",108,859,"Low"
5590,"Cat_12",129,2980,"Mid"
5591,"Cat_4",6,3037,"High"
5592,"Cat_7",158,868,"Low"
5593,"Cat_3",13,2140,"Mid"
5594,"Cat_10",180,3323,"High"
5595,"Cat_11",140,1767,"Mid"
5596,"Cat_20",55,754,"Low"
5597,"Cat_25",67,2010,"Mid"
5598,"Cat_17",62,2948,"Mid"
5599,"Cat_30",129,2090,"Mid"
5600,"Cat_14",128,2938,"Mid"
5601,"Cat_2",16,2453,"Mid"
5602,"Cat_14",60,2089,"Mid"
5603,"Cat_24",168,1235,"Mid"
5604,"Cat_11",171,4271,"High"
5605,"Cat_24",39,4131,"High"
5606,"Cat_27",183,4223,"High"
5607,"Cat_22",96,1183,"Mid"
5608,"Cat_25",85,3718,"High"
5609,"Cat_26",190,1711,"Mid"
5610,"Cat_4",158,3049,"High"
5611,"Cat_16",141,1999,"Mid"
5612,"Cat_13",19,3821,"High"
5613,"Cat_5",30,473,"Low"
5614,"Cat_7",4,3420,"High"
5615,"Cat_21",11,1386,"Mid"
5616,"Cat_2",56,3577,"High"
5617,"Cat_5",67,2157,"Mid"
5618,"Cat_13",23,342,"Low"
5619,"Cat_24",73,1737,"Mid"
5620,"Cat_7",132,1923,"Mid"
5621,"Cat_20",31,818,"Low"
5622,"Cat_3",199,2930,"Mid"
5623,"Cat_15",80,4041,"High"
5624,"Cat_10",145,932,"Low"
5625,"Cat_27",9,1119,"Mid"
5626,"Cat_8",129,3971,"High"
5627,"Cat_24",152,3491,"High"
5628,"Cat_29",86,529,"Low"
5629,"Cat_20",156,1346,"Mid"
5630,"Cat_8",12,3513,"High"
5631,"Cat_28",78,2897,"Mid"
5632,"Cat_14",177,1576,"Mid"
5633,"Cat_14",50,2010,"Mid"
5634,"Cat_21",198,4815,"High"
5635,"Cat_3",174,3362,"High"
5636,"Cat_26",85,2743,"Mid"
5637,"Cat_7",153,179,"Low"
5638,"Cat_8",157,4302,"High"
5639,"Cat_11",177,4347,"High"
5640,"Cat_16",166,1938,"Mid"
5641,"Cat_30",6,1581,"Mid"
5642,"Cat_17",101,2116,"Mid"
5643,"Cat_14",113,1679,"Mid"
5644,"Cat_1",196,1238,"Mid"
5645,"Cat_22",163,1470,"Mid"
5646,"Cat_6",113,2232,"Mid"
5647,"Cat_26",158,519,"Low"
5648,"Cat_7",145,4457,"High"
5649,"Cat_7",153,4293,"High"
5650,"Cat_19",67,671,"Low"
5651,"Cat_12",73,3149,"High"
5652,"Cat_20",44,3230,"High"
5653,"Cat_4",188,1370,"Mid"
5654,"Cat_12",181,3835,"High"
5655,"Cat_22",159,2078,"Mid"
5656,"Cat_13",35,918,"Low"
5657,"Cat_24",45,3673,"High"
5658,"Cat_2",100,167,"Low"
5659,"Cat_3",139,3998,"High"
5660,"Cat_26",23,1713,"Mid"
5661,"Cat_26",165,2138,"Mid"
5662,"Cat_14",151,1536,"Mid"
5663,"Cat_17",40,4420,"High"
5664,"Cat_30",125,1087,"Mid"
5665,"Cat_28",129,1676,"Mid"
5666,"Cat_8",199,1397,"Mid"
5667,"Cat_13",1,3346,"High"
5668,"Cat_29",64,3486,"High"
5669,"Cat_29",48,4467,"High"
5670,"Cat_13",141,1730,"Mid"
5671,"Cat_3",182,2589,"Mid"
5672,"Cat_20",62,3107,"High"
5673,"Cat_8",150,227,"Low"
5674,"Cat_10",32,2959,"Mid"
5675,"Cat_15",107,2983,"Mid"
5676,"Cat_30",137,4099,"High"
5677,"Cat_26",170,4672,"High"
5678,"Cat_4",68,2033,"Mid"
5679,"Cat_11",136,3267,"High"
5680,"Cat_1",146,4312,"High"
5681,"Cat_15",171,1266,"Mid"
5682,"Cat_4",50,2881,"Mid"
5683,"Cat_16",106,2808,"Mid"
5684,"Cat_7",4,1529,"Mid"
5685,"Cat_2",192,4333,"High"
5686,"Cat_2",118,3246,"High"
5687,"Cat_14",123,3422,"High"
5688,"Cat_5",177,3908,"High"
5689,"Cat_22",114,2338,"Mid"
5690,"Cat_22",166,1367,"Mid"
5691,"Cat_11",119,1575,"Mid"
5692,"Cat_24",20,1375,"Mid"
5693,"Cat_20",12,912,"Low"
5694,"Cat_20",103,4831,"High"
5695,"Cat_1",157,2998,"Mid"
5696,"Cat_21",87,3912,"High"
5697,"Cat_3",70,2882,"Mid"
5698,"Cat_26",65,2379,"Mid"
5699,"Cat_1",34,3906,"High"
5700,"Cat_27",93,2709,"Mid"
5701,"Cat_9",1,3139,"High"
5702,"Cat_21",43,2827,"Mid"
5703,"Cat_20",45,4716,"High"
5704,"Cat_18",115,497,"Low"
5705,"Cat_14",75,1490,"Mid"
5706,"Cat_30",152,3057,"High"
5707,"Cat_19",164,1250,"Mid"
5708,"Cat_10",87,508,"Low"
5709,"Cat_7",194,4206,"High"
5710,"Cat_26",95,2764,"Mid"
5711,"Cat_17",65,3768,"High"
5712,"Cat_1",106,2572,"Mid"
5713,"Cat_8",24,2865,"Mid"
5714,"Cat_30",167,1247,"Mid"
5715,"Cat_10",189,3703,"High"
5716,"Cat_1",150,2564,"Mid"
5717,"Cat_1",55,881,"Low"
5718,"Cat_24",16,299,"Low"
5719,"Cat_2",18,138,"Low"
5720,"Cat_30",79,3062,"High"
5721,"Cat_2",196,3908,"High"
5722,"Cat_8",44,3042,"High"
5723,"Cat_10",11,4675,"High"
5724,"Cat_8",191,628,"Low"
5725,"Cat_7",55,4198,"High"
5726,"Cat_4",121,4575,"High"
5727,"Cat_23",149,4345,"High"
5728,"Cat_7",1,489,"Low"
5729,"Cat_3",103,4457,"High"
5730,"Cat_24",48,938,"Low"
5731,"Cat_25",150,4358,"High"
5732,"Cat_1",102,2559,"Mid"
5733,"Cat_8",9,4422,"High"
5734,"Cat_8",168,4304,"High"
5735,"Cat_29",150,1062,"Mid"
5736,"Cat_13",189,1408,"Mid"
5737,"Cat_11",71,112,"Low"
5738,"Cat_16",45,1458,"Mid"
5739,"Cat_1",92,4824,"High"
5740,"Cat_12",165,2510,"Mid"
5741,"Cat_9",158,4977,"High"
5742,"Cat_18",62,2818,"Mid"
5743,"Cat_3",190,2709,"Mid"
5744,"Cat_13",119,257,"Low"
5745,"Cat_25",119,2118,"Mid"
5746,"Cat_26",156,1169,"Mid"
5747,"Cat_28",133,3461,"High"
5748,"Cat_28",111,3467,"High"
5749,"Cat_1",84,1241,"Mid"
5750,"Cat_18",2,1864,"Mid"
5751,"Cat_10",14,4005,"High"
5752,"Cat_3",16,872,"Low"
5753,"Cat_4",132,1979,"Mid"
5754,"Cat_19",194,3678,"High"
5755,"Cat_10",104,1284,"Mid"
5756,"Cat_26",71,1230,"Mid"
5757,"Cat_8",183,3879,"High"
5758,"Cat_9",55,1985,"Mid"
5759,"Cat_17",71,256,"Low"
5760,"Cat_30",192,1653,"Mid"
5761,"Cat_23",140,2310,"Mid"
5762,"Cat_21",126,4787,"High"
5763,"Cat_1",63,1564,"Mid"
5764,"Cat_29",165,295,"Low"
5765,"Cat_1",29,1797,"Mid"
5766,"Cat_13",6,3999,"High"
5767,"Cat_14",76,1269,"Mid"
5768,"Cat_17",198,1501,"Mid"
5769,"Cat_12",46,3848,"High"
5770,"Cat_24",22,3827,"High"
5771,"Cat_13",80,3975,"High"
5772,"Cat_10",136,356,"Low"
5773,"Cat_6",93,2224,"Mid"
5774,"Cat_30",160,1607,"Mid"
5775,"Cat_29",64,3240,"High"
5776,"Cat_7",93,1736,"Mid"
5777,"Cat_27",103,1267,"Mid"
5778,"Cat_23",137,2867,"Mid"
5779,"Cat_1",66,3888,"High"
5780,"Cat_17",132,4371,"High"
5781,"Cat_2",82,3995,"High"
5782,"Cat_26",144,2778,"Mid"
5783,"Cat_2",132,3503,"High"
5784,"Cat_4",73,579,"Low"
5785,"Cat_7",112,626,"Low"
5786,"Cat_20",154,986,"Low"
5787,"Cat_1",69,3901,"High"
5788,"Cat_13",68,2067,"Mid"
5789,"Cat_23",100,3666,"High"
5790,"Cat_18",126,3005,"High"
5791,"Cat_24",148,556,"Low"
5792,"Cat_30",139,1135,"Mid"
5793,"Cat_25",59,4463,"High"
5794,"Cat_9",46,4099,"High"
5795,"Cat_6",18,1342,"Mid"
5796,"Cat_28",123,3246,"High"
5797,"Cat_29",110,1472,"Mid"
5798,"Cat_15",64,3337,"High"
5799,"Cat_3",167,3589,"High"
5800,"Cat_6",81,1460,"Mid"
5801,"Cat_17",135,1352,"Mid"
5802,"Cat_17",83,577,"Low"
5803,"Cat_9",167,664,"Low"
5804,"Cat_29",52,4776,"High"
5805,"Cat_14",85,2210,"Mid"
5806,"Cat_19",6,2188,"Mid"
5807,"Cat_25",12,2082,"Mid"
5808,"Cat_23",138,745,"Low"
5809,"Cat_5",140,2167,"Mid"
5810,"Cat_13",138,4300,"High"
5811,"Cat_9",183,1828,"Mid"
5812,"Cat_16",62,336,"Low"
5813,"Cat_23",124,178,"Low"
5814,"Cat_4",60,3618,"High"
5815,"Cat_28",60,1258,"Mid"
5816,"Cat_6",155,780,"Low"
5817,"Cat_29",140,3405,"High"
5818,"Cat_2",36,1143,"Mid"
5819,"Cat_23",134,3153,"High"
5820,"Cat_8",155,1128,"Mid"
5821,"Cat_2",2,440,"Low"
5822,"Cat_14",77,2359,"Mid"
5823,"Cat_2",34,4096,"High"
5824,"Cat_6",164,431,"Low"
5825,"Cat_4",123,3989,"High"
5826,"Cat_27",108,3433,"High"
5827,"Cat_28",43,3670,"High"
5828,"Cat_6",37,372,"Low"
5829,"Cat_6",18,2809,"Mid"
5830,"Cat_27",151,913,"Low"
5831,"Cat_5",189,3555,"High"
5832,"Cat_14",108,325,"Low"
5833,"Cat_21",126,3250,"High"
5834,"Cat_30",103,3542,"High"
5835,"Cat_1",158,3434,"High"
5836,"Cat_10",109,4032,"High"
5837,"Cat_11",147,4893,"High"
5838,"Cat_10",200,3308,"High"
5839,"Cat_3",133,1902,"Mid"
5840,"Cat_22",93,4818,"High"
5841,"Cat_4",18,2086,"Mid"
5842,"Cat_14",101,2733,"Mid"
5843,"Cat_28",110,3960,"High"
5844,"Cat_2",70,912,"Low"
5845,"Cat_20",106,3719,"High"
5846,"Cat_26",54,2554,"Mid"
5847,"Cat_29",165,1579,"Mid"
5848,"Cat_8",47,869,"Low"
5849,"Cat_5",66,1396,"Mid"
5850,"Cat_9",158,3693,"High"
5851,"Cat_21",18,723,"Low"
5852,"Cat_23",142,479,"Low"
5853,"Cat_22",141,2582,"Mid"
5854,"Cat_4",76,213,"Low"
5855,"Cat_17",21,1381,"Mid"
5856,"Cat_6",55,1723,"Mid"
5857,"Cat_5",134,1548,"Mid"
5858,"Cat_18",37,3420,"High"
5859,"Cat_27",47,2514,"Mid"
5860,"Cat_1",181,1993,"Mid"
5861,"Cat_27",167,1077,"Mid"
5862,"Cat_5",174,3327,"High"
5863,"Cat_29",45,3831,"High"
5864,"Cat_8",86,2055,"Mid"
5865,"Cat_17",97,3568,"High"
5866,"Cat_23",141,706,"Low"
5867,"Cat_16",198,1063,"Mid"
5868,"Cat_15",31,2190,"Mid"
5869,"Cat_3",71,376,"Low"
5870,"Cat_18",37,2832,"Mid"
5871,"Cat_6",72,3534,"High"
5872,"Cat_26",71,123,"Low"
5873,"Cat_1",113,736,"Low"
5874,"Cat_17",78,893,"Low"
5875,"Cat_8",144,1753,"Mid"
5876,"Cat_1",170,3672,"High"
5877,"Cat_16",86,561,"Low"
5878,"Cat_23",106,2986,"Mid"
5879,"Cat_28",128,2553,"Mid"
5880,"Cat_3",91,240,"Low"
5881,"Cat_6",13,2754,"Mid"
5882,"Cat_4",29,4871,"High"
5883,"Cat_2",119,1853,"Mid"
5884,"Cat_5",125,2425,"Mid"
5885,"Cat_29",157,2794,"Mid"
5886,"Cat_23",83,4882,"High"
5887,"Cat_26",124,2378,"Mid"
5888,"Cat_18",20,2932,"Mid"
5889,"Cat_21",29,3345,"High"
5890,"Cat_21",9,351,"Low"
5891,"Cat_6",121,2678,"Mid"
5892,"Cat_13",116,2514,"Mid"
5893,"Cat_28",38,2022,"Mid"
5894,"Cat_22",163,2222,"Mid"
5895,"Cat_2",95,4864,"High"
5896,"Cat_29",147,744,"Low"
5897,"Cat_19",192,2126,"Mid"
5898,"Cat_21",34,549,"Low"
5899,"Cat_19",182,1429,"Mid"
5900,"Cat_20",93,4175,"High"
5901,"Cat_29",187,1792,"Mid"
5902,"Cat_20",77,4705,"High"
5903,"Cat_12",31,4826,"High"
5904,"Cat_14",166,358,"Low"
5905,"Cat_2",101,4655,"High"
5906,"Cat_30",33,4177,"High"
5907,"Cat_3",29,4877,"High"
5908,"Cat_24",44,3191,"High"
5909,"Cat_23",71,4896,"High"
5910,"Cat_15",143,4407,"High"
5911,"Cat_30",167,3432,"High"
5912,"Cat_29",114,4188,"High"
5913,"Cat_11",96,2557,"Mid"
5914,"Cat_2",127,4768,"High"
5915,"Cat_27",112,651,"Low"
5916,"Cat_25",53,2226,"Mid"
5917,"Cat_18",109,1678,"Mid"
5918,"Cat_24",100,506,"Low"
5919,"Cat_20",9,3851,"High"
5920,"Cat_22",129,103,"Low"
5921,"Cat_28",12,2732,"Mid"
5922,"Cat_12",14,764,"Low"
5923,"Cat_6",84,4188,"High"
5924,"Cat_14",150,2517,"Mid"
5925,"Cat_18",127,853,"Low"
5926,"Cat_29",194,1876,"Mid"
5927,"Cat_1",32,2905,"Mid"
5928,"Cat_20",2,3791,"High"
5929,"Cat_26",90,1615,"Mid"
5930,"Cat_11",29,483,"Low"
5931,"Cat_23",49,2016,"Mid"
5932,"Cat_19",44,3234,"High"
5933,"Cat_7",56,453,"Low"
5934,"Cat_3",95,4697,"High"
5935,"Cat_27",9,388,"Low"
5936,"Cat_26",168,641,"Low"
5937,"Cat_30",162,383,"Low"
5938,"Cat_11",52,2408,"Mid"
5939,"Cat_29",158,1914,"Mid"
5940,"Cat_20",85,2927,"Mid"
5941,"Cat_20",112,1088,"Mid"
5942,"Cat_13",73,4177,"High"
5943,"Cat_2",168,3124,"High"
5944,"Cat_18",167,4262,"High"
5945,"Cat_16",114,1774,"Mid"
5946,"Cat_20",26,3643,"High"
5947,"Cat_1",106,2991,"Mid"
5948,"Cat_11",35,1145,"Mid"
5949,"Cat_20",147,1772,"Mid"
5950,"Cat_5",48,194,"Low"
5951,"Cat_9",118,3365,"High"
5952,"Cat_16",61,3687,"High"
5953,"Cat_26",49,3835,"High"
5954,"Cat_9",56,4702,"High"
5955,"Cat_28",149,760,"Low"
5956,"Cat_27",10,2216,"Mid"
5957,"Cat_12",80,3159,"High"
5958,"Cat_7",40,913,"Low"
5959,"Cat_21",180,2488,"Mid"
5960,"Cat_9",115,4980,"High"
5961,"Cat_26",154,1699,"Mid"
5962,"Cat_11",133,3002,"High"
5963,"Cat_24",180,1747,"Mid"
5964,"Cat_25",160,4336,"High"
5965,"Cat_2",168,3491,"High"
5966,"Cat_1",69,246,"Low"
5967,"Cat_15",35,3546,"High"
5968,"Cat_10",11,3201,"High"
5969,"Cat_27",166,809,"Low"
5970,"Cat_21",52,3625,"High"
5971,"Cat_29",47,2905,"Mid"
5972,"Cat_6",53,605,"Low"
5973,"Cat_19",128,401,"Low"
5974,"Cat_5",163,3460,"High"
5975,"Cat_1",83,3721,"High"
5976,"Cat_28",198,4014,"High"
5977,"Cat_10",129,2474,"Mid"
5978,"Cat_21",60,718,"Low"
5979,"Cat_30",34,768,"Low"
5980,"Cat_17",166,4509,"High"
5981,"Cat_28",62,4107,"High"
5982,"Cat_11",91,2975,"Mid"
5983,"Cat_23",140,2601,"Mid"
5984,"Cat_25",45,1969,"Mid"
5985,"Cat_10",97,3387,"High"
5986,"Cat_11",81,2573,"Mid"
5987,"Cat_12",43,4230,"High"
5988,"Cat_8",97,3327,"High"
5989,"Cat_20",91,4204,"High"
5990,"Cat_22",13,3503,"High"
5991,"Cat_1",136,453,"Low"
5992,"Cat_26",177,4327,"High"
5993,"Cat_20",190,1193,"Mid"
5994,"Cat_9",38,3776,"High"
5995,"Cat_23",23,1262,"Mid"
5996,"Cat_8",107,4119,"High"
5997,"Cat_27",44,943,"Low"
5998,"Cat_4",103,3125,"High"
5999,"Cat_12",119,1986,"Mid"
6000,"Cat_18",156,3109,"High"
6001,"Cat_22",148,116,"Low"
6002,"Cat_7",193,2298,"Mid"
6003,"Cat_5",200,4275,"High"
6004,"Cat_28",144,2492,"Mid"
6005,"Cat_29",117,2832,"Mid"
6006,"Cat_13",91,1423,"Mid"
6007,"Cat_8",64,3911,"High"
6008,"Cat_21",36,3543,"High"
6009,"Cat_8",196,3194,"High"
6010,"Cat_23",170,398,"Low"
6011,"Cat_22",78,3217,"High"
6012,"Cat_16",2,523,"Low"
6013,"Cat_30",172,4843,"High"
6014,"Cat_29",129,3290,"High"
6015,"Cat_30",152,1986,"Mid"
6016,"Cat_3",110,208,"Low"
6017,"Cat_16",103,1581,"Mid"
6018,"Cat_24",197,2077,"Mid"
6019,"Cat_15",55,3244,"High"
6020,"Cat_17",195,1103,"Mid"
6021,"Cat_18",193,3608,"High"
6022,"Cat_8",149,1213,"Mid"
6023,"Cat_25",48,4323,"High"
6024,"Cat_13",142,3496,"High"
6025,"Cat_16",100,1444,"Mid"
6026,"Cat_7",25,776,"Low"
6027,"Cat_11",65,3844,"High"
6028,"Cat_1",64,3195,"High"
6029,"Cat_20",31,2668,"Mid"
6030,"Cat_29",15,2778,"Mid"
6031,"Cat_3",195,3968,"High"
6032,"Cat_5",116,368,"Low"
6033,"Cat_20",26,1847,"Mid"
6034,"Cat_24",46,4254,"High"
6035,"Cat_2",173,3711,"High"
6036,"Cat_8",192,4334,"High"
6037,"Cat_14",78,2692,"Mid"
6038,"Cat_14",41,3678,"High"
6039,"Cat_21",178,2579,"Mid"
6040,"Cat_22",24,3498,"High"
6041,"Cat_16",145,4241,"High"
6042,"Cat_20",68,1261,"Mid"
6043,"Cat_4",153,2698,"Mid"
6044,"Cat_11",148,1276,"Mid"
6045,"Cat_8",137,2063,"Mid"
6046,"Cat_15",108,2464,"Mid"
6047,"Cat_2",102,1119,"Mid"
6048,"Cat_10",171,4624,"High"
6049,"Cat_6",147,4793,"High"
6050,"Cat_27",76,4897,"High"
6051,"Cat_16",186,4984,"High"
6052,"Cat_13",83,2236,"Mid"
6053,"Cat_17",167,1986,"Mid"
6054,"Cat_14",22,114,"Low"
6055,"Cat_15",188,444,"Low"
6056,"Cat_2",175,255,"Low"
6057,"Cat_8",58,4601,"High"
6058,"Cat_7",30,3394,"High"
6059,"Cat_17",93,4359,"High"
6060,"Cat_13",145,4322,"High"
6061,"Cat_5",46,4615,"High"
6062,"Cat_24",64,718,"Low"
6063,"Cat_7",34,2381,"Mid"
6064,"Cat_11",164,2133,"Mid"
6065,"Cat_21",29,734,"Low"
6066,"Cat_17",6,2897,"Mid"
6067,"Cat_12",70,932,"Low"
6068,"Cat_16",178,4171,"High"
6069,"Cat_17",79,4625,"High"
6070,"Cat_13",159,2265,"Mid"
6071,"Cat_10",125,3204,"High"
6072,"Cat_7",66,4294,"High"
6073,"Cat_23",5,246,"Low"
6074,"Cat_25",48,463,"Low"
6075,"Cat_8",171,526,"Low"
6076,"Cat_22",162,4291,"High"
6077,"Cat_27",94,1290,"Mid"
6078,"Cat_13",105,2723,"Mid"
6079,"Cat_30",8,3950,"High"
6080,"Cat_7",76,1550,"Mid"
6081,"Cat_25",137,4403,"High"
6082,"Cat_3",153,4712,"High"
6083,"Cat_21",1,3305,"High"
6084,"Cat_3",37,1316,"Mid"
6085,"Cat_29",145,1135,"Mid"
6086,"Cat_13",34,3421,"High"
6087,"Cat_11",44,2759,"Mid"
6088,"Cat_18",44,4885,"High"
6089,"Cat_22",140,252,"Low"
6090,"Cat_3",186,1329,"Mid"
6091,"Cat_2",195,3282,"High"
6092,"Cat_12",22,4808,"High"
6093,"Cat_15",105,3378,"High"
6094,"Cat_25",170,4648,"High"
6095,"Cat_15",189,3333,"High"
6096,"Cat_15",59,3598,"High"
6097,"Cat_23",176,4984,"High"
6098,"Cat_9",30,3225,"High"
6099,"Cat_9",98,206,"Low"
6100,"Cat_23",163,3564,"High"
6101,"Cat_8",184,916,"Low"
6102,"Cat_6",197,1728,"Mid"
6103,"Cat_18",92,1059,"Mid"
6104,"Cat_13",124,919,"Low"
6105,"Cat_23",69,4841,"High"
6106,"Cat_26",87,2732,"Mid"
6107,"Cat_23",6,137,"Low"
6108,"Cat_28",60,2008,"Mid"
6109,"Cat_29",61,1746,"Mid"
6110,"Cat_12",13,3704,"High"
6111,"Cat_19",55,1096,"Mid"
6112,"Cat_12",171,3001,"High"
6113,"Cat_20",155,1229,"Mid"
6114,"Cat_12",107,721,"Low"
6115,"Cat_27",116,4156,"High"
6116,"Cat_27",35,4040,"High"
6117,"Cat_27",147,2826,"Mid"
6118,"Cat_23",74,1456,"Mid"
6119,"Cat_5",81,4803,"High"
6120,"Cat_15",35,3749,"High"
6121,"Cat_16",102,3531,"High"
6122,"Cat_11",52,2598,"Mid"
6123,"Cat_19",36,548,"Low"
6124,"Cat_29",19,2441,"Mid"
6125,"Cat_3",105,691,"Low"
6126,"Cat_7",76,3576,"High"
6127,"Cat_3",147,4106,"High"
6128,"Cat_27",126,4468,"High"
6129,"Cat_11",197,453,"Low"
6130,"Cat_14",186,4489,"High"
6131,"Cat_14",14,4682,"High"
6132,"Cat_8",173,4723,"High"
6133,"Cat_11",143,2732,"Mid"
6134,"Cat_14",94,1412,"Mid"
6135,"Cat_6",21,4593,"High"
6136,"Cat_12",116,746,"Low"
6137,"Cat_23",138,4980,"High"
6138,"Cat_28",115,2259,"Mid"
6139,"Cat_5",196,4754,"High"
6140,"Cat_13",1,2203,"Mid"
6141,"Cat_24",101,4241,"High"
6142,"Cat_10",137,2152,"Mid"
6143,"Cat_5",107,1105,"Mid"
6144,"Cat_28",113,2788,"Mid"
6145,"Cat_2",114,612,"Low"
6146,"Cat_1",74,4514,"High"
6147,"Cat_20",53,700,"Low"
6148,"Cat_30",86,2562,"Mid"
6149,"Cat_17",38,864,"Low"
6150,"Cat_3",32,4744,"High"
6151,"Cat_12",72,1668,"Mid"
6152,"Cat_25",87,1144,"Mid"
6153,"Cat_20",87,4646,"High"
6154,"Cat_27",84,3307,"High"
6155,"Cat_13",136,3988,"High"
6156,"Cat_18",130,3163,"High"
6157,"Cat_27",162,456,"Low"
6158,"Cat_2",8,2820,"Mid"
6159,"Cat_6",103,589,"Low"
6160,"Cat_27",78,519,"Low"
6161,"Cat_18",177,158,"Low"
6162,"Cat_29",136,4773,"High"
6163,"Cat_25",127,3640,"High"
6164,"Cat_9",14,1840,"Mid"
6165,"Cat_13",35,1996,"Mid"
6166,"Cat_27",44,2530,"Mid"
6167,"Cat_21",38,3946,"High"
6168,"Cat_25",20,3736,"High"
6169,"Cat_18",110,290,"Low"
6170,"Cat_7",95,2446,"Mid"
6171,"Cat_24",60,678,"Low"
6172,"Cat_15",125,3962,"High"
6173,"Cat_21",59,1653,"Mid"
6174,"Cat_19",55,1944,"Mid"
6175,"Cat_22",78,4964,"High"
6176,"Cat_26",157,1715,"Mid"
6177,"Cat_27",126,4518,"High"
6178,"Cat_26",36,1514,"Mid"
6179,"Cat_14",30,3205,"High"
6180,"Cat_21",93,4699,"High"
6181,"Cat_15",11,2175,"Mid"
6182,"Cat_3",52,2666,"Mid"
6183,"Cat_3",25,1961,"Mid"
6184,"Cat_18",109,4758,"High"
6185,"Cat_6",107,1089,"Mid"
6186,"Cat_11",114,4895,"High"
6187,"Cat_16",66,1726,"Mid"
6188,"Cat_1",63,1983,"Mid"
6189,"Cat_24",19,1656,"Mid"
6190,"Cat_21",133,3227,"High"
6191,"Cat_12",85,2327,"Mid"
6192,"Cat_6",23,731,"Low"
6193,"Cat_18",171,4487,"High"
6194,"Cat_30",67,3701,"High"
6195,"Cat_10",52,311,"Low"
6196,"Cat_21",177,3252,"High"
6197,"Cat_28",22,2648,"Mid"
6198,"Cat_3",20,1576,"Mid"
6199,"Cat_15",43,2670,"Mid"
6200,"Cat_29",74,751,"Low"
6201,"Cat_3",43,4360,"High"
6202,"Cat_29",141,1041,"Mid"
6203,"Cat_8",165,4513,"High"
6204,"Cat_28",130,2270,"Mid"
6205,"Cat_3",109,2458,"Mid"
6206,"Cat_1",42,382,"Low"
6207,"Cat_16",55,4911,"High"
6208,"Cat_22",132,2957,"Mid"
6209,"Cat_2",113,4059,"High"
6210,"Cat_28",178,4223,"High"
6211,"Cat_28",47,3748,"High"
6212,"Cat_9",15,4778,"High"
6213,"Cat_12",67,919,"Low"
6214,"Cat_28",115,4618,"High"
6215,"Cat_12",130,2706,"Mid"
6216,"Cat_17",54,3909,"High"
6217,"Cat_18",9,1537,"Mid"
6218,"Cat_17",54,1966,"Mid"
6219,"Cat_30",172,186,"Low"
6220,"Cat_13",164,2001,"Mid"
6221,"Cat_14",11,4421,"High"
6222,"Cat_7",154,3848,"High"
6223,"Cat_13",63,159,"Low"
6224,"Cat_15",158,3417,"High"
6225,"Cat_12",12,2710,"Mid"
6226,"Cat_26",200,4249,"High"
6227,"Cat_23",157,3998,"High"
6228,"Cat_4",179,1714,"Mid"
6229,"Cat_17",109,795,"Low"
6230,"Cat_11",149,1689,"Mid"
6231,"Cat_10",185,4400,"High"
6232,"Cat_27",141,4670,"High"
6233,"Cat_13",99,251,"Low"
6234,"Cat_12",56,1170,"Mid"
6235,"Cat_24",171,1818,"Mid"
6236,"Cat_15",61,1403,"Mid"
6237,"Cat_29",59,4342,"High"
6238,"Cat_24",48,527,"Low"
6239,"Cat_29",146,1986,"Mid"
6240,"Cat_18",182,1813,"Mid"
6241,"Cat_21",127,510,"Low"
6242,"Cat_11",68,3279,"High"
6243,"Cat_11",188,4719,"High"
6244,"Cat_18",189,1025,"Mid"
6245,"Cat_28",135,4308,"High"
6246,"Cat_23",55,1381,"Mid"
6247,"Cat_15",36,2661,"Mid"
6248,"Cat_30",60,372,"Low"
6249,"Cat_5",198,1271,"Mid"
6250,"Cat_14",37,2958,"Mid"
6251,"Cat_28",167,3553,"High"
6252,"Cat_5",106,912,"Low"
6253,"Cat_4",190,1771,"Mid"
6254,"Cat_19",199,4864,"High"
6255,"Cat_6",101,2329,"Mid"
6256,"Cat_3",108,1645,"Mid"
6257,"Cat_20",189,4562,"High"
6258,"Cat_1",197,1312,"Mid"
6259,"Cat_12",81,3759,"High"
6260,"Cat_12",165,4973,"High"
6261,"Cat_5",113,2685,"Mid"
6262,"Cat_11",70,3895,"High"
6263,"Cat_13",184,1276,"Mid"
6264,"Cat_17",109,3593,"High"
6265,"Cat_14",188,2580,"Mid"
6266,"Cat_19",150,4798,"High"
6267,"Cat_30",44,623,"Low"
6268,"Cat_26",32,2957,"Mid"
6269,"Cat_15",41,550,"Low"
6270,"Cat_25",19,3681,"High"
6271,"Cat_20",131,1439,"Mid"
6272,"Cat_1",92,3497,"High"
6273,"Cat_19",177,3813,"High"
6274,"Cat_25",68,2838,"Mid"
6275,"Cat_1",49,3775,"High"
6276,"Cat_13",65,3766,"High"
6277,"Cat_8",195,2974,"Mid"
6278,"Cat_16",74,4116,"High"
6279,"Cat_9",113,187,"Low"
6280,"Cat_13",73,714,"Low"
6281,"Cat_5",60,3442,"High"
6282,"Cat_30",134,331,"Low"
6283,"Cat_6",163,1263,"Mid"
6284,"Cat_12",118,1615,"Mid"
6285,"Cat_18",94,3077,"High"
6286,"Cat_21",15,4525,"High"
6287,"Cat_27",199,4967,"High"
6288,"Cat_15",37,3458,"High"
6289,"Cat_23",197,4774,"High"
6290,"Cat_17",77,2172,"Mid"
6291,"Cat_12",106,1846,"Mid"
6292,"Cat_26",109,4466,"High"
6293,"Cat_10",117,230,"Low"
6294,"Cat_26",151,2899,"Mid"
6295,"Cat_3",123,4912,"High"
6296,"Cat_29",19,1639,"Mid"
6297,"Cat_11",198,3145,"High"
6298,"Cat_14",195,1302,"Mid"
6299,"Cat_8",107,3075,"High"
6300,"Cat_23",112,221,"Low"
6301,"Cat_8",165,3559,"High"
6302,"Cat_10",126,671,"Low"
6303,"Cat_30",107,4383,"High"
6304,"Cat_28",69,4160,"High"
6305,"Cat_12",84,2072,"Mid"
6306,"Cat_10",22,3228,"High"
6307,"Cat_20",22,304,"Low"
6308,"Cat_20",192,277,"Low"
6309,"Cat_14",76,4550,"High"
6310,"Cat_22",189,1453,"Mid"
6311,"Cat_23",89,1955,"Mid"
6312,"Cat_20",167,2281,"Mid"
6313,"Cat_17",25,943,"Low"
6314,"Cat_4",182,1039,"Mid"
6315,"Cat_20",200,2530,"Mid"
6316,"Cat_30",197,722,"Low"
6317,"Cat_3",198,1632,"Mid"
6318,"Cat_29",41,2188,"Mid"
6319,"Cat_30",116,1620,"Mid"
6320,"Cat_8",122,4559,"High"
6321,"Cat_2",78,197,"Low"
6322,"Cat_23",17,128,"Low"
6323,"Cat_24",102,1688,"Mid"
6324,"Cat_12",160,1741,"Mid"
6325,"Cat_20",73,2896,"Mid"
6326,"Cat_4",149,2094,"Mid"
6327,"Cat_2",192,3588,"High"
6328,"Cat_28",174,3730,"High"
6329,"Cat_12",130,919,"Low"
6330,"Cat_28",126,4861,"High"
6331,"Cat_21",70,520,"Low"
6332,"Cat_21",187,3175,"High"
6333,"Cat_15",138,1074,"Mid"
6334,"Cat_28",187,388,"Low"
6335,"Cat_14",147,2247,"Mid"
6336,"Cat_8",11,857,"Low"
6337,"Cat_7",191,623,"Low"
6338,"Cat_4",46,319,"Low"
6339,"Cat_27",58,2272,"Mid"
6340,"Cat_22",122,2938,"Mid"
6341,"Cat_11",121,2809,"Mid"
6342,"Cat_30",11,3106,"High"
6343,"Cat_5",28,4257,"High"
6344,"Cat_22",185,2990,"Mid"
6345,"Cat_19",172,3635,"High"
6346,"Cat_16",139,4036,"High"
6347,"Cat_9",1,3689,"High"
6348,"Cat_10",125,4805,"High"
6349,"Cat_12",125,2530,"Mid"
6350,"Cat_7",174,1247,"Mid"
6351,"Cat_11",4,4929,"High"
6352,"Cat_14",19,2939,"Mid"
6353,"Cat_27",39,1026,"Mid"
6354,"Cat_16",32,4820,"High"
6355,"Cat_26",51,754,"Low"
6356,"Cat_12",47,3983,"High"
6357,"Cat_17",117,1591,"Mid"
6358,"Cat_10",126,3572,"High"
6359,"Cat_13",199,983,"Low"
6360,"Cat_20",184,3636,"High"
6361,"Cat_3",125,2249,"Mid"
6362,"Cat_12",78,4327,"High"
6363,"Cat_17",18,1145,"Mid"
6364,"Cat_22",81,399,"Low"
6365,"Cat_16",190,1809,"Mid"
6366,"Cat_6",70,1759,"Mid"
6367,"Cat_16",65,2619,"Mid"
6368,"Cat_2",125,4767,"High"
6369,"Cat_17",140,3347,"High"
6370,"Cat_22",20,2900,"Mid"
6371,"Cat_5",166,2773,"Mid"
6372,"Cat_9",68,4159,"High"
6373,"Cat_8",86,3366,"High"
6374,"Cat_17",185,3964,"High"
6375,"Cat_23",146,1702,"Mid"
6376,"Cat_22",89,1625,"Mid"
6377,"Cat_11",92,689,"Low"
6378,"Cat_9",57,926,"Low"
6379,"Cat_13",185,1644,"Mid"
6380,"Cat_11",98,4208,"High"
6381,"Cat_11",124,3613,"High"
6382,"Cat_5",19,4084,"High"
6383,"Cat_10",143,4485,"High"
6384,"Cat_2",189,2311,"Mid"
6385,"Cat_18",174,915,"Low"
6386,"Cat_26",32,1865,"Mid"
6387,"Cat_4",181,157,"Low"
6388,"Cat_16",39,4594,"High"
6389,"Cat_5",22,2411,"Mid"
6390,"Cat_29",199,306,"Low"
6391,"Cat_22",150,1083,"Mid"
6392,"Cat_3",111,3524,"High"
6393,"Cat_7",88,2948,"Mid"
6394,"Cat_27",176,4769,"High"
6395,"Cat_17",54,1288,"Mid"
6396,"Cat_6",16,1207,"Mid"
6397,"Cat_3",72,773,"Low"
6398,"Cat_10",83,3117,"High"
6399,"Cat_14",175,4855,"High"
6400,"Cat_18",194,3416,"High"
6401,"Cat_29",156,686,"Low"
6402,"Cat_6",127,4470,"High"
6403,"Cat_8",100,1109,"Mid"
6404,"Cat_3",38,737,"Low"
6405,"Cat_9",176,3237,"High"
6406,"Cat_3",152,3831,"High"
6407,"Cat_4",46,1631,"Mid"
6408,"Cat_7",55,1864,"Mid"
6409,"Cat_4",191,4819,"High"
6410,"Cat_18",178,1096,"Mid"
6411,"Cat_6",150,4380,"High"
6412,"Cat_5",133,2667,"Mid"
6413,"Cat_16",159,4282,"High"
6414,"Cat_3",10,784,"Low"
6415,"Cat_9",92,1043,"Mid"
6416,"Cat_24",87,929,"Low"
6417,"Cat_29",6,1597,"Mid"
6418,"Cat_16",149,3026,"High"
6419,"Cat_8",199,838,"Low"
6420,"Cat_9",7,670,"Low"
6421,"Cat_23",19,4925,"High"
6422,"Cat_22",135,1349,"Mid"
6423,"Cat_13",199,1109,"Mid"
6424,"Cat_29",28,2382,"Mid"
6425,"Cat_3",165,3697,"High"
6426,"Cat_4",79,1812,"Mid"
6427,"Cat_14",27,2104,"Mid"
6428,"Cat_10",100,4817,"High"
6429,"Cat_20",9,945,"Low"
6430,"Cat_23",30,1888,"Mid"
6431,"Cat_7",17,2964,"Mid"
6432,"Cat_12",166,4974,"High"
6433,"Cat_8",50,3915,"High"
6434,"Cat_16",159,287,"Low"
6435,"Cat_4",191,1776,"Mid"
6436,"Cat_14",114,367,"Low"
6437,"Cat_29",83,3238,"High"
6438,"Cat_6",134,408,"Low"
6439,"Cat_25",189,2976,"Mid"
6440,"Cat_17",60,1399,"Mid"
6441,"Cat_18",11,2427,"Mid"
6442,"Cat_23",45,3801,"High"
6443,"Cat_23",92,797,"Low"
6444,"Cat_12",122,1415,"Mid"
6445,"Cat_14",166,819,"Low"
6446,"Cat_21",142,1866,"Mid"
6447,"Cat_22",118,1974,"Mid"
6448,"Cat_6",54,663,"Low"
6449,"Cat_11",101,237,"Low"
6450,"Cat_24",41,929,"Low"
6451,"Cat_3",85,3110,"High"
6452,"Cat_14",6,2205,"Mid"
6453,"Cat_30",58,2107,"Mid"
6454,"Cat_16",152,402,"Low"
6455,"Cat_25",159,3135,"High"
6456,"Cat_13",90,963,"Low"
6457,"Cat_24",109,2148,"Mid"
6458,"Cat_18",51,4732,"High"
6459,"Cat_11",130,888,"Low"
6460,"Cat_21",137,3480,"High"
6461,"Cat_6",130,3884,"High"
6462,"Cat_27",110,581,"Low"
6463,"Cat_9",168,3069,"High"
6464,"Cat_29",92,4791,"High"
6465,"Cat_26",65,3363,"High"
6466,"Cat_13",41,1869,"Mid"
6467,"Cat_13",52,4149,"High"
6468,"Cat_7",6,4144,"High"
6469,"Cat_15",62,3786,"High"
6470,"Cat_8",107,4398,"High"
6471,"Cat_21",116,1429,"Mid"
6472,"Cat_17",18,4502,"High"
6473,"Cat_13",134,736,"Low"
6474,"Cat_9",77,3472,"High"
6475,"Cat_30",1,1367,"Mid"
6476,"Cat_23",71,4928,"High"
6477,"Cat_22",108,1167,"Mid"
6478,"Cat_25",5,422,"Low"
6479,"Cat_3",109,483,"Low"
6480,"Cat_15",200,3876,"High"
6481,"Cat_28",53,3914,"High"
6482,"Cat_29",2,4711,"High"
6483,"Cat_27",63,3186,"High"
6484,"Cat_11",67,2664,"Mid"
6485,"Cat_10",140,2551,"Mid"
6486,"Cat_11",53,3802,"High"
6487,"Cat_17",82,140,"Low"
6488,"Cat_24",31,3273,"High"
6489,"Cat_12",114,4591,"High"
6490,"Cat_10",88,1245,"Mid"
6491,"Cat_29",108,3738,"High"
6492,"Cat_25",136,2720,"Mid"
6493,"Cat_14",199,3882,"High"
6494,"Cat_2",119,2934,"Mid"
6495,"Cat_4",59,2191,"Mid"
6496,"Cat_11",87,2984,"Mid"
6497,"Cat_30",3,3363,"High"
6498,"Cat_22",3,3956,"High"
6499,"Cat_21",23,2838,"Mid"
6500,"Cat_4",100,2324,"Mid"
6501,"Cat_16",137,1930,"Mid"
6502,"Cat_30",164,1995,"Mid"
6503,"Cat_8",85,2222,"Mid"
6504,"Cat_3",129,4227,"High"
6505,"Cat_16",111,4390,"High"
6506,"Cat_11",66,2759,"Mid"
6507,"Cat_6",195,4023,"High"
6508,"Cat_8",50,1359,"Mid"
6509,"Cat_23",193,132,"Low"
6510,"Cat_17",198,4782,"High"
6511,"Cat_17",105,4732,"High"
6512,"Cat_4",4,2918,"Mid"
6513,"Cat_13",29,2749,"Mid"
6514,"Cat_28",193,2603,"Mid"
6515,"Cat_4",131,3722,"High"
6516,"Cat_19",2,2425,"Mid"
6517,"Cat_23",144,4031,"High"
6518,"Cat_19",100,4220,"High"
6519,"Cat_12",115,188,"Low"
6520,"Cat_6",41,2029,"Mid"
6521,"Cat_24",96,4512,"High"
6522,"Cat_12",104,2242,"Mid"
6523,"Cat_10",117,1589,"Mid"
6524,"Cat_15",6,2352,"Mid"
6525,"Cat_24",87,325,"Low"
6526,"Cat_14",171,393,"Low"
6527,"Cat_2",74,1664,"Mid"
6528,"Cat_12",97,1734,"Mid"
6529,"Cat_11",167,1137,"Mid"
6530,"Cat_22",131,2973,"Mid"
6531,"Cat_20",173,1172,"Mid"
6532,"Cat_20",63,1153,"Mid"
6533,"Cat_3",49,4112,"High"
6534,"Cat_5",33,3157,"High"
6535,"Cat_24",13,2968,"Mid"
6536,"Cat_29",29,2771,"Mid"
6537,"Cat_25",89,1903,"Mid"
6538,"Cat_9",101,4090,"High"
6539,"Cat_2",113,1923,"Mid"
6540,"Cat_13",152,1073,"Mid"
6541,"Cat_10",20,3966,"High"
6542,"Cat_26",46,3957,"High"
6543,"Cat_25",186,1960,"Mid"
6544,"Cat_17",190,666,"Low"
6545,"Cat_24",34,3386,"High"
6546,"Cat_8",190,1083,"Mid"
6547,"Cat_17",21,4472,"High"
6548,"Cat_4",129,668,"Low"
6549,"Cat_13",160,1788,"Mid"
6550,"Cat_6",52,1810,"Mid"
6551,"Cat_7",111,3292,"High"
6552,"Cat_14",18,2944,"Mid"
6553,"Cat_1",115,1049,"Mid"
6554,"Cat_9",128,3074,"High"
6555,"Cat_7",107,357,"Low"
6556,"Cat_5",66,3444,"High"
6557,"Cat_12",33,2549,"Mid"
6558,"Cat_3",128,4824,"High"
6559,"Cat_6",189,4324,"High"
6560,"Cat_25",18,4932,"High"
6561,"Cat_26",193,528,"Low"
6562,"Cat_19",58,4013,"High"
6563,"Cat_28",182,4360,"High"
6564,"Cat_16",16,2150,"Mid"
6565,"Cat_8",190,4174,"High"
6566,"Cat_30",195,401,"Low"
6567,"Cat_18",114,3686,"High"
6568,"Cat_7",62,3234,"High"
6569,"Cat_27",46,2230,"Mid"
6570,"Cat_14",27,756,"Low"
6571,"Cat_18",172,1288,"Mid"
6572,"Cat_1",129,3910,"High"
6573,"Cat_1",168,2889,"Mid"
6574,"Cat_24",191,1316,"Mid"
6575,"Cat_1",20,4563,"High"
6576,"Cat_11",1,1266,"Mid"
6577,"Cat_9",86,4760,"High"
6578,"Cat_15",100,138,"Low"
6579,"Cat_26",43,3119,"High"
6580,"Cat_30",195,4109,"High"
6581,"Cat_13",11,3751,"High"
6582,"Cat_21",92,3859,"High"
6583,"Cat_18",96,1072,"Mid"
6584,"Cat_24",63,3581,"High"
6585,"Cat_13",100,4321,"High"
6586,"Cat_24",171,3608,"High"
6587,"Cat_13",191,3744,"High"
6588,"Cat_26",62,1742,"Mid"
6589,"Cat_24",99,1636,"Mid"
6590,"Cat_2",145,4188,"High"
6591,"Cat_4",122,1236,"Mid"
6592,"Cat_10",181,3866,"High"
6593,"Cat_25",122,3191,"High"
6594,"Cat_3",87,1053,"Mid"
6595,"Cat_27",43,2597,"Mid"
6596,"Cat_12",38,4930,"High"
6597,"Cat_24",30,678,"Low"
6598,"Cat_3",30,4387,"High"
6599,"Cat_29",50,2136,"Mid"
6600,"Cat_3",109,2944,"Mid"
6601,"Cat_9",113,3203,"High"
6602,"Cat_13",74,4999,"High"
6603,"Cat_21",161,1022,"Mid"
6604,"Cat_3",22,960,"Low"
6605,"Cat_27",119,1119,"Mid"
6606,"Cat_17",164,4915,"High"
6607,"Cat_24",119,2189,"Mid"
6608,"Cat_16",170,1430,"Mid"
6609,"Cat_5",105,549,"Low"
6610,"Cat_18",71,1143,"Mid"
6611,"Cat_3",13,2615,"Mid"
6612,"Cat_28",73,3308,"High"
6613,"Cat_9",53,3186,"High"
6614,"Cat_2",162,4276,"High"
6615,"Cat_17",36,3827,"High"
6616,"Cat_18",176,371,"Low"
6617,"Cat_17",142,2039,"Mid"
6618,"Cat_19",76,904,"Low"
6619,"Cat_18",100,1226,"Mid"
6620,"Cat_18",175,2734,"Mid"
6621,"Cat_30",79,2305,"Mid"
6622,"Cat_5",39,4565,"High"
6623,"Cat_12",121,733,"Low"
6624,"Cat_13",161,899,"Low"
6625,"Cat_29",187,1067,"Mid"
6626,"Cat_29",128,388,"Low"
6627,"Cat_24",109,2417,"Mid"
6628,"Cat_24",141,933,"Low"
6629,"Cat_16",183,2238,"Mid"
6630,"Cat_11",161,1305,"Mid"
6631,"Cat_13",21,3062,"High"
6632,"Cat_13",120,1493,"Mid"
6633,"Cat_18",121,1120,"Mid"
6634,"Cat_26",12,174,"Low"
6635,"Cat_30",194,1976,"Mid"
6636,"Cat_25",149,1255,"Mid"
6637,"Cat_27",121,2106,"Mid"
6638,"Cat_14",70,932,"Low"
6639,"Cat_1",177,3280,"High"
6640,"Cat_17",106,2411,"Mid"
6641,"Cat_19",194,1571,"Mid"
6642,"Cat_12",15,2391,"Mid"
6643,"Cat_2",50,4118,"High"
6644,"Cat_9",88,2140,"Mid"
6645,"Cat_22",80,979,"Low"
6646,"Cat_17",180,1401,"Mid"
6647,"Cat_17",102,277,"Low"
6648,"Cat_28",20,2401,"Mid"
6649,"Cat_16",123,1562,"Mid"
6650,"Cat_14",102,3656,"High"
6651,"Cat_9",52,4647,"High"
6652,"Cat_21",19,729,"Low"
6653,"Cat_5",130,1225,"Mid"
6654,"Cat_12",195,1529,"Mid"
6655,"Cat_27",104,209,"Low"
6656,"Cat_2",127,3029,"High"
6657,"Cat_7",20,4074,"High"
6658,"Cat_9",113,1682,"Mid"
6659,"Cat_8",178,4877,"High"
6660,"Cat_26",11,732,"Low"
6661,"Cat_9",14,3426,"High"
6662,"Cat_3",100,822,"Low"
6663,"Cat_30",104,4623,"High"
6664,"Cat_5",159,3134,"High"
6665,"Cat_4",65,538,"Low"
6666,"Cat_27",137,773,"Low"
6667,"Cat_29",46,835,"Low"
6668,"Cat_5",191,1578,"Mid"
6669,"Cat_6",23,1912,"Mid"
6670,"Cat_22",113,2642,"Mid"
6671,"Cat_22",78,1560,"Mid"
6672,"Cat_25",185,2938,"Mid"
6673,"Cat_18",117,2642,"Mid"
6674,"Cat_21",23,1433,"Mid"
6675,"Cat_13",150,3679,"High"
6676,"Cat_1",187,4325,"High"
6677,"Cat_11",169,4025,"High"
6678,"Cat_16",27,3857,"High"
6679,"Cat_5",101,2359,"Mid"
6680,"Cat_19",200,786,"Low"
6681,"Cat_3",85,2297,"Mid"
6682,"Cat_27",54,2730,"Mid"
6683,"Cat_12",146,2893,"Mid"
6684,"Cat_3",109,2073,"Mid"
6685,"Cat_6",7,3804,"High"
6686,"Cat_9",192,4119,"High"
6687,"Cat_19",124,2496,"Mid"
6688,"Cat_5",60,4631,"High"
6689,"Cat_18",124,3543,"High"
6690,"Cat_29",170,1614,"Mid"
6691,"Cat_17",64,4623,"High"
6692,"Cat_22",3,3848,"High"
6693,"Cat_4",10,2054,"Mid"
6694,"Cat_30",19,4715,"High"
6695,"Cat_13",131,2291,"Mid"
6696,"Cat_12",69,4547,"High"
6697,"Cat_19",175,2661,"Mid"
6698,"Cat_28",153,3158,"High"
6699,"Cat_28",162,3506,"High"
6700,"Cat_17",59,949,"Low"
6701,"Cat_5",38,3596,"High"
6702,"Cat_6",48,2867,"Mid"
6703,"Cat_29",199,1089,"Mid"
6704,"Cat_21",14,2779,"Mid"
6705,"Cat_16",121,2026,"Mid"
6706,"Cat_24",88,4316,"High"
6707,"Cat_30",90,2283,"Mid"
6708,"Cat_8",81,435,"Low"
6709,"Cat_4",82,331,"Low"
6710,"Cat_29",159,2301,"Mid"
6711,"Cat_21",12,1310,"Mid"
6712,"Cat_10",172,4317,"High"
6713,"Cat_29",59,1059,"Mid"
6714,"Cat_28",119,412,"Low"
6715,"Cat_21",165,665,"Low"
6716,"Cat_23",108,283,"Low"
6717,"Cat_29",151,2794,"Mid"
6718,"Cat_16",48,477,"Low"
6719,"Cat_12",43,1709,"Mid"
6720,"Cat_28",170,992,"Low"
6721,"Cat_23",37,3311,"High"
6722,"Cat_30",128,3720,"High"
6723,"Cat_14",77,4103,"High"
6724,"Cat_9",162,1071,"Mid"
6725,"Cat_15",120,845,"Low"
6726,"Cat_26",120,336,"Low"
6727,"Cat_30",32,1884,"Mid"
6728,"Cat_8",12,3863,"High"
6729,"Cat_3",49,2077,"Mid"
6730,"Cat_7",149,536,"Low"
6731,"Cat_8",102,3990,"High"
6732,"Cat_22",195,3072,"High"
6733,"Cat_27",134,1756,"Mid"
6734,"Cat_19",4,997,"Low"
6735,"Cat_23",19,3131,"High"
6736,"Cat_24",176,1146,"Mid"
6737,"Cat_15",151,1156,"Mid"
6738,"Cat_4",58,217,"Low"
6739,"Cat_16",158,3832,"High"
6740,"Cat_5",82,1752,"Mid"
6741,"Cat_11",164,4795,"High"
6742,"Cat_22",179,244,"Low"
6743,"Cat_16",200,1315,"Mid"
6744,"Cat_22",8,4778,"High"
6745,"Cat_19",134,599,"Low"
6746,"Cat_18",197,448,"Low"
6747,"Cat_2",1,2343,"Mid"
6748,"Cat_25",92,4527,"High"
6749,"Cat_12",130,3207,"High"
6750,"Cat_19",126,243,"Low"
6751,"Cat_20",74,4567,"High"
6752,"Cat_25",56,1797,"Mid"
6753,"Cat_18",10,3576,"High"
6754,"Cat_15",111,2094,"Mid"
6755,"Cat_9",143,4695,"High"
6756,"Cat_24",184,4266,"High"
6757,"Cat_9",75,2899,"Mid"
6758,"Cat_20",49,4613,"High"
6759,"Cat_13",46,3441,"High"
6760,"Cat_24",126,172,"Low"
6761,"Cat_16",133,4220,"High"
6762,"Cat_6",171,4568,"High"
6763,"Cat_10",179,3362,"High"
6764,"Cat_15",23,2614,"Mid"
6765,"Cat_17",60,385,"Low"
6766,"Cat_16",9,1040,"Mid"
6767,"Cat_16",71,148,"Low"
6768,"Cat_12",48,3304,"High"
6769,"Cat_11",91,580,"Low"
6770,"Cat_21",61,2294,"Mid"
6771,"Cat_18",131,1073,"Mid"
6772,"Cat_25",44,4482,"High"
6773,"Cat_3",72,3306,"High"
6774,"Cat_22",75,1970,"Mid"
6775,"Cat_1",59,583,"Low"
6776,"Cat_29",60,1357,"Mid"
6777,"Cat_7",149,4187,"High"
6778,"Cat_8",178,710,"Low"
6779,"Cat_26",50,314,"Low"
6780,"Cat_21",185,916,"Low"
6781,"Cat_28",63,153,"Low"
6782,"Cat_18",6,4176,"High"
6783,"Cat_7",101,4042,"High"
6784,"Cat_3",100,1456,"Mid"
6785,"Cat_26",116,106,"Low"
6786,"Cat_10",21,4328,"High"
6787,"Cat_23",138,1348,"Mid"
6788,"Cat_6",181,2346,"Mid"
6789,"Cat_19",155,1128,"Mid"
6790,"Cat_12",137,778,"Low"
6791,"Cat_7",111,2243,"Mid"
6792,"Cat_11",175,499,"Low"
6793,"Cat_14",175,3539,"High"
6794,"Cat_19",30,3172,"High"
6795,"Cat_13",157,3694,"High"
6796,"Cat_29",196,1974,"Mid"
6797,"Cat_4",51,2626,"Mid"
6798,"Cat_2",196,2064,"Mid"
6799,"Cat_18",47,4936,"High"
6800,"Cat_19",73,4464,"High"
6801,"Cat_10",3,2306,"Mid"
6802,"Cat_20",194,4084,"High"
6803,"Cat_15",96,2884,"Mid"
6804,"Cat_9",129,1385,"Mid"
6805,"Cat_1",177,4239,"High"
6806,"Cat_6",107,621,"Low"
6807,"Cat_18",22,3756,"High"
6808,"Cat_7",171,3759,"High"
6809,"Cat_17",185,1524,"Mid"
6810,"Cat_2",124,3935,"High"
6811,"Cat_3",130,2887,"Mid"
6812,"Cat_7",187,2832,"Mid"
6813,"Cat_30",171,2497,"Mid"
6814,"Cat_1",49,4673,"High"
6815,"Cat_13",153,1039,"Mid"
6816,"Cat_5",31,4722,"High"
6817,"Cat_16",112,3391,"High"
6818,"Cat_28",65,4984,"High"
6819,"Cat_17",91,3165,"High"
6820,"Cat_5",54,3658,"High"
6821,"Cat_15",139,995,"Low"
6822,"Cat_26",139,2749,"Mid"
6823,"Cat_23",77,928,"Low"
6824,"Cat_22",46,2526,"Mid"
6825,"Cat_1",5,241,"Low"
6826,"Cat_12",9,1946,"Mid"
6827,"Cat_2",125,1140,"Mid"
6828,"Cat_12",119,2262,"Mid"
6829,"Cat_7",131,4363,"High"
6830,"Cat_30",33,2012,"Mid"
6831,"Cat_11",24,2611,"Mid"
6832,"Cat_2",104,2417,"Mid"
6833,"Cat_27",42,3970,"High"
6834,"Cat_20",5,4269,"High"
6835,"Cat_3",6,1024,"Mid"
6836,"Cat_28",58,1049,"Mid"
6837,"Cat_22",197,1653,"Mid"
6838,"Cat_13",19,1833,"Mid"
6839,"Cat_26",164,3874,"High"
6840,"Cat_11",153,972,"Low"
6841,"Cat_17",81,1965,"Mid"
6842,"Cat_28",110,4881,"High"
6843,"Cat_10",189,954,"Low"
6844,"Cat_15",157,1458,"Mid"
6845,"Cat_5",98,2568,"Mid"
6846,"Cat_3",195,1763,"Mid"
6847,"Cat_8",144,4557,"High"
6848,"Cat_2",175,1345,"Mid"
6849,"Cat_16",81,1123,"Mid"
6850,"Cat_2",199,1069,"Mid"
6851,"Cat_15",116,974,"Low"
6852,"Cat_28",154,4172,"High"
6853,"Cat_9",80,2527,"Mid"
6854,"Cat_30",38,3139,"High"
6855,"Cat_6",186,4939,"High"
6856,"Cat_23",65,3190,"High"
6857,"Cat_14",130,3371,"High"
6858,"Cat_14",38,1388,"Mid"
6859,"Cat_8",50,1625,"Mid"
6860,"Cat_18",52,2395,"Mid"
6861,"Cat_25",149,936,"Low"
6862,"Cat_18",13,2424,"Mid"
6863,"Cat_10",151,1830,"Mid"
6864,"Cat_25",88,3667,"High"
6865,"Cat_15",88,4852,"High"
6866,"Cat_26",89,172,"Low"
6867,"Cat_4",170,1743,"Mid"
6868,"Cat_8",178,1662,"Mid"
6869,"Cat_23",171,2632,"Mid"
6870,"Cat_5",193,4941,"High"
6871,"Cat_25",116,3686,"High"
6872,"Cat_16",75,3329,"High"
6873,"Cat_17",101,1367,"Mid"
6874,"Cat_1",86,3252,"High"
6875,"Cat_15",147,4721,"High"
6876,"Cat_30",119,4981,"High"
6877,"Cat_9",81,4247,"High"
6878,"Cat_17",75,2899,"Mid"
6879,"Cat_4",37,3533,"High"
6880,"Cat_1",59,4556,"High"
6881,"Cat_6",59,3994,"High"
6882,"Cat_12",134,4786,"High"
6883,"Cat_5",42,3559,"High"
6884,"Cat_18",144,1699,"Mid"
6885,"Cat_12",110,147,"Low"
6886,"Cat_15",4,3724,"High"
6887,"Cat_17",96,1897,"Mid"
6888,"Cat_1",163,3211,"High"
6889,"Cat_9",126,461,"Low"
6890,"Cat_30",38,387,"Low"
6891,"Cat_25",11,4756,"High"
6892,"Cat_11",85,4660,"High"
6893,"Cat_26",142,4306,"High"
6894,"Cat_9",96,3690,"High"
6895,"Cat_17",75,1212,"Mid"
6896,"Cat_8",116,2314,"Mid"
6897,"Cat_3",178,4384,"High"
6898,"Cat_26",123,4468,"High"
6899,"Cat_2",17,3004,"High"
6900,"Cat_22",67,3699,"High"
6901,"Cat_11",117,2921,"Mid"
6902,"Cat_12",176,4436,"High"
6903,"Cat_16",76,4705,"High"
6904,"Cat_30",118,1617,"Mid"
6905,"Cat_30",102,4320,"High"
6906,"Cat_16",37,232,"Low"
6907,"Cat_13",76,2923,"Mid"
6908,"Cat_16",15,3507,"High"
6909,"Cat_30",169,840,"Low"
6910,"Cat_5",11,1093,"Mid"
6911,"Cat_26",140,3977,"High"
6912,"Cat_15",184,3728,"High"
6913,"Cat_4",44,1981,"Mid"
6914,"Cat_7",160,2616,"Mid"
6915,"Cat_24",193,1554,"Mid"
6916,"Cat_21",139,791,"Low"
6917,"Cat_4",12,4303,"High"
6918,"Cat_30",167,587,"Low"
6919,"Cat_22",75,327,"Low"
6920,"Cat_26",170,687,"Low"
6921,"Cat_6",106,511,"Low"
6922,"Cat_30",92,4623,"High"
6923,"Cat_20",173,953,"Low"
6924,"Cat_12",38,2175,"Mid"
6925,"Cat_25",100,1892,"Mid"
6926,"Cat_20",182,1656,"Mid"
6927,"Cat_25",135,1904,"Mid"
6928,"Cat_16",148,1240,"Mid"
6929,"Cat_19",10,3966,"High"
6930,"Cat_8",35,3228,"High"
6931,"Cat_23",74,969,"Low"
6932,"Cat_2",139,4452,"High"
6933,"Cat_6",164,100,"Low"
6934,"Cat_27",115,3489,"High"
6935,"Cat_10",53,2759,"Mid"
6936,"Cat_5",190,655,"Low"
6937,"Cat_12",31,1902,"Mid"
6938,"Cat_18",28,3052,"High"
6939,"Cat_15",13,232,"Low"
6940,"Cat_27",48,4715,"High"
6941,"Cat_27",91,1419,"Mid"
6942,"Cat_9",60,251,"Low"
6943,"Cat_15",200,4188,"High"
6944,"Cat_9",62,3600,"High"
6945,"Cat_20",149,2112,"Mid"
6946,"Cat_22",87,1383,"Mid"
6947,"Cat_12",180,4576,"High"
6948,"Cat_17",169,1177,"Mid"
6949,"Cat_15",107,1573,"Mid"
6950,"Cat_27",49,2652,"Mid"
6951,"Cat_10",91,3434,"High"
6952,"Cat_15",29,239,"Low"
6953,"Cat_21",52,1657,"Mid"
6954,"Cat_13",92,340,"Low"
6955,"Cat_26",172,4584,"High"
6956,"Cat_3",181,3494,"High"
6957,"Cat_20",141,1970,"Mid"
6958,"Cat_23",193,2124,"Mid"
6959,"Cat_24",35,1900,"Mid"
6960,"Cat_1",137,1232,"Mid"
6961,"Cat_24",55,2750,"Mid"
6962,"Cat_1",78,1328,"Mid"
6963,"Cat_17",166,4728,"High"
6964,"Cat_28",40,3895,"High"
6965,"Cat_13",139,2676,"Mid"
6966,"Cat_21",140,4482,"High"
6967,"Cat_13",4,2631,"Mid"
6968,"Cat_18",106,2345,"Mid"
6969,"Cat_18",28,3327,"High"
6970,"Cat_10",58,4059,"High"
6971,"Cat_28",48,3617,"High"
6972,"Cat_14",14,1849,"Mid"
6973,"Cat_17",59,1714,"Mid"
6974,"Cat_6",172,232,"Low"
6975,"Cat_12",39,1687,"Mid"
6976,"Cat_25",75,3535,"High"
6977,"Cat_9",165,1382,"Mid"
6978,"Cat_10",137,3383,"High"
6979,"Cat_25",40,521,"Low"
6980,"Cat_17",118,393,"Low"
6981,"Cat_11",84,3689,"High"
6982,"Cat_9",16,3936,"High"
6983,"Cat_13",189,1263,"Mid"
6984,"Cat_18",158,475,"Low"
6985,"Cat_28",36,643,"Low"
6986,"Cat_19",66,2274,"Mid"
6987,"Cat_10",96,3616,"High"
6988,"Cat_25",167,3274,"High"
6989,"Cat_27",143,2747,"Mid"
6990,"Cat_28",65,1872,"Mid"
6991,"Cat_7",25,3557,"High"
6992,"Cat_18",64,602,"Low"
6993,"Cat_14",107,4787,"High"
6994,"Cat_3",183,1094,"Mid"
6995,"Cat_13",4,1235,"Mid"
6996,"Cat_26",2,4596,"High"
6997,"Cat_6",108,4868,"High"
6998,"Cat_24",27,4803,"High"
6999,"Cat_28",36,4146,"High"
7000,"Cat_8",170,1429,"Mid"
7001,"Cat_21",55,2019,"Mid"
7002,"Cat_5",87,762,"Low"
7003,"Cat_17",27,4834,"High"
7004,"Cat_23",62,863,"Low"
7005,"Cat_15",71,4855,"High"
7006,"Cat_21",162,1136,"Mid"
7007,"Cat_5",196,3790,"High"
7008,"Cat_2",11,1080,"Mid"
7009,"Cat_28",168,1608,"Mid"
7010,"Cat_8",87,4758,"High"
7011,"Cat_7",193,3384,"High"
7012,"Cat_26",14,1916,"Mid"
7013,"Cat_19",141,1279,"Mid"
7014,"Cat_16",151,4084,"High"
7015,"Cat_5",105,4502,"High"
7016,"Cat_25",57,245,"Low"
7017,"Cat_28",27,2056,"Mid"
7018,"Cat_30",125,1119,"Mid"
7019,"Cat_4",17,2392,"Mid"
7020,"Cat_9",130,2778,"Mid"
7021,"Cat_16",134,2791,"Mid"
7022,"Cat_12",160,2187,"Mid"
7023,"Cat_20",10,4978,"High"
7024,"Cat_24",186,348,"Low"
7025,"Cat_3",197,3229,"High"
7026,"Cat_7",146,3196,"High"
7027,"Cat_29",38,3140,"High"
7028,"Cat_15",32,1133,"Mid"
7029,"Cat_29",18,540,"Low"
7030,"Cat_4",152,2256,"Mid"
7031,"Cat_26",175,638,"Low"
7032,"Cat_26",147,2156,"Mid"
7033,"Cat_24",90,2110,"Mid"
7034,"Cat_10",195,1859,"Mid"
7035,"Cat_15",113,672,"Low"
7036,"Cat_12",164,2480,"Mid"
7037,"Cat_8",52,3848,"High"
7038,"Cat_28",49,3465,"High"
7039,"Cat_1",70,184,"Low"
7040,"Cat_28",142,3922,"High"
7041,"Cat_12",93,938,"Low"
7042,"Cat_4",127,2116,"Mid"
7043,"Cat_2",119,725,"Low"
7044,"Cat_14",113,3850,"High"
7045,"Cat_7",95,4653,"High"
7046,"Cat_24",137,129,"Low"
7047,"Cat_12",103,2765,"Mid"
7048,"Cat_27",103,3733,"High"
7049,"Cat_11",107,3213,"High"
7050,"Cat_12",89,4771,"High"
7051,"Cat_4",88,4453,"High"
7052,"Cat_27",140,2524,"Mid"
7053,"Cat_8",124,2113,"Mid"
7054,"Cat_16",82,4521,"High"
7055,"Cat_6",191,3358,"High"
7056,"Cat_26",98,1991,"Mid"
7057,"Cat_14",67,2615,"Mid"
7058,"Cat_15",197,3050,"High"
7059,"Cat_25",43,1332,"Mid"
7060,"Cat_4",175,4730,"High"
7061,"Cat_12",17,1750,"Mid"
7062,"Cat_2",15,2823,"Mid"
7063,"Cat_25",2,3807,"High"
7064,"Cat_27",32,2155,"Mid"
7065,"Cat_2",111,4513,"High"
7066,"Cat_17",79,4353,"High"
7067,"Cat_16",122,2966,"Mid"
7068,"Cat_11",73,3290,"High"
7069,"Cat_26",29,2033,"Mid"
7070,"Cat_1",126,2109,"Mid"
7071,"Cat_6",138,4218,"High"
7072,"Cat_16",23,1665,"Mid"
7073,"Cat_7",197,3238,"High"
7074,"Cat_15",162,2455,"Mid"
7075,"Cat_10",118,929,"Low"
7076,"Cat_10",76,201,"Low"
7077,"Cat_28",139,4103,"High"
7078,"Cat_8",183,3508,"High"
7079,"Cat_24",171,4525,"High"
7080,"Cat_21",136,1324,"Mid"
7081,"Cat_24",103,2530,"Mid"
7082,"Cat_15",84,1769,"Mid"
7083,"Cat_4",135,3888,"High"
7084,"Cat_8",148,3802,"High"
7085,"Cat_20",84,4498,"High"
7086,"Cat_27",35,1082,"Mid"
7087,"Cat_24",146,628,"Low"
7088,"Cat_22",137,3051,"High"
7089,"Cat_16",176,363,"Low"
7090,"Cat_6",93,149,"Low"
7091,"Cat_21",71,2674,"Mid"
7092,"Cat_6",34,4537,"High"
7093,"Cat_3",151,3219,"High"
7094,"Cat_15",82,3900,"High"
7095,"Cat_2",172,2387,"Mid"
7096,"Cat_22",142,4648,"High"
7097,"Cat_25",28,3740,"High"
7098,"Cat_25",178,3459,"High"
7099,"Cat_7",29,4497,"High"
7100,"Cat_16",68,890,"Low"
7101,"Cat_11",126,4835,"High"
7102,"Cat_21",52,2544,"Mid"
7103,"Cat_25",115,1303,"Mid"
7104,"Cat_15",149,1649,"Mid"
7105,"Cat_28",199,1356,"Mid"
7106,"Cat_19",98,3277,"High"
7107,"Cat_24",103,560,"Low"
7108,"Cat_27",84,1605,"Mid"
7109,"Cat_9",171,1154,"Mid"
7110,"Cat_15",116,2904,"Mid"
7111,"Cat_9",75,2177,"Mid"
7112,"Cat_30",183,2238,"Mid"
7113,"Cat_30",111,565,"Low"
7114,"Cat_15",58,411,"Low"
7115,"Cat_19",159,4798,"High"
7116,"Cat_6",24,2851,"Mid"
7117,"Cat_10",178,2004,"Mid"
7118,"Cat_25",166,2661,"Mid"
7119,"Cat_12",151,214,"Low"
7120,"Cat_13",186,3600,"High"
7121,"Cat_23",37,3063,"High"
7122,"Cat_23",136,142,"Low"
7123,"Cat_14",194,4719,"High"
7124,"Cat_28",191,2236,"Mid"
7125,"Cat_14",178,1919,"Mid"
7126,"Cat_22",46,2516,"Mid"
7127,"Cat_26",151,4124,"High"
7128,"Cat_20",140,3179,"High"
7129,"Cat_3",134,4135,"High"
7130,"Cat_9",101,2707,"Mid"
7131,"Cat_5",20,2413,"Mid"
7132,"Cat_28",36,4231,"High"
7133,"Cat_24",140,3279,"High"
7134,"Cat_14",86,252,"Low"
7135,"Cat_24",168,4544,"High"
7136,"Cat_1",92,4031,"High"
7137,"Cat_7",114,1726,"Mid"
7138,"Cat_14",49,2563,"Mid"
7139,"Cat_3",185,644,"Low"
7140,"Cat_21",14,1678,"Mid"
7141,"Cat_13",17,1986,"Mid"
7142,"Cat_23",74,3856,"High"
7143,"Cat_3",153,2712,"Mid"
7144,"Cat_19",20,1285,"Mid"
7145,"Cat_16",106,3994,"High"
7146,"Cat_28",197,706,"Low"
7147,"Cat_8",19,1248,"Mid"
7148,"Cat_2",3,1497,"Mid"
7149,"Cat_11",67,4984,"High"
7150,"Cat_21",24,2316,"Mid"
7151,"Cat_28",70,1549,"Mid"
7152,"Cat_11",40,4747,"High"
7153,"Cat_18",163,4053,"High"
7154,"Cat_12",150,2535,"Mid"
7155,"Cat_10",92,3118,"High"
7156,"Cat_19",187,4198,"High"
7157,"Cat_27",6,1089,"Mid"
7158,"Cat_27",157,2563,"Mid"
7159,"Cat_23",139,4858,"High"
7160,"Cat_7",76,2631,"Mid"
7161,"Cat_11",73,4023,"High"
7162,"Cat_22",199,835,"Low"
7163,"Cat_12",166,4435,"High"
7164,"Cat_14",78,3459,"High"
7165,"Cat_27",69,279,"Low"
7166,"Cat_11",187,716,"Low"
7167,"Cat_25",109,272,"Low"
7168,"Cat_6",130,1802,"Mid"
7169,"Cat_29",197,2622,"Mid"
7170,"Cat_3",20,925,"Low"
7171,"Cat_26",49,619,"Low"
7172,"Cat_23",33,109,"Low"
7173,"Cat_13",36,3096,"High"
7174,"Cat_28",20,1062,"Mid"
7175,"Cat_8",133,3060,"High"
7176,"Cat_25",11,508,"Low"
7177,"Cat_9",99,1705,"Mid"
7178,"Cat_17",28,3271,"High"
7179,"Cat_27",80,4289,"High"
7180,"Cat_28",63,3330,"High"
7181,"Cat_19",114,2594,"Mid"
7182,"Cat_16",92,1100,"Mid"
7183,"Cat_13",170,2316,"Mid"
7184,"Cat_26",148,785,"Low"
7185,"Cat_13",25,2082,"Mid"
7186,"Cat_28",110,4675,"High"
7187,"Cat_14",188,4642,"High"
7188,"Cat_22",64,924,"Low"
7189,"Cat_23",70,801,"Low"
7190,"Cat_26",172,3131,"High"
7191,"Cat_26",42,3480,"High"
7192,"Cat_22",190,1767,"Mid"
7193,"Cat_12",153,4815,"High"
7194,"Cat_19",188,3908,"High"
7195,"Cat_4",162,4012,"High"
7196,"Cat_24",40,1896,"Mid"
7197,"Cat_29",14,4933,"High"
7198,"Cat_28",52,1574,"Mid"
7199,"Cat_25",180,1631,"Mid"
7200,"Cat_28",17,4266,"High"
7201,"Cat_25",82,2785,"Mid"
7202,"Cat_16",10,4883,"High"
7203,"Cat_27",72,4030,"High"
7204,"Cat_26",117,3890,"High"
7205,"Cat_26",17,617,"Low"
7206,"Cat_23",158,3085,"High"
7207,"Cat_10",2,2252,"Mid"
7208,"Cat_12",47,573,"Low"
7209,"Cat_27",46,4243,"High"
7210,"Cat_3",111,2892,"Mid"
7211,"Cat_27",150,4306,"High"
7212,"Cat_4",38,1874,"Mid"
7213,"Cat_30",186,4076,"High"
7214,"Cat_26",108,1154,"Mid"
7215,"Cat_21",126,4862,"High"
7216,"Cat_16",60,4648,"High"
7217,"Cat_16",42,3612,"High"
7218,"Cat_24",33,2982,"Mid"
7219,"Cat_18",10,3543,"High"
7220,"Cat_1",23,3421,"High"
7221,"Cat_24",150,1571,"Mid"
7222,"Cat_7",47,4448,"High"
7223,"Cat_19",184,4880,"High"
7224,"Cat_5",57,4154,"High"
7225,"Cat_17",179,3832,"High"
7226,"Cat_3",150,302,"Low"
7227,"Cat_20",134,2830,"Mid"
7228,"Cat_9",198,2520,"Mid"
7229,"Cat_24",187,801,"Low"
7230,"Cat_17",17,1349,"Mid"
7231,"Cat_25",110,662,"Low"
7232,"Cat_7",144,2745,"Mid"
7233,"Cat_13",92,4680,"High"
7234,"Cat_24",65,1457,"Mid"
7235,"Cat_2",200,3025,"High"
7236,"Cat_30",19,1704,"Mid"
7237,"Cat_19",194,3148,"High"
7238,"Cat_11",25,3071,"High"
7239,"Cat_13",8,1788,"Mid"
7240,"Cat_19",92,1430,"Mid"
7241,"Cat_2",108,4453,"High"
7242,"Cat_11",93,1144,"Mid"
7243,"Cat_12",67,2033,"Mid"
7244,"Cat_20",143,1710,"Mid"
7245,"Cat_25",129,3262,"High"
7246,"Cat_14",76,683,"Low"
7247,"Cat_26",17,668,"Low"
7248,"Cat_25",121,2350,"Mid"
7249,"Cat_27",102,1240,"Mid"
7250,"Cat_14",127,2690,"Mid"
7251,"Cat_25",193,314,"Low"
7252,"Cat_21",14,548,"Low"
7253,"Cat_8",130,667,"Low"
7254,"Cat_1",15,849,"Low"
7255,"Cat_29",153,3616,"High"
7256,"Cat_8",174,4475,"High"
7257,"Cat_24",188,1885,"Mid"
7258,"Cat_20",68,4185,"High"
7259,"Cat_13",68,3618,"High"
7260,"Cat_28",133,3218,"High"
7261,"Cat_26",17,199,"Low"
7262,"Cat_5",139,1509,"Mid"
7263,"Cat_8",56,3969,"High"
7264,"Cat_8",172,380,"Low"
7265,"Cat_9",31,4665,"High"
7266,"Cat_14",151,1262,"Mid"
7267,"Cat_10",43,1327,"Mid"
7268,"Cat_23",142,369,"Low"
7269,"Cat_3",35,4680,"High"
7270,"Cat_11",55,1742,"Mid"
7271,"Cat_1",191,1372,"Mid"
7272,"Cat_20",159,1745,"Mid"
7273,"Cat_21",61,4469,"High"
7274,"Cat_8",6,2736,"Mid"
7275,"Cat_11",18,4287,"High"
7276,"Cat_21",162,3943,"High"
7277,"Cat_30",196,496,"Low"
7278,"Cat_21",135,3645,"High"
7279,"Cat_5",130,3608,"High"
7280,"Cat_24",52,2972,"Mid"
7281,"Cat_22",196,1645,"Mid"
7282,"Cat_14",156,2750,"Mid"
7283,"Cat_5",70,4440,"High"
7284,"Cat_4",163,264,"Low"
7285,"Cat_3",94,942,"Low"
7286,"Cat_11",39,2660,"Mid"
7287,"Cat_1",156,337,"Low"
7288,"Cat_17",98,1065,"Mid"
7289,"Cat_14",38,4419,"High"
7290,"Cat_1",2,2103,"Mid"
7291,"Cat_20",86,2581,"Mid"
7292,"Cat_22",104,4380,"High"
7293,"Cat_25",27,3910,"High"
7294,"Cat_4",17,1853,"Mid"
7295,"Cat_8",8,3078,"High"
7296,"Cat_21",67,518,"Low"
7297,"Cat_1",108,1978,"Mid"
7298,"Cat_9",175,3708,"High"
7299,"Cat_8",146,773,"Low"
7300,"Cat_18",69,2932,"Mid"
7301,"Cat_12",94,2499,"Mid"
7302,"Cat_15",55,1389,"Mid"
7303,"Cat_18",53,2597,"Mid"
7304,"Cat_6",60,2133,"Mid"
7305,"Cat_18",26,2692,"Mid"
7306,"Cat_27",76,2400,"Mid"
7307,"Cat_6",20,4126,"High"
7308,"Cat_16",5,2346,"Mid"
7309,"Cat_24",193,4512,"High"
7310,"Cat_19",65,1544,"Mid"
7311,"Cat_19",175,121,"Low"
7312,"Cat_17",13,392,"Low"
7313,"Cat_21",55,2119,"Mid"
7314,"Cat_9",159,3442,"High"
7315,"Cat_17",103,3450,"High"
7316,"Cat_22",16,3532,"High"
7317,"Cat_8",72,358,"Low"
7318,"Cat_11",140,3736,"High"
7319,"Cat_1",5,4522,"High"
7320,"Cat_9",22,3984,"High"
7321,"Cat_8",141,4302,"High"
7322,"Cat_23",117,351,"Low"
7323,"Cat_22",108,1453,"Mid"
7324,"Cat_10",83,2470,"Mid"
7325,"Cat_29",125,2524,"Mid"
7326,"Cat_26",72,1470,"Mid"
7327,"Cat_29",105,222,"Low"
7328,"Cat_10",137,3807,"High"
7329,"Cat_2",116,2448,"Mid"
7330,"Cat_2",144,761,"Low"
7331,"Cat_17",142,2733,"Mid"
7332,"Cat_12",132,1550,"Mid"
7333,"Cat_23",148,1633,"Mid"
7334,"Cat_13",145,2358,"Mid"
7335,"Cat_28",119,4842,"High"
7336,"Cat_29",120,1767,"Mid"
7337,"Cat_3",72,1961,"Mid"
7338,"Cat_5",104,732,"Low"
7339,"Cat_22",199,2565,"Mid"
7340,"Cat_29",127,3528,"High"
7341,"Cat_19",167,579,"Low"
7342,"Cat_24",116,1252,"Mid"
7343,"Cat_5",92,1573,"Mid"
7344,"Cat_15",112,1188,"Mid"
7345,"Cat_11",159,1476,"Mid"
7346,"Cat_12",24,2285,"Mid"
7347,"Cat_9",148,707,"Low"
7348,"Cat_6",97,2829,"Mid"
7349,"Cat_2",110,2686,"Mid"
7350,"Cat_10",189,2682,"Mid"
7351,"Cat_17",172,702,"Low"
7352,"Cat_26",153,1509,"Mid"
7353,"Cat_28",146,2851,"Mid"
7354,"Cat_12",68,4174,"High"
7355,"Cat_6",80,2113,"Mid"
7356,"Cat_1",10,2554,"Mid"
7357,"Cat_30",20,1237,"Mid"
7358,"Cat_12",176,4664,"High"
7359,"Cat_3",192,198,"Low"
7360,"Cat_1",174,325,"Low"
7361,"Cat_21",163,148,"Low"
7362,"Cat_30",92,2695,"Mid"
7363,"Cat_21",192,1868,"Mid"
7364,"Cat_22",77,1928,"Mid"
7365,"Cat_16",68,2681,"Mid"
7366,"Cat_15",192,3028,"High"
7367,"Cat_14",38,2901,"Mid"
7368,"Cat_15",86,2229,"Mid"
7369,"Cat_12",93,1184,"Mid"
7370,"Cat_17",122,3023,"High"
7371,"Cat_11",37,3149,"High"
7372,"Cat_25",195,927,"Low"
7373,"Cat_30",185,3264,"High"
7374,"Cat_19",137,2836,"Mid"
7375,"Cat_25",130,2242,"Mid"
7376,"Cat_29",200,1529,"Mid"
7377,"Cat_26",125,1028,"Mid"
7378,"Cat_20",26,433,"Low"
7379,"Cat_25",22,3670,"High"
7380,"Cat_9",103,2424,"Mid"
7381,"Cat_20",196,2106,"Mid"
7382,"Cat_15",41,1353,"Mid"
7383,"Cat_3",31,4314,"High"
7384,"Cat_8",18,1232,"Mid"
7385,"Cat_1",166,2571,"Mid"
7386,"Cat_2",89,1493,"Mid"
7387,"Cat_21",71,4995,"High"
7388,"Cat_1",42,3164,"High"
7389,"Cat_19",171,3375,"High"
7390,"Cat_22",97,2791,"Mid"
7391,"Cat_2",10,993,"Low"
7392,"Cat_15",121,4216,"High"
7393,"Cat_4",38,813,"Low"
7394,"Cat_1",146,2768,"Mid"
7395,"Cat_14",152,3766,"High"
7396,"Cat_17",108,4202,"High"
7397,"Cat_5",111,552,"Low"
7398,"Cat_8",66,4629,"High"
7399,"Cat_16",156,1938,"Mid"
7400,"Cat_1",54,3999,"High"
7401,"Cat_24",160,4195,"High"
7402,"Cat_24",86,3067,"High"
7403,"Cat_3",11,4060,"High"
7404,"Cat_2",82,3913,"High"
7405,"Cat_6",112,967,"Low"
7406,"Cat_11",111,3191,"High"
7407,"Cat_20",159,1969,"Mid"
7408,"Cat_11",200,705,"Low"
7409,"Cat_9",117,1024,"Mid"
7410,"Cat_11",53,1441,"Mid"
7411,"Cat_28",68,1979,"Mid"
7412,"Cat_9",9,2432,"Mid"
7413,"Cat_7",77,4537,"High"
7414,"Cat_28",99,1504,"Mid"
7415,"Cat_10",7,2633,"Mid"
7416,"Cat_28",177,1752,"Mid"
7417,"Cat_26",154,3619,"High"
7418,"Cat_27",151,4948,"High"
7419,"Cat_30",62,4824,"High"
7420,"Cat_30",191,2912,"Mid"
7421,"Cat_28",178,4729,"High"
7422,"Cat_7",43,608,"Low"
7423,"Cat_16",101,2588,"Mid"
7424,"Cat_3",120,4710,"High"
7425,"Cat_25",180,4671,"High"
7426,"Cat_12",157,2540,"Mid"
7427,"Cat_6",23,1216,"Mid"
7428,"Cat_8",165,1222,"Mid"
7429,"Cat_13",133,3909,"High"
7430,"Cat_12",136,2041,"Mid"
7431,"Cat_21",103,4806,"High"
7432,"Cat_20",145,1750,"Mid"
7433,"Cat_13",68,3513,"High"
7434,"Cat_2",99,2812,"Mid"
7435,"Cat_8",142,388,"Low"
7436,"Cat_15",167,2418,"Mid"
7437,"Cat_21",98,497,"Low"
7438,"Cat_3",185,3188,"High"
7439,"Cat_10",151,4371,"High"
7440,"Cat_5",2,4491,"High"
7441,"Cat_17",193,670,"Low"
7442,"Cat_29",196,4211,"High"
7443,"Cat_2",117,2025,"Mid"
7444,"Cat_26",63,3846,"High"
7445,"Cat_11",3,4708,"High"
7446,"Cat_30",143,816,"Low"
7447,"Cat_2",182,3566,"High"
7448,"Cat_2",149,766,"Low"
7449,"Cat_20",189,2736,"Mid"
7450,"Cat_1",120,1739,"Mid"
7451,"Cat_27",92,1049,"Mid"
7452,"Cat_12",148,3639,"High"
7453,"Cat_24",81,2743,"Mid"
7454,"Cat_22",104,437,"Low"
7455,"Cat_29",93,3645,"High"
7456,"Cat_26",172,2753,"Mid"
7457,"Cat_11",31,1869,"Mid"
7458,"Cat_14",131,4126,"High"
7459,"Cat_16",79,3845,"High"
7460,"Cat_13",45,3253,"High"
7461,"Cat_5",122,1787,"Mid"
7462,"Cat_8",158,2036,"Mid"
7463,"Cat_16",137,416,"Low"
7464,"Cat_12",12,3373,"High"
7465,"Cat_11",181,506,"Low"
7466,"Cat_23",114,1552,"Mid"
7467,"Cat_4",195,970,"Low"
7468,"Cat_30",106,4837,"High"
7469,"Cat_24",124,1256,"Mid"
7470,"Cat_20",134,4488,"High"
7471,"Cat_22",160,3117,"High"
7472,"Cat_5",178,806,"Low"
7473,"Cat_16",153,4359,"High"
7474,"Cat_20",190,618,"Low"
7475,"Cat_5",25,2081,"Mid"
7476,"Cat_10",144,385,"Low"
7477,"Cat_10",24,1180,"Mid"
7478,"Cat_5",83,1724,"Mid"
7479,"Cat_6",63,760,"Low"
7480,"Cat_14",101,1915,"Mid"
7481,"Cat_29",56,3380,"High"
7482,"Cat_30",62,2870,"Mid"
7483,"Cat_22",88,2253,"Mid"
7484,"Cat_22",47,2276,"Mid"
7485,"Cat_21",119,4945,"High"
7486,"Cat_10",49,1597,"Mid"
7487,"Cat_1",1,931,"Low"
7488,"Cat_12",190,1112,"Mid"
7489,"Cat_20",43,4325,"High"
7490,"Cat_13",182,2088,"Mid"
7491,"Cat_24",95,3159,"High"
7492,"Cat_21",147,826,"Low"
7493,"Cat_15",189,2163,"Mid"
7494,"Cat_5",99,3233,"High"
7495,"Cat_15",113,1528,"Mid"
7496,"Cat_27",10,240,"Low"
7497,"Cat_11",191,867,"Low"
7498,"Cat_5",120,1483,"Mid"
7499,"Cat_15",193,1022,"Mid"
7500,"Cat_28",87,3857,"High"
7501,"Cat_19",69,4144,"High"
7502,"Cat_30",19,756,"Low"
7503,"Cat_30",135,4296,"High"
7504,"Cat_6",12,1654,"Mid"
7505,"Cat_17",76,160,"Low"
7506,"Cat_8",117,3597,"High"
7507,"Cat_16",25,1217,"Mid"
7508,"Cat_7",70,2967,"Mid"
7509,"Cat_21",170,3600,"High"
7510,"Cat_29",88,4536,"High"
7511,"Cat_19",34,4941,"High"
7512,"Cat_26",97,1569,"Mid"
7513,"Cat_1",41,2591,"Mid"
7514,"Cat_25",163,191,"Low"
7515,"Cat_22",86,3860,"High"
7516,"Cat_7",136,4491,"High"
7517,"Cat_22",59,1928,"Mid"
7518,"Cat_29",197,2602,"Mid"
7519,"Cat_25",95,488,"Low"
7520,"Cat_13",14,4447,"High"
7521,"Cat_17",20,1677,"Mid"
7522,"Cat_6",189,4858,"High"
7523,"Cat_21",9,2364,"Mid"
7524,"Cat_4",146,3171,"High"
7525,"Cat_21",94,3299,"High"
7526,"Cat_25",192,2547,"Mid"
7527,"Cat_19",116,583,"Low"
7528,"Cat_21",48,2347,"Mid"
7529,"Cat_1",172,2623,"Mid"
7530,"Cat_22",81,3922,"High"
7531,"Cat_17",6,2547,"Mid"
7532,"Cat_6",68,2184,"Mid"
7533,"Cat_1",199,2441,"Mid"
7534,"Cat_27",126,3135,"High"
7535,"Cat_23",27,521,"Low"
7536,"Cat_25",87,2780,"Mid"
7537,"Cat_29",69,3794,"High"
7538,"Cat_17",27,1336,"Mid"
7539,"Cat_13",136,1025,"Mid"
7540,"Cat_19",97,3338,"High"
7541,"Cat_17",113,3227,"High"
7542,"Cat_4",83,1202,"Mid"
7543,"Cat_17",79,4663,"High"
7544,"Cat_19",119,2132,"Mid"
7545,"Cat_25",64,3695,"High"
7546,"Cat_12",118,908,"Low"
7547,"Cat_9",179,2034,"Mid"
7548,"Cat_1",136,3490,"High"
7549,"Cat_9",167,323,"Low"
7550,"Cat_16",116,2434,"Mid"
7551,"Cat_21",165,3169,"High"
7552,"Cat_4",172,2391,"Mid"
7553,"Cat_9",10,2550,"Mid"
7554,"Cat_12",74,629,"Low"
7555,"Cat_15",3,1123,"Mid"
7556,"Cat_16",78,4874,"High"
7557,"Cat_21",10,2636,"Mid"
7558,"Cat_23",131,711,"Low"
7559,"Cat_6",73,3056,"High"
7560,"Cat_21",7,421,"Low"
7561,"Cat_16",29,4689,"High"
7562,"Cat_15",11,132,"Low"
7563,"Cat_12",142,4273,"High"
7564,"Cat_26",13,2524,"Mid"
7565,"Cat_28",118,2905,"Mid"
7566,"Cat_11",100,1784,"Mid"
7567,"Cat_22",14,4916,"High"
7568,"Cat_16",117,2868,"Mid"
7569,"Cat_5",178,4976,"High"
7570,"Cat_7",124,4172,"High"
7571,"Cat_13",132,443,"Low"
7572,"Cat_27",89,2667,"Mid"
7573,"Cat_9",147,1657,"Mid"
7574,"Cat_1",52,175,"Low"
7575,"Cat_18",28,4127,"High"
7576,"Cat_17",185,366,"Low"
7577,"Cat_12",175,671,"Low"
7578,"Cat_3",147,3367,"High"
7579,"Cat_23",127,3903,"High"
7580,"Cat_12",124,4952,"High"
7581,"Cat_16",2,3262,"High"
7582,"Cat_2",47,3194,"High"
7583,"Cat_21",136,4245,"High"
7584,"Cat_17",45,4572,"High"
7585,"Cat_2",62,849,"Low"
7586,"Cat_4",171,3304,"High"
7587,"Cat_13",196,2492,"Mid"
7588,"Cat_12",175,4203,"High"
7589,"Cat_23",120,3530,"High"
7590,"Cat_6",83,4979,"High"
7591,"Cat_21",147,3898,"High"
7592,"Cat_23",16,671,"Low"
7593,"Cat_8",112,3481,"High"
7594,"Cat_2",4,3103,"High"
7595,"Cat_19",131,106,"Low"
7596,"Cat_2",58,1265,"Mid"
7597,"Cat_14",106,3100,"High"
7598,"Cat_26",68,1784,"Mid"
7599,"Cat_5",140,4355,"High"
7600,"Cat_20",162,1653,"Mid"
7601,"Cat_20",28,1763,"Mid"
7602,"Cat_11",188,1268,"Mid"
7603,"Cat_8",78,168,"Low"
7604,"Cat_10",112,1021,"Mid"
7605,"Cat_10",31,4946,"High"
7606,"Cat_24",184,2772,"Mid"
7607,"Cat_12",61,179,"Low"
7608,"Cat_15",42,1944,"Mid"
7609,"Cat_1",82,1316,"Mid"
7610,"Cat_10",1,915,"Low"
7611,"Cat_11",22,325,"Low"
7612,"Cat_13",191,2493,"Mid"
7613,"Cat_4",145,3788,"High"
7614,"Cat_15",3,3960,"High"
7615,"Cat_3",65,4438,"High"
7616,"Cat_10",43,2238,"Mid"
7617,"Cat_3",108,723,"Low"
7618,"Cat_20",61,3291,"High"
7619,"Cat_6",66,1490,"Mid"
7620,"Cat_20",119,2731,"Mid"
7621,"Cat_18",184,4113,"High"
7622,"Cat_8",84,3584,"High"
7623,"Cat_21",176,1057,"Mid"
7624,"Cat_28",170,2103,"Mid"
7625,"Cat_23",193,3983,"High"
7626,"Cat_9",121,4343,"High"
7627,"Cat_23",79,1736,"Mid"
7628,"Cat_7",94,2841,"Mid"
7629,"Cat_12",155,2729,"Mid"
7630,"Cat_22",28,988,"Low"
7631,"Cat_7",67,1469,"Mid"
7632,"Cat_16",71,3297,"High"
7633,"Cat_7",91,3633,"High"
7634,"Cat_9",181,1078,"Mid"
7635,"Cat_26",9,3152,"High"
7636,"Cat_28",164,4486,"High"
7637,"Cat_30",79,2857,"Mid"
7638,"Cat_10",68,4279,"High"
7639,"Cat_9",18,3400,"High"
7640,"Cat_11",84,3411,"High"
7641,"Cat_29",41,3274,"High"
7642,"Cat_23",95,2992,"Mid"
7643,"Cat_4",185,1993,"Mid"
7644,"Cat_21",179,1262,"Mid"
7645,"Cat_15",142,2045,"Mid"
7646,"Cat_16",139,3647,"High"
7647,"Cat_13",47,1669,"Mid"
7648,"Cat_3",27,788,"Low"
7649,"Cat_4",4,2064,"Mid"
7650,"Cat_16",90,4593,"High"
7651,"Cat_13",89,2145,"Mid"
7652,"Cat_30",173,642,"Low"
7653,"Cat_4",137,3366,"High"
7654,"Cat_9",18,4370,"High"
7655,"Cat_8",77,1532,"Mid"
7656,"Cat_5",101,517,"Low"
7657,"Cat_3",199,3917,"High"
7658,"Cat_25",96,1389,"Mid"
7659,"Cat_2",68,518,"Low"
7660,"Cat_23",110,1856,"Mid"
7661,"Cat_9",156,759,"Low"
7662,"Cat_7",132,2773,"Mid"
7663,"Cat_6",35,796,"Low"
7664,"Cat_19",96,1519,"Mid"
7665,"Cat_30",99,3310,"High"
7666,"Cat_22",15,3355,"High"
7667,"Cat_26",51,215,"Low"
7668,"Cat_24",120,317,"Low"
7669,"Cat_8",30,1466,"Mid"
7670,"Cat_26",183,1160,"Mid"
7671,"Cat_1",178,468,"Low"
7672,"Cat_15",146,4053,"High"
7673,"Cat_18",112,4367,"High"
7674,"Cat_24",196,1115,"Mid"
7675,"Cat_16",189,4959,"High"
7676,"Cat_8",29,2661,"Mid"
7677,"Cat_18",15,1823,"Mid"
7678,"Cat_22",81,1575,"Mid"
7679,"Cat_4",91,229,"Low"
7680,"Cat_18",92,356,"Low"
7681,"Cat_8",159,2292,"Mid"
7682,"Cat_10",200,4129,"High"
7683,"Cat_1",69,2567,"Mid"
7684,"Cat_28",96,3377,"High"
7685,"Cat_27",170,1290,"Mid"
7686,"Cat_11",142,1798,"Mid"
7687,"Cat_30",195,4806,"High"
7688,"Cat_16",175,3287,"High"
7689,"Cat_29",60,1201,"Mid"
7690,"Cat_25",93,2602,"Mid"
7691,"Cat_28",43,259,"Low"
7692,"Cat_19",187,3800,"High"
7693,"Cat_11",66,4413,"High"
7694,"Cat_24",112,2522,"Mid"
7695,"Cat_24",200,3486,"High"
7696,"Cat_20",117,2919,"Mid"
7697,"Cat_11",173,2514,"Mid"
7698,"Cat_5",179,2129,"Mid"
7699,"Cat_19",15,2772,"Mid"
7700,"Cat_15",164,2101,"Mid"
7701,"Cat_20",107,4063,"High"
7702,"Cat_30",134,1429,"Mid"
7703,"Cat_22",42,697,"Low"
7704,"Cat_25",42,4468,"High"
7705,"Cat_3",59,649,"Low"
7706,"Cat_21",54,3035,"High"
7707,"Cat_5",7,2867,"Mid"
7708,"Cat_10",84,2313,"Mid"
7709,"Cat_28",192,4674,"High"
7710,"Cat_13",141,1483,"Mid"
7711,"Cat_5",127,2196,"Mid"
7712,"Cat_28",83,2070,"Mid"
7713,"Cat_23",162,4117,"High"
7714,"Cat_3",50,3186,"High"
7715,"Cat_9",158,3813,"High"
7716,"Cat_17",139,1641,"Mid"
7717,"Cat_18",29,3645,"High"
7718,"Cat_7",109,380,"Low"
7719,"Cat_4",48,2161,"Mid"
7720,"Cat_24",122,4312,"High"
7721,"Cat_16",154,2683,"Mid"
7722,"Cat_29",10,2002,"Mid"
7723,"Cat_28",23,4112,"High"
7724,"Cat_24",79,3327,"High"
7725,"Cat_16",100,4602,"High"
7726,"Cat_21",43,3925,"High"
7727,"Cat_14",176,906,"Low"
7728,"Cat_28",59,2139,"Mid"
7729,"Cat_23",56,4797,"High"
7730,"Cat_20",10,3449,"High"
7731,"Cat_25",93,2905,"Mid"
7732,"Cat_26",2,2706,"Mid"
7733,"Cat_21",130,3971,"High"
7734,"Cat_23",175,2816,"Mid"
7735,"Cat_8",47,2684,"Mid"
7736,"Cat_30",96,701,"Low"
7737,"Cat_6",168,3439,"High"
7738,"Cat_2",199,1192,"Mid"
7739,"Cat_26",166,1563,"Mid"
7740,"Cat_29",151,1177,"Mid"
7741,"Cat_18",100,2771,"Mid"
7742,"Cat_29",120,4373,"High"
7743,"Cat_11",114,4713,"High"
7744,"Cat_19",140,1199,"Mid"
7745,"Cat_29",142,4936,"High"
7746,"Cat_30",132,2089,"Mid"
7747,"Cat_7",26,1967,"Mid"
7748,"Cat_1",126,3877,"High"
7749,"Cat_16",62,2945,"Mid"
7750,"Cat_4",112,2096,"Mid"
7751,"Cat_2",106,3953,"High"
7752,"Cat_10",91,4075,"High"
7753,"Cat_16",156,3395,"High"
7754,"Cat_27",37,678,"Low"
7755,"Cat_22",115,2684,"Mid"
7756,"Cat_4",28,117,"Low"
7757,"Cat_10",182,1663,"Mid"
7758,"Cat_30",178,1295,"Mid"
7759,"Cat_13",152,208,"Low"
7760,"Cat_12",104,2567,"Mid"
7761,"Cat_30",71,4531,"High"
7762,"Cat_7",20,932,"Low"
7763,"Cat_25",167,910,"Low"
7764,"Cat_12",131,717,"Low"
7765,"Cat_20",155,4405,"High"
7766,"Cat_20",13,2095,"Mid"
7767,"Cat_19",189,967,"Low"
7768,"Cat_1",50,4025,"High"
7769,"Cat_9",3,1316,"Mid"
7770,"Cat_11",172,3650,"High"
7771,"Cat_25",129,1277,"Mid"
7772,"Cat_29",33,3251,"High"
7773,"Cat_14",146,349,"Low"
7774,"Cat_23",5,4463,"High"
7775,"Cat_6",50,4872,"High"
7776,"Cat_10",38,3843,"High"
7777,"Cat_16",81,759,"Low"
7778,"Cat_3",181,327,"Low"
7779,"Cat_12",120,2581,"Mid"
7780,"Cat_23",68,966,"Low"
7781,"Cat_23",11,730,"Low"
7782,"Cat_22",198,4893,"High"
7783,"Cat_13",20,3291,"High"
7784,"Cat_7",149,3211,"High"
7785,"Cat_17",100,2053,"Mid"
7786,"Cat_6",42,1625,"Mid"
7787,"Cat_30",130,4921,"High"
7788,"Cat_19",115,2252,"Mid"
7789,"Cat_9",24,3662,"High"
7790,"Cat_16",70,921,"Low"
7791,"Cat_6",20,2379,"Mid"
7792,"Cat_4",92,1140,"Mid"
7793,"Cat_17",57,1157,"Mid"
7794,"Cat_15",161,788,"Low"
7795,"Cat_18",145,2802,"Mid"
7796,"Cat_24",89,2567,"Mid"
7797,"Cat_2",120,572,"Low"
7798,"Cat_24",5,2997,"Mid"
7799,"Cat_18",149,3801,"High"
7800,"Cat_21",194,4543,"High"
7801,"Cat_6",142,3777,"High"
7802,"Cat_17",52,4576,"High"
7803,"Cat_25",152,3389,"High"
7804,"Cat_14",40,437,"Low"
7805,"Cat_28",102,4075,"High"
7806,"Cat_6",117,3511,"High"
7807,"Cat_16",77,2081,"Mid"
7808,"Cat_25",172,3967,"High"
7809,"Cat_28",178,3417,"High"
7810,"Cat_7",88,2350,"Mid"
7811,"Cat_29",102,2486,"Mid"
7812,"Cat_14",72,2825,"Mid"
7813,"Cat_2",38,2877,"Mid"
7814,"Cat_28",113,4498,"High"
7815,"Cat_29",181,4679,"High"
7816,"Cat_18",27,744,"Low"
7817,"Cat_6",173,647,"Low"
7818,"Cat_28",38,4174,"High"
7819,"Cat_13",35,3359,"High"
7820,"Cat_12",135,3429,"High"
7821,"Cat_21",31,596,"Low"
7822,"Cat_25",84,2661,"Mid"
7823,"Cat_21",156,2714,"Mid"
7824,"Cat_3",58,4742,"High"
7825,"Cat_7",89,849,"Low"
7826,"Cat_27",114,4676,"High"
7827,"Cat_5",181,1630,"Mid"
7828,"Cat_8",120,1234,"Mid"
7829,"Cat_22",83,1860,"Mid"
7830,"Cat_26",77,4085,"High"
7831,"Cat_17",57,4980,"High"
7832,"Cat_13",194,1052,"Mid"
7833,"Cat_14",41,263,"Low"
7834,"Cat_25",121,2946,"Mid"
7835,"Cat_7",8,3183,"High"
7836,"Cat_20",128,2680,"Mid"
7837,"Cat_9",15,4147,"High"
7838,"Cat_20",101,1293,"Mid"
7839,"Cat_6",198,4474,"High"
7840,"Cat_18",103,4735,"High"
7841,"Cat_25",74,3703,"High"
7842,"Cat_30",29,1663,"Mid"
7843,"Cat_26",19,2235,"Mid"
7844,"Cat_11",18,3968,"High"
7845,"Cat_13",150,4976,"High"
7846,"Cat_7",42,2912,"Mid"
7847,"Cat_21",140,2172,"Mid"
7848,"Cat_29",84,2303,"Mid"
7849,"Cat_15",73,3999,"High"
7850,"Cat_14",5,1461,"Mid"
7851,"Cat_7",120,2220,"Mid"
7852,"Cat_29",83,1744,"Mid"
7853,"Cat_29",4,1535,"Mid"
7854,"Cat_25",181,2562,"Mid"
7855,"Cat_16",157,3886,"High"
7856,"Cat_9",147,2771,"Mid"
7857,"Cat_22",153,3583,"High"
7858,"Cat_15",35,1719,"Mid"
7859,"Cat_28",16,1351,"Mid"
7860,"Cat_27",53,3309,"High"
7861,"Cat_24",119,3793,"High"
7862,"Cat_24",78,2436,"Mid"
7863,"Cat_26",191,2910,"Mid"
7864,"Cat_9",34,2810,"Mid"
7865,"Cat_10",133,2843,"Mid"
7866,"Cat_18",66,1429,"Mid"
7867,"Cat_7",177,3237,"High"
7868,"Cat_28",18,553,"Low"
7869,"Cat_9",57,1330,"Mid"
7870,"Cat_7",28,3511,"High"
7871,"Cat_5",58,4641,"High"
7872,"Cat_10",143,2352,"Mid"
7873,"Cat_13",179,654,"Low"
7874,"Cat_25",116,4547,"High"
7875,"Cat_5",120,4680,"High"
7876,"Cat_19",6,2918,"Mid"
7877,"Cat_14",145,457,"Low"
7878,"Cat_21",38,4098,"High"
7879,"Cat_12",200,4587,"High"
7880,"Cat_17",62,2288,"Mid"
7881,"Cat_29",190,2717,"Mid"
7882,"Cat_15",59,2098,"Mid"
7883,"Cat_16",27,1474,"Mid"
7884,"Cat_22",102,4369,"High"
7885,"Cat_26",135,3007,"High"
7886,"Cat_23",114,668,"Low"
7887,"Cat_5",61,3072,"High"
7888,"Cat_28",51,220,"Low"
7889,"Cat_9",200,1048,"Mid"
7890,"Cat_27",103,2571,"Mid"
7891,"Cat_14",86,2231,"Mid"
7892,"Cat_9",25,2187,"Mid"
7893,"Cat_16",168,851,"Low"
7894,"Cat_22",140,822,"Low"
7895,"Cat_19",153,156,"Low"
7896,"Cat_14",143,4383,"High"
7897,"Cat_9",176,232,"Low"
7898,"Cat_20",40,4897,"High"
7899,"Cat_27",185,2162,"Mid"
7900,"Cat_26",73,3725,"High"
7901,"Cat_8",80,1399,"Mid"
7902,"Cat_8",36,4274,"High"
7903,"Cat_21",183,3626,"High"
7904,"Cat_2",86,2410,"Mid"
7905,"Cat_4",23,511,"Low"
7906,"Cat_21",136,4137,"High"
7907,"Cat_11",17,3164,"High"
7908,"Cat_8",84,4641,"High"
7909,"Cat_20",111,4056,"High"
7910,"Cat_16",124,406,"Low"
7911,"Cat_23",122,2019,"Mid"
7912,"Cat_28",42,3956,"High"
7913,"Cat_19",115,2657,"Mid"
7914,"Cat_3",66,1166,"Mid"
7915,"Cat_5",142,4930,"High"
7916,"Cat_20",116,1917,"Mid"
7917,"Cat_4",48,2507,"Mid"
7918,"Cat_8",24,292,"Low"
7919,"Cat_23",166,1077,"Mid"
7920,"Cat_15",63,2997,"Mid"
7921,"Cat_3",99,4334,"High"
7922,"Cat_22",44,3057,"High"
7923,"Cat_18",89,4065,"High"
7924,"Cat_11",142,2947,"Mid"
7925,"Cat_2",101,4867,"High"
7926,"Cat_27",36,2066,"Mid"
7927,"Cat_8",193,2030,"Mid"
7928,"Cat_1",90,1512,"Mid"
7929,"Cat_17",100,782,"Low"
7930,"Cat_15",40,266,"Low"
7931,"Cat_8",9,2801,"Mid"
7932,"Cat_14",176,4313,"High"
7933,"Cat_21",173,4181,"High"
7934,"Cat_21",87,2350,"Mid"
7935,"Cat_9",46,675,"Low"
7936,"Cat_2",43,3177,"High"
7937,"Cat_9",106,2473,"Mid"
7938,"Cat_2",43,2707,"Mid"
7939,"Cat_8",68,4954,"High"
7940,"Cat_16",53,4240,"High"
7941,"Cat_6",187,967,"Low"
7942,"Cat_9",147,145,"Low"
7943,"Cat_18",10,576,"Low"
7944,"Cat_9",10,3392,"High"
7945,"Cat_13",119,847,"Low"
7946,"Cat_4",9,3569,"High"
7947,"Cat_13",186,3540,"High"
7948,"Cat_17",189,4611,"High"
7949,"Cat_9",74,3190,"High"
7950,"Cat_17",93,2529,"Mid"
7951,"Cat_23",48,1843,"Mid"
7952,"Cat_12",63,521,"Low"
7953,"Cat_30",156,4992,"High"
7954,"Cat_12",111,2763,"Mid"
7955,"Cat_24",53,1013,"Mid"
7956,"Cat_30",23,484,"Low"
7957,"Cat_11",112,4494,"High"
7958,"Cat_10",80,801,"Low"
7959,"Cat_15",122,1649,"Mid"
7960,"Cat_15",58,688,"Low"
7961,"Cat_15",41,2360,"Mid"
7962,"Cat_14",78,3537,"High"
7963,"Cat_19",144,1601,"Mid"
7964,"Cat_23",115,3877,"High"
7965,"Cat_23",19,3363,"High"
7966,"Cat_26",154,3148,"High"
7967,"Cat_3",173,447,"Low"
7968,"Cat_14",111,1143,"Mid"
7969,"Cat_2",80,4152,"High"
7970,"Cat_21",119,2605,"Mid"
7971,"Cat_23",125,661,"Low"
7972,"Cat_24",150,3181,"High"
7973,"Cat_21",108,3893,"High"
7974,"Cat_13",71,167,"Low"
7975,"Cat_16",125,4292,"High"
7976,"Cat_30",101,1045,"Mid"
7977,"Cat_20",165,3907,"High"
7978,"Cat_20",164,3165,"High"
7979,"Cat_17",199,1009,"Mid"
7980,"Cat_28",83,2739,"Mid"
7981,"Cat_4",58,2586,"Mid"
7982,"Cat_15",73,2955,"Mid"
7983,"Cat_30",49,3020,"High"
7984,"Cat_8",74,3089,"High"
7985,"Cat_3",153,2812,"Mid"
7986,"Cat_17",104,2563,"Mid"
7987,"Cat_12",17,2729,"Mid"
7988,"Cat_5",200,2043,"Mid"
7989,"Cat_26",74,4392,"High"
7990,"Cat_28",103,2269,"Mid"
7991,"Cat_3",101,4554,"High"
7992,"Cat_5",32,382,"Low"
7993,"Cat_29",29,3296,"High"
7994,"Cat_27",144,3557,"High"
7995,"Cat_27",92,2263,"Mid"
7996,"Cat_11",13,1858,"Mid"
7997,"Cat_23",36,2573,"Mid"
7998,"Cat_21",22,3324,"High"
7999,"Cat_16",32,4786,"High"
8000,"Cat_11",170,4097,"High"
8001,"Cat_10",135,3611,"High"
8002,"Cat_25",38,4975,"High"
8003,"Cat_30",150,746,"Low"
8004,"Cat_28",183,1507,"Mid"
8005,"Cat_22",163,4812,"High"
8006,"Cat_2",41,2752,"Mid"
8007,"Cat_13",69,1917,"Mid"
8008,"Cat_3",187,3429,"High"
8009,"Cat_29",54,2279,"Mid"
8010,"Cat_26",92,3610,"High"
8011,"Cat_27",19,3212,"High"
8012,"Cat_12",32,4255,"High"
8013,"Cat_1",41,2270,"Mid"
8014,"Cat_25",172,622,"Low"
8015,"Cat_23",77,4332,"High"
8016,"Cat_27",87,4989,"High"
8017,"Cat_19",50,510,"Low"
8018,"Cat_22",183,466,"Low"
8019,"Cat_5",60,4246,"High"
8020,"Cat_4",60,3705,"High"
8021,"Cat_25",162,3213,"High"
8022,"Cat_3",24,826,"Low"
8023,"Cat_2",196,1277,"Mid"
8024,"Cat_22",13,3301,"High"
8025,"Cat_30",58,4855,"High"
8026,"Cat_6",143,3272,"High"
8027,"Cat_28",129,556,"Low"
8028,"Cat_11",66,1850,"Mid"
8029,"Cat_19",3,4952,"High"
8030,"Cat_8",92,3837,"High"
8031,"Cat_15",172,4636,"High"
8032,"Cat_21",94,655,"Low"
8033,"Cat_28",153,1434,"Mid"
8034,"Cat_1",198,1691,"Mid"
8035,"Cat_20",130,1909,"Mid"
8036,"Cat_7",162,4639,"High"
8037,"Cat_29",33,350,"Low"
8038,"Cat_17",9,3649,"High"
8039,"Cat_5",13,609,"Low"
8040,"Cat_21",133,3658,"High"
8041,"Cat_22",3,1388,"Mid"
8042,"Cat_2",5,188,"Low"
8043,"Cat_8",152,1763,"Mid"
8044,"Cat_25",120,835,"Low"
8045,"Cat_9",121,2627,"Mid"
8046,"Cat_7",7,1465,"Mid"
8047,"Cat_15",75,1692,"Mid"
8048,"Cat_7",34,4306,"High"
8049,"Cat_7",109,4918,"High"
8050,"Cat_28",133,4490,"High"
8051,"Cat_11",141,1418,"Mid"
8052,"Cat_21",42,4230,"High"
8053,"Cat_21",17,4315,"High"
8054,"Cat_18",35,111,"Low"
8055,"Cat_1",117,1448,"Mid"
8056,"Cat_22",92,4703,"High"
8057,"Cat_29",186,2937,"Mid"
8058,"Cat_16",197,3440,"High"
8059,"Cat_15",12,673,"Low"
8060,"Cat_22",34,179,"Low"
8061,"Cat_28",7,136,"Low"
8062,"Cat_6",88,604,"Low"
8063,"Cat_11",33,1256,"Mid"
8064,"Cat_3",125,1968,"Mid"
8065,"Cat_20",56,1714,"Mid"
8066,"Cat_20",133,2458,"Mid"
8067,"Cat_28",40,4247,"High"
8068,"Cat_28",65,4873,"High"
8069,"Cat_6",129,983,"Low"
8070,"Cat_17",179,2973,"Mid"
8071,"Cat_25",15,3502,"High"
8072,"Cat_13",169,3001,"High"
8073,"Cat_21",135,3751,"High"
8074,"Cat_22",51,1524,"Mid"
8075,"Cat_12",176,2196,"Mid"
8076,"Cat_23",27,3538,"High"
8077,"Cat_8",187,3316,"High"
8078,"Cat_22",42,2089,"Mid"
8079,"Cat_9",111,635,"Low"
8080,"Cat_20",57,208,"Low"
8081,"Cat_21",21,4405,"High"
8082,"Cat_10",148,1649,"Mid"
8083,"Cat_10",172,2265,"Mid"
8084,"Cat_17",59,2609,"Mid"
8085,"Cat_8",126,819,"Low"
8086,"Cat_21",174,4251,"High"
8087,"Cat_30",39,1767,"Mid"
8088,"Cat_22",200,642,"Low"
8089,"Cat_17",36,3815,"High"
8090,"Cat_11",165,1156,"Mid"
8091,"Cat_22",63,2236,"Mid"
8092,"Cat_17",140,3022,"High"
8093,"Cat_14",196,3922,"High"
8094,"Cat_16",105,1741,"Mid"
8095,"Cat_21",158,3317,"High"
8096,"Cat_20",5,2551,"Mid"
8097,"Cat_10",180,217,"Low"
8098,"Cat_15",13,280,"Low"
8099,"Cat_8",168,1729,"Mid"
8100,"Cat_9",27,1004,"Mid"
8101,"Cat_16",146,3292,"High"
8102,"Cat_23",106,3499,"High"
8103,"Cat_14",97,3416,"High"
8104,"Cat_28",193,1312,"Mid"
8105,"Cat_23",175,3273,"High"
8106,"Cat_13",25,4555,"High"
8107,"Cat_15",154,4984,"High"
8108,"Cat_16",58,475,"Low"
8109,"Cat_19",38,466,"Low"
8110,"Cat_11",133,2600,"Mid"
8111,"Cat_6",20,3422,"High"
8112,"Cat_14",174,4324,"High"
8113,"Cat_13",152,1557,"Mid"
8114,"Cat_29",169,3224,"High"
8115,"Cat_13",175,1724,"Mid"
8116,"Cat_14",183,883,"Low"
8117,"Cat_21",18,1238,"Mid"
8118,"Cat_17",160,3191,"High"
8119,"Cat_27",152,1110,"Mid"
8120,"Cat_30",99,913,"Low"
8121,"Cat_17",128,2648,"Mid"
8122,"Cat_24",176,1539,"Mid"
8123,"Cat_15",91,3720,"High"
8124,"Cat_8",140,1447,"Mid"
8125,"Cat_12",187,4852,"High"
8126,"Cat_8",97,242,"Low"
8127,"Cat_28",21,3735,"High"
8128,"Cat_17",182,3736,"High"
8129,"Cat_6",116,4649,"High"
8130,"Cat_16",49,4613,"High"
8131,"Cat_14",2,2311,"Mid"
8132,"Cat_11",24,4166,"High"
8133,"Cat_25",159,168,"Low"
8134,"Cat_25",23,1537,"Mid"
8135,"Cat_13",168,503,"Low"
8136,"Cat_19",27,486,"Low"
8137,"Cat_30",16,1108,"Mid"
8138,"Cat_12",56,4882,"High"
8139,"Cat_25",150,3315,"High"
8140,"Cat_20",46,3947,"High"
8141,"Cat_29",44,393,"Low"
8142,"Cat_15",86,4338,"High"
8143,"Cat_6",176,1085,"Mid"
8144,"Cat_13",152,4387,"High"
8145,"Cat_11",17,4595,"High"
8146,"Cat_4",167,3204,"High"
8147,"Cat_29",3,4541,"High"
8148,"Cat_5",191,519,"Low"
8149,"Cat_6",138,1201,"Mid"
8150,"Cat_8",16,4022,"High"
8151,"Cat_26",64,3356,"High"
8152,"Cat_12",191,4872,"High"
8153,"Cat_9",16,3251,"High"
8154,"Cat_20",1,4256,"High"
8155,"Cat_30",28,3587,"High"
8156,"Cat_12",103,847,"Low"
8157,"Cat_3",170,4308,"High"
8158,"Cat_1",1,2502,"Mid"
8159,"Cat_23",180,4750,"High"
8160,"Cat_8",92,2114,"Mid"
8161,"Cat_8",73,1448,"Mid"
8162,"Cat_30",74,2759,"Mid"
8163,"Cat_9",68,2025,"Mid"
8164,"Cat_30",48,105,"Low"
8165,"Cat_24",142,2008,"Mid"
8166,"Cat_23",129,3176,"High"
8167,"Cat_18",196,3569,"High"
8168,"Cat_25",4,2334,"Mid"
8169,"Cat_10",60,3607,"High"
8170,"Cat_19",7,4584,"High"
8171,"Cat_22",86,4582,"High"
8172,"Cat_15",197,3252,"High"
8173,"Cat_5",152,4869,"High"
8174,"Cat_17",15,3466,"High"
8175,"Cat_13",92,3457,"High"
8176,"Cat_27",139,375,"Low"
8177,"Cat_21",13,2604,"Mid"
8178,"Cat_28",9,493,"Low"
8179,"Cat_15",190,1537,"Mid"
8180,"Cat_15",95,2929,"Mid"
8181,"Cat_29",6,2889,"Mid"
8182,"Cat_27",173,2078,"Mid"
8183,"Cat_28",73,1321,"Mid"
8184,"Cat_9",89,3073,"High"
8185,"Cat_11",117,3150,"High"
8186,"Cat_4",13,4442,"High"
8187,"Cat_28",149,4721,"High"
8188,"Cat_18",6,1703,"Mid"
8189,"Cat_27",119,1672,"Mid"
8190,"Cat_25",26,4805,"High"
8191,"Cat_14",9,551,"Low"
8192,"Cat_26",115,2802,"Mid"
8193,"Cat_2",116,2080,"Mid"
8194,"Cat_7",29,976,"Low"
8195,"Cat_5",168,2689,"Mid"
8196,"Cat_28",135,2329,"Mid"
8197,"Cat_12",110,2588,"Mid"
8198,"Cat_7",140,4225,"High"
8199,"Cat_6",86,2431,"Mid"
8200,"Cat_29",91,202,"Low"
8201,"Cat_23",13,3338,"High"
8202,"Cat_27",83,2505,"Mid"
8203,"Cat_3",169,1362,"Mid"
8204,"Cat_27",121,3420,"High"
8205,"Cat_4",74,3047,"High"
8206,"Cat_5",92,4817,"High"
8207,"Cat_3",8,2159,"Mid"
8208,"Cat_17",164,4320,"High"
8209,"Cat_20",66,4818,"High"
8210,"Cat_24",149,3257,"High"
8211,"Cat_15",187,2131,"Mid"
8212,"Cat_4",126,4997,"High"
8213,"Cat_29",169,1265,"Mid"
8214,"Cat_13",104,2519,"Mid"
8215,"Cat_13",5,3264,"High"
8216,"Cat_22",55,3633,"High"
8217,"Cat_2",150,4124,"High"
8218,"Cat_11",8,3681,"High"
8219,"Cat_12",40,3936,"High"
8220,"Cat_28",102,164,"Low"
8221,"Cat_15",145,4235,"High"
8222,"Cat_2",85,4960,"High"
8223,"Cat_28",105,1373,"Mid"
8224,"Cat_22",141,1373,"Mid"
8225,"Cat_11",124,836,"Low"
8226,"Cat_18",120,2978,"Mid"
8227,"Cat_16",11,2800,"Mid"
8228,"Cat_11",1,282,"Low"
8229,"Cat_10",1,4974,"High"
8230,"Cat_16",85,4152,"High"
8231,"Cat_22",53,4621,"High"
8232,"Cat_18",199,1919,"Mid"
8233,"Cat_15",151,2411,"Mid"
8234,"Cat_16",94,1965,"Mid"
8235,"Cat_17",109,2379,"Mid"
8236,"Cat_15",168,2006,"Mid"
8237,"Cat_23",14,731,"Low"
8238,"Cat_22",48,2254,"Mid"
8239,"Cat_4",88,3692,"High"
8240,"Cat_3",139,3502,"High"
8241,"Cat_14",96,2777,"Mid"
8242,"Cat_28",21,1431,"Mid"
8243,"Cat_11",168,353,"Low"
8244,"Cat_10",200,4280,"High"
8245,"Cat_4",188,2917,"Mid"
8246,"Cat_10",114,2612,"Mid"
8247,"Cat_29",72,2515,"Mid"
8248,"Cat_27",167,190,"Low"
8249,"Cat_29",108,3827,"High"
8250,"Cat_23",168,3685,"High"
8251,"Cat_24",107,889,"Low"
8252,"Cat_7",122,2942,"Mid"
8253,"Cat_18",44,1848,"Mid"
8254,"Cat_20",56,1504,"Mid"
8255,"Cat_29",40,1441,"Mid"
8256,"Cat_4",71,2498,"Mid"
8257,"Cat_4",197,4095,"High"
8258,"Cat_15",49,1893,"Mid"
8259,"Cat_9",159,4964,"High"
8260,"Cat_24",198,3167,"High"
8261,"Cat_14",127,2381,"Mid"
8262,"Cat_11",78,703,"Low"
8263,"Cat_6",173,2925,"Mid"
8264,"Cat_3",82,1322,"Mid"
8265,"Cat_17",44,4868,"High"
8266,"Cat_3",3,1146,"Mid"
8267,"Cat_30",123,3554,"High"
8268,"Cat_8",149,1712,"Mid"
8269,"Cat_15",171,4157,"High"
8270,"Cat_7",25,835,"Low"
8271,"Cat_5",48,1000,"Mid"
8272,"Cat_19",125,4977,"High"
8273,"Cat_29",134,2602,"Mid"
8274,"Cat_14",60,4461,"High"
8275,"Cat_24",193,1650,"Mid"
8276,"Cat_25",21,4632,"High"
8277,"Cat_5",198,3068,"High"
8278,"Cat_4",129,2683,"Mid"
8279,"Cat_11",136,1706,"Mid"
8280,"Cat_7",164,4197,"High"
8281,"Cat_27",83,1178,"Mid"
8282,"Cat_23",28,882,"Low"
8283,"Cat_28",145,998,"Low"
8284,"Cat_26",144,421,"Low"
8285,"Cat_21",142,2214,"Mid"
8286,"Cat_28",67,2162,"Mid"
8287,"Cat_26",171,335,"Low"
8288,"Cat_4",139,2414,"Mid"
8289,"Cat_9",104,2110,"Mid"
8290,"Cat_8",105,4888,"High"
8291,"Cat_23",154,1810,"Mid"
8292,"Cat_14",47,1634,"Mid"
8293,"Cat_25",156,1331,"Mid"
8294,"Cat_28",53,2678,"Mid"
8295,"Cat_9",12,645,"Low"
8296,"Cat_23",48,1234,"Mid"
8297,"Cat_26",71,3887,"High"
8298,"Cat_30",157,3323,"High"
8299,"Cat_8",10,1254,"Mid"
8300,"Cat_4",177,1635,"Mid"
8301,"Cat_9",102,2980,"Mid"
8302,"Cat_22",180,967,"Low"
8303,"Cat_16",187,241,"Low"
8304,"Cat_27",158,2156,"Mid"
8305,"Cat_11",28,3012,"High"
8306,"Cat_16",183,1377,"Mid"
8307,"Cat_19",47,1827,"Mid"
8308,"Cat_16",98,466,"Low"
8309,"Cat_14",152,3398,"High"
8310,"Cat_21",184,1566,"Mid"
8311,"Cat_11",72,3410,"High"
8312,"Cat_6",121,2414,"Mid"
8313,"Cat_8",20,4245,"High"
8314,"Cat_9",94,1918,"Mid"
8315,"Cat_3",11,1440,"Mid"
8316,"Cat_20",39,1982,"Mid"
8317,"Cat_20",17,269,"Low"
8318,"Cat_28",92,169,"Low"
8319,"Cat_6",32,1544,"Mid"
8320,"Cat_8",83,3315,"High"
8321,"Cat_5",155,980,"Low"
8322,"Cat_21",199,2085,"Mid"
8323,"Cat_5",150,1355,"Mid"
8324,"Cat_19",75,2463,"Mid"
8325,"Cat_13",45,1223,"Mid"
8326,"Cat_6",38,869,"Low"
8327,"Cat_23",152,2674,"Mid"
8328,"Cat_2",154,3257,"High"
8329,"Cat_18",150,2657,"Mid"
8330,"Cat_1",9,3772,"High"
8331,"Cat_29",192,762,"Low"
8332,"Cat_11",28,2663,"Mid"
8333,"Cat_7",47,903,"Low"
8334,"Cat_19",82,169,"Low"
8335,"Cat_11",199,610,"Low"
8336,"Cat_7",187,976,"Low"
8337,"Cat_11",181,458,"Low"
8338,"Cat_21",92,2748,"Mid"
8339,"Cat_18",31,4677,"High"
8340,"Cat_7",73,2231,"Mid"
8341,"Cat_16",150,4835,"High"
8342,"Cat_11",102,4706,"High"
8343,"Cat_29",162,4801,"High"
8344,"Cat_14",70,1766,"Mid"
8345,"Cat_11",43,2653,"Mid"
8346,"Cat_29",156,443,"Low"
8347,"Cat_30",41,3134,"High"
8348,"Cat_29",22,968,"Low"
8349,"Cat_15",58,2288,"Mid"
8350,"Cat_2",190,4066,"High"
8351,"Cat_18",141,4594,"High"
8352,"Cat_19",39,2030,"Mid"
8353,"Cat_26",197,3893,"High"
8354,"Cat_27",64,476,"Low"
8355,"Cat_18",158,3798,"High"
8356,"Cat_3",120,3875,"High"
8357,"Cat_11",139,2383,"Mid"
8358,"Cat_2",188,4211,"High"
8359,"Cat_25",150,3523,"High"
8360,"Cat_9",25,2410,"Mid"
8361,"Cat_29",125,1048,"Mid"
8362,"Cat_19",156,557,"Low"
8363,"Cat_19",98,638,"Low"
8364,"Cat_6",40,410,"Low"
8365,"Cat_19",75,676,"Low"
8366,"Cat_6",130,2883,"Mid"
8367,"Cat_23",154,1409,"Mid"
8368,"Cat_2",81,388,"Low"
8369,"Cat_11",98,1815,"Mid"
8370,"Cat_3",10,1061,"Mid"
8371,"Cat_12",196,3069,"High"
8372,"Cat_1",21,1880,"Mid"
8373,"Cat_29",107,811,"Low"
8374,"Cat_5",64,1838,"Mid"
8375,"Cat_24",10,3561,"High"
8376,"Cat_10",176,2629,"Mid"
8377,"Cat_19",154,3731,"High"
8378,"Cat_16",31,4412,"High"
8379,"Cat_21",128,3550,"High"
8380,"Cat_14",131,2156,"Mid"
8381,"Cat_16",141,3097,"High"
8382,"Cat_27",13,4287,"High"
8383,"Cat_22",17,2298,"Mid"
8384,"Cat_13",76,3555,"High"
8385,"Cat_19",158,4091,"High"
8386,"Cat_10",53,3503,"High"
8387,"Cat_27",25,3879,"High"
8388,"Cat_15",70,4767,"High"
8389,"Cat_18",69,2449,"Mid"
8390,"Cat_26",176,1649,"Mid"
8391,"Cat_10",127,566,"Low"
8392,"Cat_22",67,4957,"High"
8393,"Cat_16",128,1117,"Mid"
8394,"Cat_7",165,3350,"High"
8395,"Cat_17",191,339,"Low"
8396,"Cat_9",147,2449,"Mid"
8397,"Cat_4",11,593,"Low"
8398,"Cat_19",10,198,"Low"
8399,"Cat_17",188,997,"Low"
8400,"Cat_23",172,4592,"High"
8401,"Cat_18",152,566,"Low"
8402,"Cat_9",118,2947,"Mid"
8403,"Cat_18",82,4432,"High"
8404,"Cat_15",186,2669,"Mid"
8405,"Cat_14",21,4211,"High"
8406,"Cat_17",59,1022,"Mid"
8407,"Cat_10",9,588,"Low"
8408,"Cat_6",59,3659,"High"
8409,"Cat_18",154,2112,"Mid"
8410,"Cat_9",199,1192,"Mid"
8411,"Cat_9",176,4102,"High"
8412,"Cat_9",165,2596,"Mid"
8413,"Cat_27",140,1008,"Mid"
8414,"Cat_19",108,4093,"High"
8415,"Cat_23",53,1910,"Mid"
8416,"Cat_7",73,599,"Low"
8417,"Cat_30",143,1603,"Mid"
8418,"Cat_28",109,1587,"Mid"
8419,"Cat_22",145,1405,"Mid"
8420,"Cat_10",143,1571,"Mid"
8421,"Cat_23",81,4354,"High"
8422,"Cat_6",130,3134,"High"
8423,"Cat_23",137,4868,"High"
8424,"Cat_3",106,3153,"High"
8425,"Cat_15",152,4652,"High"
8426,"Cat_23",32,294,"Low"
8427,"Cat_4",189,3396,"High"
8428,"Cat_1",186,2854,"Mid"
8429,"Cat_27",80,3212,"High"
8430,"Cat_10",90,4087,"High"
8431,"Cat_25",176,944,"Low"
8432,"Cat_18",199,4695,"High"
8433,"Cat_1",60,2906,"Mid"
8434,"Cat_17",122,4978,"High"
8435,"Cat_18",160,1580,"Mid"
8436,"Cat_3",130,4072,"High"
8437,"Cat_26",150,3497,"High"
8438,"Cat_1",31,3314,"High"
8439,"Cat_22",80,4409,"High"
8440,"Cat_6",176,4724,"High"
8441,"Cat_22",103,3200,"High"
8442,"Cat_10",55,3536,"High"
8443,"Cat_30",131,3772,"High"
8444,"Cat_14",66,1453,"Mid"
8445,"Cat_15",166,3315,"High"
8446,"Cat_13",141,641,"Low"
8447,"Cat_19",19,4033,"High"
8448,"Cat_10",115,231,"Low"
8449,"Cat_3",151,3535,"High"
8450,"Cat_18",185,2673,"Mid"
8451,"Cat_5",155,970,"Low"
8452,"Cat_7",101,3768,"High"
8453,"Cat_23",185,1400,"Mid"
8454,"Cat_29",6,1587,"Mid"
8455,"Cat_10",41,1656,"Mid"
8456,"Cat_20",107,550,"Low"
8457,"Cat_22",108,219,"Low"
8458,"Cat_3",133,2213,"Mid"
8459,"Cat_18",192,2190,"Mid"
8460,"Cat_5",57,1163,"Mid"
8461,"Cat_21",191,2408,"Mid"
8462,"Cat_14",42,4649,"High"
8463,"Cat_7",68,3068,"High"
8464,"Cat_5",102,1792,"Mid"
8465,"Cat_10",111,3435,"High"
8466,"Cat_30",139,4498,"High"
8467,"Cat_6",33,3409,"High"
8468,"Cat_5",164,184,"Low"
8469,"Cat_6",20,2842,"Mid"
8470,"Cat_4",81,924,"Low"
8471,"Cat_24",124,4170,"High"
8472,"Cat_11",197,4435,"High"
8473,"Cat_4",47,3849,"High"
8474,"Cat_8",106,797,"Low"
8475,"Cat_21",48,3793,"High"
8476,"Cat_12",36,3968,"High"
8477,"Cat_13",174,4898,"High"
8478,"Cat_26",86,3033,"High"
8479,"Cat_20",17,1780,"Mid"
8480,"Cat_16",162,746,"Low"
8481,"Cat_4",63,792,"Low"
8482,"Cat_3",131,2867,"Mid"
8483,"Cat_13",39,3794,"High"
8484,"Cat_19",102,4009,"High"
8485,"Cat_8",182,808,"Low"
8486,"Cat_20",157,4397,"High"
8487,"Cat_19",86,1146,"Mid"
8488,"Cat_27",18,3054,"High"
8489,"Cat_24",108,4505,"High"
8490,"Cat_18",103,3331,"High"
8491,"Cat_2",45,3283,"High"
8492,"Cat_15",128,3297,"High"
8493,"Cat_26",143,3579,"High"
8494,"Cat_26",170,1983,"Mid"
8495,"Cat_30",169,1520,"Mid"
8496,"Cat_23",11,2650,"Mid"
8497,"Cat_3",113,3679,"High"
8498,"Cat_12",72,2878,"Mid"
8499,"Cat_9",99,4152,"High"
8500,"Cat_5",192,681,"Low"
8501,"Cat_11",71,4614,"High"
8502,"Cat_28",104,2184,"Mid"
8503,"Cat_5",5,4612,"High"
8504,"Cat_14",109,2387,"Mid"
8505,"Cat_26",67,4979,"High"
8506,"Cat_29",125,1427,"Mid"
8507,"Cat_13",123,2248,"Mid"
8508,"Cat_7",143,377,"Low"
8509,"Cat_13",122,3894,"High"
8510,"Cat_11",85,2840,"Mid"
8511,"Cat_21",2,2113,"Mid"
8512,"Cat_21",114,4333,"High"
8513,"Cat_21",188,590,"Low"
8514,"Cat_19",65,813,"Low"
8515,"Cat_26",107,203,"Low"
8516,"Cat_5",92,4198,"High"
8517,"Cat_13",161,4535,"High"
8518,"Cat_21",185,4458,"High"
8519,"Cat_11",60,1477,"Mid"
8520,"Cat_8",91,3987,"High"
8521,"Cat_23",86,4003,"High"
8522,"Cat_23",172,2227,"Mid"
8523,"Cat_23",87,3773,"High"
8524,"Cat_24",72,604,"Low"
8525,"Cat_6",46,3264,"High"
8526,"Cat_14",164,3260,"High"
8527,"Cat_8",77,367,"Low"
8528,"Cat_1",13,1528,"Mid"
8529,"Cat_5",91,285,"Low"
8530,"Cat_18",91,3457,"High"
8531,"Cat_6",83,1580,"Mid"
8532,"Cat_12",15,4124,"High"
8533,"Cat_12",138,2781,"Mid"
8534,"Cat_15",102,2467,"Mid"
8535,"Cat_6",1,3961,"High"
8536,"Cat_15",187,1424,"Mid"
8537,"Cat_18",110,2102,"Mid"
8538,"Cat_24",64,941,"Low"
8539,"Cat_23",9,1343,"Mid"
8540,"Cat_3",21,3774,"High"
8541,"Cat_21",84,3537,"High"
8542,"Cat_24",62,1221,"Mid"
8543,"Cat_18",73,183,"Low"
8544,"Cat_29",185,2039,"Mid"
8545,"Cat_6",41,2485,"Mid"
8546,"Cat_17",90,4153,"High"
8547,"Cat_18",9,2291,"Mid"
8548,"Cat_27",105,3047,"High"
8549,"Cat_2",67,464,"Low"
8550,"Cat_21",163,1429,"Mid"
8551,"Cat_14",178,927,"Low"
8552,"Cat_27",41,3735,"High"
8553,"Cat_20",63,1540,"Mid"
8554,"Cat_14",133,3616,"High"
8555,"Cat_13",34,258,"Low"
8556,"Cat_18",103,4594,"High"
8557,"Cat_18",7,3641,"High"
8558,"Cat_20",198,3724,"High"
8559,"Cat_13",145,1024,"Mid"
8560,"Cat_25",122,3763,"High"
8561,"Cat_18",18,1821,"Mid"
8562,"Cat_21",12,294,"Low"
8563,"Cat_1",195,2664,"Mid"
8564,"Cat_16",170,4808,"High"
8565,"Cat_29",174,1828,"Mid"
8566,"Cat_8",127,1218,"Mid"
8567,"Cat_30",49,4372,"High"
8568,"Cat_6",80,1623,"Mid"
8569,"Cat_4",84,4796,"High"
8570,"Cat_9",83,4377,"High"
8571,"Cat_13",103,2259,"Mid"
8572,"Cat_20",169,1816,"Mid"
8573,"Cat_17",193,4160,"High"
8574,"Cat_26",25,3368,"High"
8575,"Cat_13",190,2309,"Mid"
8576,"Cat_20",29,163,"Low"
8577,"Cat_27",68,1641,"Mid"
8578,"Cat_16",118,4321,"High"
8579,"Cat_21",142,1583,"Mid"
8580,"Cat_28",112,2912,"Mid"
8581,"Cat_4",195,522,"Low"
8582,"Cat_25",88,770,"Low"
8583,"Cat_15",68,1390,"Mid"
8584,"Cat_24",112,1724,"Mid"
8585,"Cat_27",144,3313,"High"
8586,"Cat_26",120,3819,"High"
8587,"Cat_25",46,3176,"High"
8588,"Cat_27",120,1890,"Mid"
8589,"Cat_19",68,3931,"High"
8590,"Cat_24",123,4415,"High"
8591,"Cat_2",124,4873,"High"
8592,"Cat_12",72,3466,"High"
8593,"Cat_27",174,3625,"High"
8594,"Cat_9",55,4227,"High"
8595,"Cat_28",38,3218,"High"
8596,"Cat_10",82,3421,"High"
8597,"Cat_17",91,2306,"Mid"
8598,"Cat_28",65,1566,"Mid"
8599,"Cat_1",113,146,"Low"
8600,"Cat_27",67,2121,"Mid"
8601,"Cat_11",148,1153,"Mid"
8602,"Cat_13",183,2820,"Mid"
8603,"Cat_5",187,3667,"High"
8604,"Cat_14",162,4777,"High"
8605,"Cat_17",168,4420,"High"
8606,"Cat_16",133,656,"Low"
8607,"Cat_15",37,4459,"High"
8608,"Cat_14",128,2016,"Mid"
8609,"Cat_27",119,3053,"High"
8610,"Cat_8",60,3665,"High"
8611,"Cat_11",143,2630,"Mid"
8612,"Cat_22",1,548,"Low"
8613,"Cat_21",106,1532,"Mid"
8614,"Cat_21",89,301,"Low"
8615,"Cat_30",188,1250,"Mid"
8616,"Cat_18",27,2728,"Mid"
8617,"Cat_27",164,3905,"High"
8618,"Cat_3",148,792,"Low"
8619,"Cat_17",25,4508,"High"
8620,"Cat_15",41,1982,"Mid"
8621,"Cat_8",7,4749,"High"
8622,"Cat_12",136,2063,"Mid"
8623,"Cat_12",66,1495,"Mid"
8624,"Cat_21",91,3984,"High"
8625,"Cat_9",104,327,"Low"
8626,"Cat_20",108,207,"Low"
8627,"Cat_16",68,4494,"High"
8628,"Cat_27",83,1323,"Mid"
8629,"Cat_16",160,3117,"High"
8630,"Cat_11",108,3204,"High"
8631,"Cat_3",37,3197,"High"
8632,"Cat_23",165,4682,"High"
8633,"Cat_24",116,4715,"High"
8634,"Cat_28",200,1624,"Mid"
8635,"Cat_21",7,3468,"High"
8636,"Cat_30",120,3865,"High"
8637,"Cat_4",91,1275,"Mid"
8638,"Cat_11",63,2535,"Mid"
8639,"Cat_10",41,1258,"Mid"
8640,"Cat_30",130,1419,"Mid"
8641,"Cat_12",176,1134,"Mid"
8642,"Cat_20",194,4685,"High"
8643,"Cat_19",50,1046,"Mid"
8644,"Cat_11",85,127,"Low"
8645,"Cat_25",58,2373,"Mid"
8646,"Cat_26",165,3976,"High"
8647,"Cat_18",27,1696,"Mid"
8648,"Cat_17",145,4807,"High"
8649,"Cat_28",96,3901,"High"
8650,"Cat_11",37,1360,"Mid"
8651,"Cat_20",110,1589,"Mid"
8652,"Cat_18",121,1108,"Mid"
8653,"Cat_23",38,3736,"High"
8654,"Cat_21",125,3321,"High"
8655,"Cat_19",44,3926,"High"
8656,"Cat_18",156,2811,"Mid"
8657,"Cat_17",158,2772,"Mid"
8658,"Cat_5",63,2040,"Mid"
8659,"Cat_23",96,2564,"Mid"
8660,"Cat_22",90,4585,"High"
8661,"Cat_21",191,1884,"Mid"
8662,"Cat_11",96,1606,"Mid"
8663,"Cat_6",55,275,"Low"
8664,"Cat_23",123,4185,"High"
8665,"Cat_27",161,731,"Low"
8666,"Cat_21",129,4305,"High"
8667,"Cat_8",93,2839,"Mid"
8668,"Cat_22",173,1480,"Mid"
8669,"Cat_8",40,4420,"High"
8670,"Cat_27",154,2651,"Mid"
8671,"Cat_2",29,3980,"High"
8672,"Cat_15",65,2834,"Mid"
8673,"Cat_8",108,3717,"High"
8674,"Cat_24",126,1274,"Mid"
8675,"Cat_11",150,107,"Low"
8676,"Cat_17",21,304,"Low"
8677,"Cat_12",166,4349,"High"
8678,"Cat_28",190,3944,"High"
8679,"Cat_22",105,1828,"Mid"
8680,"Cat_5",83,4920,"High"
8681,"Cat_7",27,262,"Low"
8682,"Cat_29",19,2183,"Mid"
8683,"Cat_13",159,4132,"High"
8684,"Cat_16",198,2127,"Mid"
8685,"Cat_25",198,704,"Low"
8686,"Cat_18",66,2098,"Mid"
8687,"Cat_7",84,1012,"Mid"
8688,"Cat_29",124,2106,"Mid"
8689,"Cat_6",38,2852,"Mid"
8690,"Cat_16",14,3516,"High"
8691,"Cat_4",149,3627,"High"
8692,"Cat_27",21,2926,"Mid"
8693,"Cat_4",152,1551,"Mid"
8694,"Cat_17",180,1834,"Mid"
8695,"Cat_14",51,1610,"Mid"
8696,"Cat_5",134,3179,"High"
8697,"Cat_5",72,262,"Low"
8698,"Cat_27",89,1782,"Mid"
8699,"Cat_1",138,904,"Low"
8700,"Cat_18",101,4709,"High"
8701,"Cat_27",121,2576,"Mid"
8702,"Cat_5",110,3165,"High"
8703,"Cat_19",98,408,"Low"
8704,"Cat_28",94,261,"Low"
8705,"Cat_28",69,4942,"High"
8706,"Cat_26",186,2129,"Mid"
8707,"Cat_10",86,2868,"Mid"
8708,"Cat_21",64,1037,"Mid"
8709,"Cat_23",22,1936,"Mid"
8710,"Cat_20",174,256,"Low"
8711,"Cat_6",79,1111,"Mid"
8712,"Cat_8",67,1708,"Mid"
8713,"Cat_19",37,964,"Low"
8714,"Cat_13",10,4602,"High"
8715,"Cat_13",139,3417,"High"
8716,"Cat_28",61,1157,"Mid"
8717,"Cat_4",38,1177,"Mid"
8718,"Cat_3",26,3063,"High"
8719,"Cat_24",13,2301,"Mid"
8720,"Cat_17",6,1862,"Mid"
8721,"Cat_17",20,2191,"Mid"
8722,"Cat_10",110,3368,"High"
8723,"Cat_16",181,785,"Low"
8724,"Cat_23",37,629,"Low"
8725,"Cat_9",150,1337,"Mid"
8726,"Cat_22",198,2890,"Mid"
8727,"Cat_19",154,1873,"Mid"
8728,"Cat_26",108,2617,"Mid"
8729,"Cat_7",173,2632,"Mid"
8730,"Cat_16",102,4101,"High"
8731,"Cat_16",9,4660,"High"
8732,"Cat_6",80,1766,"Mid"
8733,"Cat_3",163,3030,"High"
8734,"Cat_7",193,1373,"Mid"
8735,"Cat_5",127,3734,"High"
8736,"Cat_13",141,3258,"High"
8737,"Cat_15",186,1533,"Mid"
8738,"Cat_6",119,822,"Low"
8739,"Cat_8",44,3544,"High"
8740,"Cat_2",63,2113,"Mid"
8741,"Cat_2",168,467,"Low"
8742,"Cat_14",133,808,"Low"
8743,"Cat_17",86,2617,"Mid"
8744,"Cat_17",93,589,"Low"
8745,"Cat_20",50,207,"Low"
8746,"Cat_12",25,4905,"High"
8747,"Cat_16",171,2092,"Mid"
8748,"Cat_21",25,4077,"High"
8749,"Cat_14",14,2259,"Mid"
8750,"Cat_15",49,1580,"Mid"
8751,"Cat_2",27,462,"Low"
8752,"Cat_22",129,754,"Low"
8753,"Cat_30",55,574,"Low"
8754,"Cat_15",67,806,"Low"
8755,"Cat_5",67,1431,"Mid"
8756,"Cat_22",85,236,"Low"
8757,"Cat_22",51,4391,"High"
8758,"Cat_4",84,3855,"High"
8759,"Cat_21",165,1495,"Mid"
8760,"Cat_13",22,1608,"Mid"
8761,"Cat_29",37,3432,"High"
8762,"Cat_3",134,3304,"High"
8763,"Cat_9",44,3623,"High"
8764,"Cat_7",148,3583,"High"
8765,"Cat_25",179,3260,"High"
8766,"Cat_1",44,4074,"High"
8767,"Cat_12",123,2298,"Mid"
8768,"Cat_28",26,2098,"Mid"
8769,"Cat_14",46,3898,"High"
8770,"Cat_18",145,2065,"Mid"
8771,"Cat_20",14,2080,"Mid"
8772,"Cat_30",58,4680,"High"
8773,"Cat_2",84,3476,"High"
8774,"Cat_6",9,3659,"High"
8775,"Cat_27",117,4301,"High"
8776,"Cat_21",109,3822,"High"
8777,"Cat_21",61,535,"Low"
8778,"Cat_12",143,4032,"High"
8779,"Cat_8",124,2944,"Mid"
8780,"Cat_8",114,4459,"High"
8781,"Cat_9",73,3509,"High"
8782,"Cat_13",124,2842,"Mid"
8783,"Cat_13",147,4082,"High"
8784,"Cat_2",62,2580,"Mid"
8785,"Cat_2",162,379,"Low"
8786,"Cat_12",75,2014,"Mid"
8787,"Cat_21",76,736,"Low"
8788,"Cat_2",105,986,"Low"
8789,"Cat_18",184,420,"Low"
8790,"Cat_3",129,3297,"High"
8791,"Cat_1",171,4006,"High"
8792,"Cat_17",18,3465,"High"
8793,"Cat_3",43,3822,"High"
8794,"Cat_19",86,3179,"High"
8795,"Cat_25",114,1125,"Mid"
8796,"Cat_14",138,4790,"High"
8797,"Cat_6",124,2662,"Mid"
8798,"Cat_5",90,2258,"Mid"
8799,"Cat_4",80,4680,"High"
8800,"Cat_4",32,4577,"High"
8801,"Cat_18",82,2456,"Mid"
8802,"Cat_13",65,1663,"Mid"
8803,"Cat_15",177,407,"Low"
8804,"Cat_12",85,2887,"Mid"
8805,"Cat_28",39,2936,"Mid"
8806,"Cat_10",118,3424,"High"
8807,"Cat_15",95,2327,"Mid"
8808,"Cat_6",24,2348,"Mid"
8809,"Cat_23",71,1968,"Mid"
8810,"Cat_25",183,1016,"Mid"
8811,"Cat_18",167,3841,"High"
8812,"Cat_6",112,728,"Low"
8813,"Cat_12",14,4441,"High"
8814,"Cat_17",116,3168,"High"
8815,"Cat_10",70,3820,"High"
8816,"Cat_22",170,4817,"High"
8817,"Cat_22",145,3204,"High"
8818,"Cat_21",179,3533,"High"
8819,"Cat_26",197,4951,"High"
8820,"Cat_13",119,4035,"High"
8821,"Cat_18",144,532,"Low"
8822,"Cat_20",27,2572,"Mid"
8823,"Cat_23",180,3551,"High"
8824,"Cat_5",88,4155,"High"
8825,"Cat_7",44,2224,"Mid"
8826,"Cat_13",97,3640,"High"
8827,"Cat_11",3,207,"Low"
8828,"Cat_25",158,1989,"Mid"
8829,"Cat_26",60,3036,"High"
8830,"Cat_19",45,4143,"High"
8831,"Cat_13",183,2357,"Mid"
8832,"Cat_12",129,2218,"Mid"
8833,"Cat_22",113,4372,"High"
8834,"Cat_12",21,4335,"High"
8835,"Cat_26",13,4576,"High"
8836,"Cat_7",120,1736,"Mid"
8837,"Cat_14",102,4861,"High"
8838,"Cat_15",22,4488,"High"
8839,"Cat_2",19,2417,"Mid"
8840,"Cat_22",87,1519,"Mid"
8841,"Cat_24",112,1220,"Mid"
8842,"Cat_20",151,1164,"Mid"
8843,"Cat_12",12,2614,"Mid"
8844,"Cat_8",190,4520,"High"
8845,"Cat_2",82,4635,"High"
8846,"Cat_20",169,2763,"Mid"
8847,"Cat_4",18,2461,"Mid"
8848,"Cat_2",12,2009,"Mid"
8849,"Cat_16",134,4387,"High"
8850,"Cat_30",69,2225,"Mid"
8851,"Cat_10",152,4248,"High"
8852,"Cat_16",39,3429,"High"
8853,"Cat_20",45,2197,"Mid"
8854,"Cat_16",63,203,"Low"
8855,"Cat_7",94,3563,"High"
8856,"Cat_3",118,3110,"High"
8857,"Cat_29",160,1351,"Mid"
8858,"Cat_15",5,4900,"High"
8859,"Cat_10",198,3923,"High"
8860,"Cat_26",89,1275,"Mid"
8861,"Cat_3",77,918,"Low"
8862,"Cat_5",72,3390,"High"
8863,"Cat_17",73,4817,"High"
8864,"Cat_19",117,1242,"Mid"
8865,"Cat_6",184,738,"Low"
8866,"Cat_8",85,3804,"High"
8867,"Cat_6",155,3547,"High"
8868,"Cat_25",78,2659,"Mid"
8869,"Cat_21",99,2671,"Mid"
8870,"Cat_3",117,4433,"High"
8871,"Cat_25",4,1484,"Mid"
8872,"Cat_12",188,299,"Low"
8873,"Cat_20",155,1662,"Mid"
8874,"Cat_13",110,2367,"Mid"
8875,"Cat_29",46,1858,"Mid"
8876,"Cat_24",183,3648,"High"
8877,"Cat_12",142,1847,"Mid"
8878,"Cat_18",48,787,"Low"
8879,"Cat_21",67,3932,"High"
8880,"Cat_15",77,4233,"High"
8881,"Cat_21",136,1764,"Mid"
8882,"Cat_2",137,1484,"Mid"
8883,"Cat_24",105,351,"Low"
8884,"Cat_2",3,4720,"High"
8885,"Cat_1",69,2352,"Mid"
8886,"Cat_21",16,3538,"High"
8887,"Cat_1",100,3835,"High"
8888,"Cat_22",24,455,"Low"
8889,"Cat_12",9,1808,"Mid"
8890,"Cat_22",102,1623,"Mid"
8891,"Cat_7",148,4366,"High"
8892,"Cat_13",70,1580,"Mid"
8893,"Cat_13",22,4857,"High"
8894,"Cat_7",172,2686,"Mid"
8895,"Cat_1",100,3812,"High"
8896,"Cat_9",110,4517,"High"
8897,"Cat_27",35,252,"Low"
8898,"Cat_16",35,3713,"High"
8899,"Cat_7",165,1433,"Mid"
8900,"Cat_14",118,2943,"Mid"
8901,"Cat_2",136,310,"Low"
8902,"Cat_19",102,4704,"High"
8903,"Cat_16",65,839,"Low"
8904,"Cat_7",29,4715,"High"
8905,"Cat_29",84,2602,"Mid"
8906,"Cat_30",39,1690,"Mid"
8907,"Cat_5",75,2182,"Mid"
8908,"Cat_9",21,3437,"High"
8909,"Cat_3",179,120,"Low"
8910,"Cat_4",24,3822,"High"
8911,"Cat_12",138,2544,"Mid"
8912,"Cat_26",118,293,"Low"
8913,"Cat_3",162,1791,"Mid"
8914,"Cat_28",148,4003,"High"
8915,"Cat_19",184,3307,"High"
8916,"Cat_25",109,4990,"High"
8917,"Cat_24",104,3272,"High"
8918,"Cat_29",95,1166,"Mid"
8919,"Cat_13",198,2017,"Mid"
8920,"Cat_28",26,4369,"High"
8921,"Cat_23",75,2303,"Mid"
8922,"Cat_5",190,4797,"High"
8923,"Cat_5",16,1601,"Mid"
8924,"Cat_3",36,221,"Low"
8925,"Cat_22",120,4831,"High"
8926,"Cat_5",165,3019,"High"
8927,"Cat_20",10,4078,"High"
8928,"Cat_21",31,3804,"High"
8929,"Cat_25",60,2466,"Mid"
8930,"Cat_25",75,622,"Low"
8931,"Cat_25",43,2166,"Mid"
8932,"Cat_30",125,2808,"Mid"
8933,"Cat_15",141,3043,"High"
8934,"Cat_27",189,3257,"High"
8935,"Cat_4",48,1868,"Mid"
8936,"Cat_26",122,4081,"High"
8937,"Cat_10",79,2299,"Mid"
8938,"Cat_28",114,3346,"High"
8939,"Cat_9",73,3463,"High"
8940,"Cat_6",31,300,"Low"
8941,"Cat_24",57,3126,"High"
8942,"Cat_20",56,1913,"Mid"
8943,"Cat_30",44,3074,"High"
8944,"Cat_13",168,2864,"Mid"
8945,"Cat_18",11,2685,"Mid"
8946,"Cat_7",137,470,"Low"
8947,"Cat_10",79,3436,"High"
8948,"Cat_3",107,4320,"High"
8949,"Cat_6",32,4438,"High"
8950,"Cat_6",135,2641,"Mid"
8951,"Cat_10",35,3420,"High"
8952,"Cat_19",138,1226,"Mid"
8953,"Cat_22",96,4509,"High"
8954,"Cat_15",8,3359,"High"
8955,"Cat_27",82,1270,"Mid"
8956,"Cat_19",124,4560,"High"
8957,"Cat_25",157,1709,"Mid"
8958,"Cat_2",47,4038,"High"
8959,"Cat_26",74,2807,"Mid"
8960,"Cat_14",66,650,"Low"
8961,"Cat_4",179,3816,"High"
8962,"Cat_20",91,3579,"High"
8963,"Cat_21",55,684,"Low"
8964,"Cat_8",161,4324,"High"
8965,"Cat_25",73,426,"Low"
8966,"Cat_6",37,1320,"Mid"
8967,"Cat_12",165,2877,"Mid"
8968,"Cat_6",189,1551,"Mid"
8969,"Cat_17",42,870,"Low"
8970,"Cat_19",29,1379,"Mid"
8971,"Cat_24",133,3075,"High"
8972,"Cat_20",94,4830,"High"
8973,"Cat_13",163,3025,"High"
8974,"Cat_27",168,2577,"Mid"
8975,"Cat_24",45,2236,"Mid"
8976,"Cat_3",115,2131,"Mid"
8977,"Cat_30",53,2326,"Mid"
8978,"Cat_2",5,561,"Low"
8979,"Cat_25",99,2208,"Mid"
8980,"Cat_26",181,171,"Low"
8981,"Cat_4",103,4861,"High"
8982,"Cat_25",113,2106,"Mid"
8983,"Cat_1",154,1198,"Mid"
8984,"Cat_26",73,2313,"Mid"
8985,"Cat_1",142,596,"Low"
8986,"Cat_7",48,3858,"High"
8987,"Cat_4",81,204,"Low"
8988,"Cat_11",9,2557,"Mid"
8989,"Cat_20",98,3887,"High"
8990,"Cat_8",89,4046,"High"
8991,"Cat_24",28,4586,"High"
8992,"Cat_20",1,1952,"Mid"
8993,"Cat_21",45,4024,"High"
8994,"Cat_7",95,4422,"High"
8995,"Cat_22",1,1603,"Mid"
8996,"Cat_8",76,2981,"Mid"
8997,"Cat_13",137,3735,"High"
8998,"Cat_23",164,1552,"Mid"
8999,"Cat_30",120,310,"Low"
9000,"Cat_16",34,4138,"High"
9001,"Cat_24",142,1304,"Mid"
9002,"Cat_29",8,272,"Low"
9003,"Cat_15",90,3907,"High"
9004,"Cat_22",55,2079,"Mid"
9005,"Cat_20",84,1964,"Mid"
9006,"Cat_26",158,2078,"Mid"
9007,"Cat_10",162,286,"Low"
9008,"Cat_23",8,758,"Low"
9009,"Cat_14",11,936,"Low"
9010,"Cat_8",60,448,"Low"
9011,"Cat_19",129,4537,"High"
9012,"Cat_8",69,4160,"High"
9013,"Cat_18",93,1083,"Mid"
9014,"Cat_26",68,3379,"High"
9015,"Cat_1",149,3080,"High"
9016,"Cat_18",26,696,"Low"
9017,"Cat_2",10,2236,"Mid"
9018,"Cat_12",43,518,"Low"
9019,"Cat_18",144,2095,"Mid"
9020,"Cat_19",94,3547,"High"
9021,"Cat_16",78,3392,"High"
9022,"Cat_29",48,183,"Low"
9023,"Cat_11",192,2985,"Mid"
9024,"Cat_24",127,2717,"Mid"
9025,"Cat_11",121,4369,"High"
9026,"Cat_29",1,3201,"High"
9027,"Cat_6",16,1788,"Mid"
9028,"Cat_30",134,4671,"High"
9029,"Cat_30",156,3066,"High"
9030,"Cat_18",22,4537,"High"
9031,"Cat_20",187,3276,"High"
9032,"Cat_30",167,2790,"Mid"
9033,"Cat_9",129,4003,"High"
9034,"Cat_24",90,4214,"High"
9035,"Cat_25",85,1048,"Mid"
9036,"Cat_8",11,3100,"High"
9037,"Cat_22",118,1170,"Mid"
9038,"Cat_24",59,408,"Low"
9039,"Cat_15",118,2434,"Mid"
9040,"Cat_3",200,1311,"Mid"
9041,"Cat_22",120,2749,"Mid"
9042,"Cat_23",101,4714,"High"
9043,"Cat_16",14,3042,"High"
9044,"Cat_7",35,4670,"High"
9045,"Cat_4",150,3001,"High"
9046,"Cat_9",194,3909,"High"
9047,"Cat_24",183,3589,"High"
9048,"Cat_27",157,347,"Low"
9049,"Cat_23",68,2226,"Mid"
9050,"Cat_9",89,3900,"High"
9051,"Cat_15",91,1078,"Mid"
9052,"Cat_20",56,1443,"Mid"
9053,"Cat_19",55,1915,"Mid"
9054,"Cat_5",134,2498,"Mid"
9055,"Cat_4",181,1560,"Mid"
9056,"Cat_14",141,2079,"Mid"
9057,"Cat_25",18,3958,"High"
9058,"Cat_3",37,4064,"High"
9059,"Cat_3",47,1240,"Mid"
9060,"Cat_5",50,1143,"Mid"
9061,"Cat_15",2,3339,"High"
9062,"Cat_15",29,3070,"High"
9063,"Cat_19",128,2664,"Mid"
9064,"Cat_11",200,3700,"High"
9065,"Cat_14",126,2879,"Mid"
9066,"Cat_24",5,2194,"Mid"
9067,"Cat_30",169,3682,"High"
9068,"Cat_3",151,2702,"Mid"
9069,"Cat_10",152,1031,"Mid"
9070,"Cat_30",123,4186,"High"
9071,"Cat_4",161,2224,"Mid"
9072,"Cat_5",75,3129,"High"
9073,"Cat_9",89,1262,"Mid"
9074,"Cat_10",9,4995,"High"
9075,"Cat_24",53,653,"Low"
9076,"Cat_15",171,4671,"High"
9077,"Cat_3",38,1078,"Mid"
9078,"Cat_23",44,402,"Low"
9079,"Cat_2",41,4096,"High"
9080,"Cat_9",198,345,"Low"
9081,"Cat_5",151,1575,"Mid"
9082,"Cat_25",39,214,"Low"
9083,"Cat_23",163,1191,"Mid"
9084,"Cat_26",71,725,"Low"
9085,"Cat_15",95,2384,"Mid"
9086,"Cat_18",99,3368,"High"
9087,"Cat_25",194,2592,"Mid"
9088,"Cat_8",187,913,"Low"
9089,"Cat_17",145,3604,"High"
9090,"Cat_22",200,2309,"Mid"
9091,"Cat_10",128,1859,"Mid"
9092,"Cat_26",194,297,"Low"
9093,"Cat_19",117,3614,"High"
9094,"Cat_4",54,368,"Low"
9095,"Cat_9",100,4159,"High"
9096,"Cat_22",141,126,"Low"
9097,"Cat_1",32,470,"Low"
9098,"Cat_20",200,4716,"High"
9099,"Cat_12",97,772,"Low"
9100,"Cat_5",59,4409,"High"
9101,"Cat_9",26,1247,"Mid"
9102,"Cat_30",180,1836,"Mid"
9103,"Cat_15",60,2193,"Mid"
9104,"Cat_9",66,2978,"Mid"
9105,"Cat_2",1,4403,"High"
9106,"Cat_12",186,878,"Low"
9107,"Cat_3",1,802,"Low"
9108,"Cat_6",177,1552,"Mid"
9109,"Cat_22",191,2632,"Mid"
9110,"Cat_26",114,333,"Low"
9111,"Cat_1",177,403,"Low"
9112,"Cat_11",84,4708,"High"
9113,"Cat_29",98,4155,"High"
9114,"Cat_10",75,3712,"High"
9115,"Cat_15",31,3322,"High"
9116,"Cat_6",173,948,"Low"
9117,"Cat_12",139,1223,"Mid"
9118,"Cat_24",137,3959,"High"
9119,"Cat_20",40,768,"Low"
9120,"Cat_27",40,1922,"Mid"
9121,"Cat_21",155,3347,"High"
9122,"Cat_6",105,1443,"Mid"
9123,"Cat_13",33,4608,"High"
9124,"Cat_28",10,2042,"Mid"
9125,"Cat_17",177,4694,"High"
9126,"Cat_18",133,4938,"High"
9127,"Cat_10",2,3708,"High"
9128,"Cat_8",98,2102,"Mid"
9129,"Cat_4",58,694,"Low"
9130,"Cat_18",187,2700,"Mid"
9131,"Cat_29",70,4809,"High"
9132,"Cat_15",173,1310,"Mid"
9133,"Cat_3",77,976,"Low"
9134,"Cat_13",80,3060,"High"
9135,"Cat_8",142,4672,"High"
9136,"Cat_15",139,2121,"Mid"
9137,"Cat_2",116,1301,"Mid"
9138,"Cat_12",13,1680,"Mid"
9139,"Cat_27",168,2964,"Mid"
9140,"Cat_29",111,207,"Low"
9141,"Cat_17",45,3542,"High"
9142,"Cat_10",165,4405,"High"
9143,"Cat_27",23,3365,"High"
9144,"Cat_4",93,3140,"High"
9145,"Cat_5",6,1056,"Mid"
9146,"Cat_22",35,239,"Low"
9147,"Cat_15",40,3084,"High"
9148,"Cat_1",73,1394,"Mid"
9149,"Cat_5",184,3644,"High"
9150,"Cat_4",139,3889,"High"
9151,"Cat_10",105,2550,"Mid"
9152,"Cat_22",108,1944,"Mid"
9153,"Cat_25",149,735,"Low"
9154,"Cat_8",45,678,"Low"
9155,"Cat_4",186,4941,"High"
9156,"Cat_11",191,994,"Low"
9157,"Cat_18",159,447,"Low"
9158,"Cat_24",68,2640,"Mid"
9159,"Cat_10",148,3531,"High"
9160,"Cat_26",71,3283,"High"
9161,"Cat_28",21,4709,"High"
9162,"Cat_26",80,749,"Low"
9163,"Cat_8",122,533,"Low"
9164,"Cat_18",193,2694,"Mid"
9165,"Cat_1",105,102,"Low"
9166,"Cat_29",47,3908,"High"
9167,"Cat_14",54,1711,"Mid"
9168,"Cat_9",21,934,"Low"
9169,"Cat_27",182,1344,"Mid"
9170,"Cat_26",9,4480,"High"
9171,"Cat_27",188,4463,"High"
9172,"Cat_14",141,3528,"High"
9173,"Cat_4",177,1234,"Mid"
9174,"Cat_7",59,4557,"High"
9175,"Cat_13",107,3301,"High"
9176,"Cat_14",183,4991,"High"
9177,"Cat_4",143,2341,"Mid"
9178,"Cat_20",85,770,"Low"
9179,"Cat_1",120,4466,"High"
9180,"Cat_17",48,4922,"High"
9181,"Cat_12",90,3796,"High"
9182,"Cat_8",78,2797,"Mid"
9183,"Cat_19",58,738,"Low"
9184,"Cat_14",82,4374,"High"
9185,"Cat_4",179,2400,"Mid"
9186,"Cat_14",33,2304,"Mid"
9187,"Cat_8",125,699,"Low"
9188,"Cat_9",97,2601,"Mid"
9189,"Cat_5",171,3031,"High"
9190,"Cat_29",176,2055,"Mid"
9191,"Cat_3",92,3161,"High"
9192,"Cat_7",120,3549,"High"
9193,"Cat_14",126,2044,"Mid"
9194,"Cat_16",161,4030,"High"
9195,"Cat_10",145,3891,"High"
9196,"Cat_6",137,1004,"Mid"
9197,"Cat_17",140,4878,"High"
9198,"Cat_2",88,4765,"High"
9199,"Cat_2",21,993,"Low"
9200,"Cat_22",18,2174,"Mid"
9201,"Cat_19",113,2775,"Mid"
9202,"Cat_12",128,1734,"Mid"
9203,"Cat_14",177,3927,"High"
9204,"Cat_2",83,4309,"High"
9205,"Cat_11",166,696,"Low"
9206,"Cat_30",149,4543,"High"
9207,"Cat_23",18,1062,"Mid"
9208,"Cat_16",24,1048,"Mid"
9209,"Cat_14",193,4899,"High"
9210,"Cat_18",85,1861,"Mid"
9211,"Cat_9",110,3835,"High"
9212,"Cat_16",88,3408,"High"
9213,"Cat_7",130,2138,"Mid"
9214,"Cat_6",22,4244,"High"
9215,"Cat_22",161,1074,"Mid"
9216,"Cat_5",95,2678,"Mid"
9217,"Cat_30",39,363,"Low"
9218,"Cat_30",3,3773,"High"
9219,"Cat_29",159,578,"Low"
9220,"Cat_2",12,4848,"High"
9221,"Cat_30",179,1880,"Mid"
9222,"Cat_21",166,1175,"Mid"
9223,"Cat_2",78,3650,"High"
9224,"Cat_3",178,2322,"Mid"
9225,"Cat_26",20,4291,"High"
9226,"Cat_22",63,3246,"High"
9227,"Cat_20",22,186,"Low"
9228,"Cat_8",5,1103,"Mid"
9229,"Cat_9",67,1680,"Mid"
9230,"Cat_5",9,4355,"High"
9231,"Cat_15",158,3215,"High"
9232,"Cat_11",116,3763,"High"
9233,"Cat_17",122,1899,"Mid"
9234,"Cat_17",85,2641,"Mid"
9235,"Cat_1",42,2642,"Mid"
9236,"Cat_1",131,4691,"High"
9237,"Cat_14",33,2999,"Mid"
9238,"Cat_12",25,2333,"Mid"
9239,"Cat_14",154,3249,"High"
9240,"Cat_17",167,1391,"Mid"
9241,"Cat_4",21,4722,"High"
9242,"Cat_26",99,3593,"High"
9243,"Cat_11",33,2254,"Mid"
9244,"Cat_28",200,2109,"Mid"
9245,"Cat_28",185,4515,"High"
9246,"Cat_5",100,2576,"Mid"
9247,"Cat_19",155,3972,"High"
9248,"Cat_16",15,3407,"High"
9249,"Cat_16",71,4990,"High"
9250,"Cat_5",179,540,"Low"
9251,"Cat_29",52,3283,"High"
9252,"Cat_12",147,975,"Low"
9253,"Cat_9",178,2886,"Mid"
9254,"Cat_8",122,688,"Low"
9255,"Cat_9",147,3583,"High"
9256,"Cat_5",141,1677,"Mid"
9257,"Cat_7",126,358,"Low"
9258,"Cat_1",191,1460,"Mid"
9259,"Cat_10",149,4627,"High"
9260,"Cat_23",107,325,"Low"
9261,"Cat_2",99,3719,"High"
9262,"Cat_21",7,2507,"Mid"
9263,"Cat_18",43,3666,"High"
9264,"Cat_2",196,3604,"High"
9265,"Cat_9",78,4884,"High"
9266,"Cat_6",191,4236,"High"
9267,"Cat_26",125,3788,"High"
9268,"Cat_8",75,3523,"High"
9269,"Cat_26",163,3877,"High"
9270,"Cat_23",108,2034,"Mid"
9271,"Cat_6",97,2928,"Mid"
9272,"Cat_10",17,883,"Low"
9273,"Cat_20",113,4109,"High"
9274,"Cat_19",81,1503,"Mid"
9275,"Cat_14",22,1432,"Mid"
9276,"Cat_4",7,928,"Low"
9277,"Cat_25",149,4620,"High"
9278,"Cat_26",34,2113,"Mid"
9279,"Cat_19",27,4756,"High"
9280,"Cat_2",18,4783,"High"
9281,"Cat_8",58,189,"Low"
9282,"Cat_20",21,2899,"Mid"
9283,"Cat_26",107,2201,"Mid"
9284,"Cat_3",117,1387,"Mid"
9285,"Cat_11",40,3408,"High"
9286,"Cat_28",138,3702,"High"
9287,"Cat_9",140,3331,"High"
9288,"Cat_11",150,2540,"Mid"
9289,"Cat_13",66,3143,"High"
9290,"Cat_12",186,4700,"High"
9291,"Cat_3",26,3525,"High"
9292,"Cat_9",95,355,"Low"
9293,"Cat_16",88,3586,"High"
9294,"Cat_15",11,4811,"High"
9295,"Cat_7",19,4078,"High"
9296,"Cat_16",197,624,"Low"
9297,"Cat_10",64,1510,"Mid"
9298,"Cat_10",123,4126,"High"
9299,"Cat_25",15,1551,"Mid"
9300,"Cat_25",103,551,"Low"
9301,"Cat_22",20,3286,"High"
9302,"Cat_3",36,3467,"High"
9303,"Cat_16",35,252,"Low"
9304,"Cat_5",162,1740,"Mid"
9305,"Cat_23",104,2853,"Mid"
9306,"Cat_28",97,4019,"High"
9307,"Cat_8",165,2523,"Mid"
9308,"Cat_3",179,3133,"High"
9309,"Cat_6",112,1176,"Mid"
9310,"Cat_11",139,4663,"High"
9311,"Cat_13",167,328,"Low"
9312,"Cat_8",87,4678,"High"
9313,"Cat_27",70,2826,"Mid"
9314,"Cat_24",116,1926,"Mid"
9315,"Cat_6",93,964,"Low"
9316,"Cat_9",188,2183,"Mid"
9317,"Cat_7",7,4848,"High"
9318,"Cat_5",158,4128,"High"
9319,"Cat_9",119,3991,"High"
9320,"Cat_5",131,3231,"High"
9321,"Cat_7",198,1800,"Mid"
9322,"Cat_18",200,2147,"Mid"
9323,"Cat_19",67,3849,"High"
9324,"Cat_24",32,4016,"High"
9325,"Cat_22",5,485,"Low"
9326,"Cat_5",185,4501,"High"
9327,"Cat_27",3,269,"Low"
9328,"Cat_19",149,3190,"High"
9329,"Cat_29",51,814,"Low"
9330,"Cat_14",118,2688,"Mid"
9331,"Cat_7",125,4270,"High"
9332,"Cat_30",20,112,"Low"
9333,"Cat_13",108,2711,"Mid"
9334,"Cat_13",26,1568,"Mid"
9335,"Cat_16",112,4556,"High"
9336,"Cat_2",17,4289,"High"
9337,"Cat_26",34,1641,"Mid"
9338,"Cat_8",11,1692,"Mid"
9339,"Cat_16",65,3961,"High"
9340,"Cat_8",40,1101,"Mid"
9341,"Cat_7",28,1301,"Mid"
9342,"Cat_16",130,771,"Low"
9343,"Cat_11",196,3217,"High"
9344,"Cat_29",131,4314,"High"
9345,"Cat_11",77,4322,"High"
9346,"Cat_25",40,4537,"High"
9347,"Cat_1",81,3886,"High"
9348,"Cat_8",69,3564,"High"
9349,"Cat_30",156,120,"Low"
9350,"Cat_5",7,3828,"High"
9351,"Cat_25",38,2523,"Mid"
9352,"Cat_17",148,595,"Low"
9353,"Cat_25",13,4916,"High"
9354,"Cat_8",144,370,"Low"
9355,"Cat_15",170,2226,"Mid"
9356,"Cat_30",72,4496,"High"
9357,"Cat_10",89,4731,"High"
9358,"Cat_13",119,1513,"Mid"
9359,"Cat_30",198,3894,"High"
9360,"Cat_27",30,2626,"Mid"
9361,"Cat_25",184,2556,"Mid"
9362,"Cat_4",82,4160,"High"
9363,"Cat_15",61,3491,"High"
9364,"Cat_22",94,4406,"High"
9365,"Cat_18",132,3365,"High"
9366,"Cat_25",21,1658,"Mid"
9367,"Cat_11",43,4677,"High"
9368,"Cat_2",67,4429,"High"
9369,"Cat_20",96,3892,"High"
9370,"Cat_30",14,3083,"High"
9371,"Cat_19",193,3017,"High"
9372,"Cat_9",106,4218,"High"
9373,"Cat_25",4,1356,"Mid"
9374,"Cat_13",51,4556,"High"
9375,"Cat_10",109,4739,"High"
9376,"Cat_2",122,3779,"High"
9377,"Cat_3",123,930,"Low"
9378,"Cat_6",192,1687,"Mid"
9379,"Cat_15",179,3899,"High"
9380,"Cat_8",102,2647,"Mid"
9381,"Cat_8",47,1295,"Mid"
9382,"Cat_16",50,4732,"High"
9383,"Cat_16",195,1136,"Mid"
9384,"Cat_29",20,2302,"Mid"
9385,"Cat_26",114,4075,"High"
9386,"Cat_9",157,931,"Low"
9387,"Cat_22",165,478,"Low"
9388,"Cat_13",64,3232,"High"
9389,"Cat_2",55,4263,"High"
9390,"Cat_10",181,2715,"Mid"
9391,"Cat_2",36,1203,"Mid"
9392,"Cat_15",68,3606,"High"
9393,"Cat_24",86,790,"Low"
9394,"Cat_26",105,1481,"Mid"
9395,"Cat_5",34,4294,"High"
9396,"Cat_12",199,1221,"Mid"
9397,"Cat_19",8,4117,"High"
9398,"Cat_25",197,2072,"Mid"
9399,"Cat_5",97,4651,"High"
9400,"Cat_15",24,3498,"High"
9401,"Cat_19",124,3307,"High"
9402,"Cat_9",197,1976,"Mid"
9403,"Cat_30",182,2765,"Mid"
9404,"Cat_12",157,2725,"Mid"
9405,"Cat_18",188,3097,"High"
9406,"Cat_2",37,2731,"Mid"
9407,"Cat_23",137,2481,"Mid"
9408,"Cat_29",1,4469,"High"
9409,"Cat_5",69,320,"Low"
9410,"Cat_16",155,1362,"Mid"
9411,"Cat_25",8,3494,"High"
9412,"Cat_25",16,3209,"High"
9413,"Cat_10",47,2088,"Mid"
9414,"Cat_7",82,3517,"High"
9415,"Cat_14",90,2639,"Mid"
9416,"Cat_7",18,328,"Low"
9417,"Cat_27",189,2914,"Mid"
9418,"Cat_10",46,1276,"Mid"
9419,"Cat_5",147,3080,"High"
9420,"Cat_6",127,3547,"High"
9421,"Cat_19",186,3059,"High"
9422,"Cat_18",130,4406,"High"
9423,"Cat_14",69,818,"Low"
9424,"Cat_28",66,2690,"Mid"
9425,"Cat_13",130,4085,"High"
9426,"Cat_17",84,707,"Low"
9427,"Cat_13",88,2894,"Mid"
9428,"Cat_7",57,1841,"Mid"
9429,"Cat_19",30,802,"Low"
9430,"Cat_3",95,4271,"High"
9431,"Cat_11",19,2961,"Mid"
9432,"Cat_19",24,4031,"High"
9433,"Cat_17",173,587,"Low"
9434,"Cat_11",152,3642,"High"
9435,"Cat_20",67,3578,"High"
9436,"Cat_4",56,2579,"Mid"
9437,"Cat_28",6,4483,"High"
9438,"Cat_16",77,3518,"High"
9439,"Cat_22",125,2397,"Mid"
9440,"Cat_12",4,1111,"Mid"
9441,"Cat_24",167,2242,"Mid"
9442,"Cat_20",24,4997,"High"
9443,"Cat_28",4,1852,"Mid"
9444,"Cat_10",112,3420,"High"
9445,"Cat_15",59,670,"Low"
9446,"Cat_28",125,3309,"High"
9447,"Cat_18",120,424,"Low"
9448,"Cat_14",142,603,"Low"
9449,"Cat_24",193,2531,"Mid"
9450,"Cat_29",26,2054,"Mid"
9451,"Cat_13",18,3040,"High"
9452,"Cat_16",175,1780,"Mid"
9453,"Cat_9",49,2955,"Mid"
9454,"Cat_20",46,1284,"Mid"
9455,"Cat_5",147,3130,"High"
9456,"Cat_30",135,2063,"Mid"
9457,"Cat_24",130,3025,"High"
9458,"Cat_7",40,585,"Low"
9459,"Cat_20",199,728,"Low"
9460,"Cat_9",110,3276,"High"
9461,"Cat_9",106,3828,"High"
9462,"Cat_5",35,1864,"Mid"
9463,"Cat_30",194,2526,"Mid"
9464,"Cat_2",5,3348,"High"
9465,"Cat_7",194,3730,"High"
9466,"Cat_2",59,2989,"Mid"
9467,"Cat_11",50,4121,"High"
9468,"Cat_7",117,3090,"High"
9469,"Cat_22",21,3810,"High"
9470,"Cat_15",101,3538,"High"
9471,"Cat_4",92,2193,"Mid"
9472,"Cat_6",5,1963,"Mid"
9473,"Cat_12",57,4060,"High"
9474,"Cat_4",28,4932,"High"
9475,"Cat_1",94,4633,"High"
9476,"Cat_18",152,4742,"High"
9477,"Cat_21",21,1858,"Mid"
9478,"Cat_26",148,2290,"Mid"
9479,"Cat_9",174,4779,"High"
9480,"Cat_4",63,3036,"High"
9481,"Cat_21",115,2537,"Mid"
9482,"Cat_6",104,730,"Low"
9483,"Cat_12",7,4452,"High"
9484,"Cat_6",32,567,"Low"
9485,"Cat_13",17,892,"Low"
9486,"Cat_30",84,4317,"High"
9487,"Cat_5",98,1547,"Mid"
9488,"Cat_29",99,2018,"Mid"
9489,"Cat_28",10,1279,"Mid"
9490,"Cat_23",42,883,"Low"
9491,"Cat_8",191,4580,"High"
9492,"Cat_14",199,4053,"High"
9493,"Cat_4",195,308,"Low"
9494,"Cat_23",173,2873,"Mid"
9495,"Cat_25",141,835,"Low"
9496,"Cat_29",94,2617,"Mid"
9497,"Cat_19",40,230,"Low"
9498,"Cat_2",184,4280,"High"
9499,"Cat_6",17,2149,"Mid"
9500,"Cat_7",142,2697,"Mid"
9501,"Cat_28",127,1913,"Mid"
9502,"Cat_21",57,4170,"High"
9503,"Cat_7",44,790,"Low"
9504,"Cat_12",33,556,"Low"
9505,"Cat_5",169,1512,"Mid"
9506,"Cat_29",151,3105,"High"
9507,"Cat_9",109,678,"Low"
9508,"Cat_22",154,4416,"High"
9509,"Cat_13",183,1524,"Mid"
9510,"Cat_3",142,3179,"High"
9511,"Cat_30",79,1676,"Mid"
9512,"Cat_25",151,2962,"Mid"
9513,"Cat_28",51,3934,"High"
9514,"Cat_16",18,3317,"High"
9515,"Cat_2",98,317,"Low"
9516,"Cat_29",66,3009,"High"
9517,"Cat_11",182,2811,"Mid"
9518,"Cat_29",57,2375,"Mid"
9519,"Cat_23",161,4697,"High"
9520,"Cat_17",171,707,"Low"
9521,"Cat_13",149,2825,"Mid"
9522,"Cat_24",40,4371,"High"
9523,"Cat_11",63,651,"Low"
9524,"Cat_3",17,3657,"High"
9525,"Cat_23",107,3254,"High"
9526,"Cat_27",13,1945,"Mid"
9527,"Cat_30",5,4953,"High"
9528,"Cat_21",11,4677,"High"
9529,"Cat_12",172,4151,"High"
9530,"Cat_9",106,1994,"Mid"
9531,"Cat_6",11,3530,"High"
9532,"Cat_24",37,2019,"Mid"
9533,"Cat_30",139,1813,"Mid"
9534,"Cat_8",137,1296,"Mid"
9535,"Cat_15",170,4445,"High"
9536,"Cat_17",167,2668,"Mid"
9537,"Cat_24",189,2526,"Mid"
9538,"Cat_16",125,4410,"High"
9539,"Cat_2",90,787,"Low"
9540,"Cat_5",68,2982,"Mid"
9541,"Cat_7",43,1202,"Mid"
9542,"Cat_1",38,2091,"Mid"
9543,"Cat_21",64,4943,"High"
9544,"Cat_21",200,2726,"Mid"
9545,"Cat_30",45,1643,"Mid"
9546,"Cat_20",195,3973,"High"
9547,"Cat_27",102,3533,"High"
9548,"Cat_6",40,3833,"High"
9549,"Cat_16",100,336,"Low"
9550,"Cat_4",130,4988,"High"
9551,"Cat_9",27,2805,"Mid"
9552,"Cat_8",131,4599,"High"
9553,"Cat_1",56,4027,"High"
9554,"Cat_24",56,226,"Low"
9555,"Cat_8",141,3804,"High"
9556,"Cat_16",106,4871,"High"
9557,"Cat_21",58,4439,"High"
9558,"Cat_8",138,1062,"Mid"
9559,"Cat_11",88,4934,"High"
9560,"Cat_28",27,4715,"High"
9561,"Cat_27",173,733,"Low"
9562,"Cat_22",178,3393,"High"
9563,"Cat_5",121,1774,"Mid"
9564,"Cat_13",27,1256,"Mid"
9565,"Cat_15",156,910,"Low"
9566,"Cat_27",22,2139,"Mid"
9567,"Cat_25",54,4868,"High"
9568,"Cat_23",196,409,"Low"
9569,"Cat_20",17,4474,"High"
9570,"Cat_11",51,3733,"High"
9571,"Cat_3",77,4533,"High"
9572,"Cat_5",188,887,"Low"
9573,"Cat_26",17,3631,"High"
9574,"Cat_25",84,4472,"High"
9575,"Cat_8",160,697,"Low"
9576,"Cat_16",51,1016,"Mid"
9577,"Cat_8",116,2023,"Mid"
9578,"Cat_17",8,1261,"Mid"
9579,"Cat_9",42,1974,"Mid"
9580,"Cat_30",11,200,"Low"
9581,"Cat_2",20,3324,"High"
9582,"Cat_10",36,2865,"Mid"
9583,"Cat_24",73,4520,"High"
9584,"Cat_18",111,4236,"High"
9585,"Cat_27",2,2995,"Mid"
9586,"Cat_17",173,151,"Low"
9587,"Cat_7",139,2076,"Mid"
9588,"Cat_7",177,902,"Low"
9589,"Cat_2",62,4937,"High"
9590,"Cat_27",173,1994,"Mid"
9591,"Cat_26",109,3939,"High"
9592,"Cat_23",63,4597,"High"
9593,"Cat_28",135,3958,"High"
9594,"Cat_3",125,3146,"High"
9595,"Cat_8",115,1330,"Mid"
9596,"Cat_18",177,1576,"Mid"
9597,"Cat_5",125,4023,"High"
9598,"Cat_16",149,2287,"Mid"
9599,"Cat_29",143,4525,"High"
9600,"Cat_11",165,2482,"Mid"
9601,"Cat_23",22,3139,"High"
9602,"Cat_12",48,308,"Low"
9603,"Cat_25",27,2178,"Mid"
9604,"Cat_23",119,2432,"Mid"
9605,"Cat_4",1,3194,"High"
9606,"Cat_4",159,247,"Low"
9607,"Cat_13",191,4181,"High"
9608,"Cat_16",107,3140,"High"
9609,"Cat_22",112,2582,"Mid"
9610,"Cat_3",142,4029,"High"
9611,"Cat_29",15,2132,"Mid"
9612,"Cat_22",74,1284,"Mid"
9613,"Cat_19",94,4070,"High"
9614,"Cat_26",1,3266,"High"
9615,"Cat_18",51,945,"Low"
9616,"Cat_26",39,357,"Low"
9617,"Cat_27",121,4884,"High"
9618,"Cat_22",187,212,"Low"
9619,"Cat_21",60,3657,"High"
9620,"Cat_28",193,1594,"Mid"
9621,"Cat_6",86,1742,"Mid"
9622,"Cat_17",105,1719,"Mid"
9623,"Cat_13",136,2919,"Mid"
9624,"Cat_17",18,2001,"Mid"
9625,"Cat_29",166,2913,"Mid"
9626,"Cat_22",34,1717,"Mid"
9627,"Cat_6",102,1676,"Mid"
9628,"Cat_5",91,2057,"Mid"
9629,"Cat_17",181,748,"Low"
9630,"Cat_6",17,3898,"High"
9631,"Cat_1",26,1924,"Mid"
9632,"Cat_3",45,3600,"High"
9633,"Cat_27",56,4654,"High"
9634,"Cat_27",47,4953,"High"
9635,"Cat_19",112,976,"Low"
9636,"Cat_6",123,1563,"Mid"
9637,"Cat_9",197,1157,"Mid"
9638,"Cat_19",111,2692,"Mid"
9639,"Cat_10",189,4977,"High"
9640,"Cat_28",93,1966,"Mid"
9641,"Cat_17",109,2544,"Mid"
9642,"Cat_17",44,142,"Low"
9643,"Cat_7",53,1305,"Mid"
9644,"Cat_9",177,435,"Low"
9645,"Cat_9",169,3035,"High"
9646,"Cat_11",27,2308,"Mid"
9647,"Cat_21",125,2407,"Mid"
9648,"Cat_13",38,2066,"Mid"
9649,"Cat_30",193,3548,"High"
9650,"Cat_7",162,951,"Low"
9651,"Cat_10",187,3928,"High"
9652,"Cat_15",2,2619,"Mid"
9653,"Cat_20",29,4169,"High"
9654,"Cat_20",121,671,"Low"
9655,"Cat_23",30,2634,"Mid"
9656,"Cat_20",151,1380,"Mid"
9657,"Cat_30",129,1942,"Mid"
9658,"Cat_15",190,3001,"High"
9659,"Cat_9",44,3295,"High"
9660,"Cat_24",112,1877,"Mid"
9661,"Cat_27",158,2644,"Mid"
9662,"Cat_11",51,349,"Low"
9663,"Cat_22",83,962,"Low"
9664,"Cat_19",18,4239,"High"
9665,"Cat_28",82,4861,"High"
9666,"Cat_7",170,4987,"High"
9667,"Cat_7",38,1894,"Mid"
9668,"Cat_8",191,376,"Low"
9669,"Cat_28",20,826,"Low"
9670,"Cat_16",125,3912,"High"
9671,"Cat_25",5,1621,"Mid"
9672,"Cat_23",130,512,"Low"
9673,"Cat_15",80,4621,"High"
9674,"Cat_26",3,804,"Low"
9675,"Cat_24",80,4563,"High"
9676,"Cat_19",10,3637,"High"
9677,"Cat_15",154,2671,"Mid"
9678,"Cat_24",11,2750,"Mid"
9679,"Cat_23",28,2546,"Mid"
9680,"Cat_7",83,2836,"Mid"
9681,"Cat_2",11,2222,"Mid"
9682,"Cat_17",54,1196,"Mid"
9683,"Cat_9",49,4034,"High"
9684,"Cat_21",53,881,"Low"
9685,"Cat_27",186,1536,"Mid"
9686,"Cat_15",161,2642,"Mid"
9687,"Cat_12",167,4681,"High"
9688,"Cat_4",145,4559,"High"
9689,"Cat_23",64,2481,"Mid"
9690,"Cat_24",21,610,"Low"
9691,"Cat_23",107,1769,"Mid"
9692,"Cat_7",10,2709,"Mid"
9693,"Cat_26",20,1593,"Mid"
9694,"Cat_8",9,4677,"High"
9695,"Cat_26",52,456,"Low"
9696,"Cat_8",149,3556,"High"
9697,"Cat_30",9,2955,"Mid"
9698,"Cat_9",152,4672,"High"
9699,"Cat_7",162,2877,"Mid"
9700,"Cat_2",17,1573,"Mid"
9701,"Cat_3",35,1566,"Mid"
9702,"Cat_22",54,3597,"High"
9703,"Cat_27",96,3490,"High"
9704,"Cat_5",196,2579,"Mid"
9705,"Cat_28",136,893,"Low"
9706,"Cat_19",32,4810,"High"
9707,"Cat_20",72,4896,"High"
9708,"Cat_28",196,885,"Low"
9709,"Cat_29",82,2041,"Mid"
9710,"Cat_18",189,3715,"High"
9711,"Cat_9",85,159,"Low"
9712,"Cat_12",6,2064,"Mid"
9713,"Cat_15",77,284,"Low"
9714,"Cat_22",150,4948,"High"
9715,"Cat_29",127,1697,"Mid"
9716,"Cat_22",14,1942,"Mid"
9717,"Cat_3",108,963,"Low"
9718,"Cat_23",9,3596,"High"
9719,"Cat_6",186,4117,"High"
9720,"Cat_20",3,478,"Low"
9721,"Cat_25",102,3575,"High"
9722,"Cat_12",185,2074,"Mid"
9723,"Cat_23",52,2190,"Mid"
9724,"Cat_25",8,2160,"Mid"
9725,"Cat_9",4,1540,"Mid"
9726,"Cat_8",67,4580,"High"
9727,"Cat_6",8,2766,"Mid"
9728,"Cat_5",176,4436,"High"
9729,"Cat_10",189,4960,"High"
9730,"Cat_26",78,1018,"Mid"
9731,"Cat_6",83,1855,"Mid"
9732,"Cat_13",81,4475,"High"
9733,"Cat_22",104,616,"Low"
9734,"Cat_6",170,2180,"Mid"
9735,"Cat_7",177,2957,"Mid"
9736,"Cat_26",103,1581,"Mid"
9737,"Cat_29",12,4502,"High"
9738,"Cat_23",32,2773,"Mid"
9739,"Cat_18",72,2528,"Mid"
9740,"Cat_30",141,442,"Low"
9741,"Cat_16",65,4036,"High"
9742,"Cat_12",149,2273,"Mid"
9743,"Cat_21",149,1200,"Mid"
9744,"Cat_7",172,1507,"Mid"
9745,"Cat_14",109,4103,"High"
9746,"Cat_1",105,2690,"Mid"
9747,"Cat_24",41,4426,"High"
9748,"Cat_2",177,2214,"Mid"
9749,"Cat_6",22,2542,"Mid"
9750,"Cat_30",91,4684,"High"
9751,"Cat_17",52,2106,"Mid"
9752,"Cat_6",189,4928,"High"
9753,"Cat_14",2,4947,"High"
9754,"Cat_10",124,3137,"High"
9755,"Cat_30",43,2149,"Mid"
9756,"Cat_11",195,940,"Low"
9757,"Cat_10",168,4114,"High"
9758,"Cat_26",21,3043,"High"
9759,"Cat_20",18,2440,"Mid"
9760,"Cat_16",127,350,"Low"
9761,"Cat_14",59,3124,"High"
9762,"Cat_7",138,456,"Low"
9763,"Cat_28",129,1929,"Mid"
9764,"Cat_4",157,2912,"Mid"
9765,"Cat_12",16,864,"Low"
9766,"Cat_19",189,521,"Low"
9767,"Cat_28",115,1883,"Mid"
9768,"Cat_5",195,4119,"High"
9769,"Cat_24",157,766,"Low"
9770,"Cat_12",196,404,"Low"
9771,"Cat_11",8,1114,"Mid"
9772,"Cat_16",11,1019,"Mid"
9773,"Cat_6",134,1789,"Mid"
9774,"Cat_19",194,962,"Low"
9775,"Cat_19",199,2723,"Mid"
9776,"Cat_20",108,4832,"High"
9777,"Cat_10",50,4260,"High"
9778,"Cat_7",132,1918,"Mid"
9779,"Cat_17",47,4520,"High"
9780,"Cat_22",172,538,"Low"
9781,"Cat_26",20,798,"Low"
9782,"Cat_8",108,557,"Low"
9783,"Cat_10",182,1380,"Mid"
9784,"Cat_19",71,2306,"Mid"
9785,"Cat_22",59,2217,"Mid"
9786,"Cat_13",38,3858,"High"
9787,"Cat_24",77,918,"Low"
9788,"Cat_25",165,1180,"Mid"
9789,"Cat_17",77,3008,"High"
9790,"Cat_7",22,2349,"Mid"
9791,"Cat_1",194,2748,"Mid"
9792,"Cat_23",9,2428,"Mid"
9793,"Cat_27",140,2353,"Mid"
9794,"Cat_8",91,2398,"Mid"
9795,"Cat_29",199,1119,"Mid"
9796,"Cat_26",65,2300,"Mid"
9797,"Cat_28",176,299,"Low"
9798,"Cat_12",161,1083,"Mid"
9799,"Cat_7",11,1678,"Mid"
9800,"Cat_27",74,1399,"Mid"
9801,"Cat_9",1,4102,"High"
9802,"Cat_15",42,4232,"High"
9803,"Cat_26",20,633,"Low"
9804,"Cat_25",39,3383,"High"
9805,"Cat_13",23,2791,"Mid"
9806,"Cat_9",112,2691,"Mid"
9807,"Cat_4",22,3812,"High"
9808,"Cat_25",137,1366,"Mid"
9809,"Cat_4",118,4236,"High"
9810,"Cat_1",93,271,"Low"
9811,"Cat_3",197,4881,"High"
9812,"Cat_1",50,591,"Low"
9813,"Cat_20",51,1286,"Mid"
9814,"Cat_26",189,1541,"Mid"
9815,"Cat_2",89,512,"Low"
9816,"Cat_18",13,1889,"Mid"
9817,"Cat_14",171,910,"Low"
9818,"Cat_14",83,2526,"Mid"
9819,"Cat_14",37,1500,"Mid"
9820,"Cat_12",185,4618,"High"
9821,"Cat_9",117,642,"Low"
9822,"Cat_10",17,3489,"High"
9823,"Cat_28",16,4250,"High"
9824,"Cat_24",62,3856,"High"
9825,"Cat_25",73,1363,"Mid"
9826,"Cat_7",187,1577,"Mid"
9827,"Cat_4",78,336,"Low"
9828,"Cat_26",21,2916,"Mid"
9829,"Cat_15",155,1215,"Mid"
9830,"Cat_5",119,2351,"Mid"
9831,"Cat_12",20,1091,"Mid"
9832,"Cat_21",46,3548,"High"
9833,"Cat_27",72,964,"Low"
9834,"Cat_8",175,2384,"Mid"
9835,"Cat_10",115,4756,"High"
9836,"Cat_4",44,1390,"Mid"
9837,"Cat_28",163,3292,"High"
9838,"Cat_21",51,4863,"High"
9839,"Cat_12",33,1665,"Mid"
9840,"Cat_4",27,4569,"High"
9841,"Cat_13",70,2960,"Mid"
9842,"Cat_1",58,4506,"High"
9843,"Cat_29",98,1230,"Mid"
9844,"Cat_4",62,1300,"Mid"
9845,"Cat_22",194,3904,"High"
9846,"Cat_26",94,3018,"High"
9847,"Cat_21",87,240,"Low"
9848,"Cat_3",148,3075,"High"
9849,"Cat_2",118,1487,"Mid"
9850,"Cat_11",102,3679,"High"
9851,"Cat_29",42,4989,"High"
9852,"Cat_9",34,3978,"High"
9853,"Cat_5",83,4173,"High"
9854,"Cat_24",70,4359,"High"
9855,"Cat_7",4,417,"Low"
9856,"Cat_11",61,424,"Low"
9857,"Cat_11",10,1649,"Mid"
9858,"Cat_15",118,4966,"High"
9859,"Cat_9",86,2944,"Mid"
9860,"Cat_13",164,1741,"Mid"
9861,"Cat_1",23,978,"Low"
9862,"Cat_13",156,2430,"Mid"
9863,"Cat_14",129,105,"Low"
9864,"Cat_7",89,4375,"High"
9865,"Cat_7",157,2337,"Mid"
9866,"Cat_10",107,3770,"High"
9867,"Cat_5",45,2374,"Mid"
9868,"Cat_11",182,1035,"Mid"
9869,"Cat_8",62,3188,"High"
9870,"Cat_16",97,1768,"Mid"
9871,"Cat_1",190,2315,"Mid"
9872,"Cat_30",13,4806,"High"
9873,"Cat_9",31,4356,"High"
9874,"Cat_19",183,3631,"High"
9875,"Cat_3",19,262,"Low"
9876,"Cat_4",182,1739,"Mid"
9877,"Cat_23",16,3274,"High"
9878,"Cat_22",28,1438,"Mid"
9879,"Cat_7",92,3641,"High"
9880,"Cat_9",45,1855,"Mid"
9881,"Cat_17",102,2711,"Mid"
9882,"Cat_3",76,3875,"High"
9883,"Cat_17",111,3334,"High"
9884,"Cat_14",78,4855,"High"
9885,"Cat_30",15,2552,"Mid"
9886,"Cat_12",62,270,"Low"
9887,"Cat_23",120,1075,"Mid"
9888,"Cat_23",101,1230,"Mid"
9889,"Cat_18",193,790,"Low"
9890,"Cat_29",3,3640,"High"
9891,"Cat_20",123,640,"Low"
9892,"Cat_8",174,3212,"High"
9893,"Cat_12",125,2809,"Mid"
9894,"Cat_22",1,883,"Low"
9895,"Cat_29",67,2433,"Mid"
9896,"Cat_9",61,313,"Low"
9897,"Cat_22",49,674,"Low"
9898,"Cat_20",49,3714,"High"
9899,"Cat_24",83,987,"Low"
9900,"Cat_1",37,3438,"High"
9901,"Cat_1",50,2009,"Mid"
9902,"Cat_15",39,3208,"High"
9903,"Cat_13",77,4343,"High"
9904,"Cat_25",67,3701,"High"
9905,"Cat_10",165,2379,"Mid"
9906,"Cat_22",17,1737,"Mid"
9907,"Cat_11",178,4872,"High"
9908,"Cat_21",57,4186,"High"
9909,"Cat_19",126,353,"Low"
9910,"Cat_8",91,3118,"High"
9911,"Cat_22",65,4160,"High"
9912,"Cat_8",164,1042,"Mid"
9913,"Cat_1",37,956,"Low"
9914,"Cat_5",153,851,"Low"
9915,"Cat_22",25,1921,"Mid"
9916,"Cat_2",23,232,"Low"
9917,"Cat_30",70,2617,"Mid"
9918,"Cat_27",21,953,"Low"
9919,"Cat_5",5,2467,"Mid"
9920,"Cat_23",10,3406,"High"
9921,"Cat_15",131,2521,"Mid"
9922,"Cat_8",146,972,"Low"
9923,"Cat_3",97,3955,"High"
9924,"Cat_28",153,2140,"Mid"
9925,"Cat_4",27,4862,"High"
9926,"Cat_16",103,4958,"High"
9927,"Cat_26",21,928,"Low"
9928,"Cat_20",157,4155,"High"
9929,"Cat_17",69,1375,"Mid"
9930,"Cat_3",39,2275,"Mid"
9931,"Cat_28",58,4392,"High"
9932,"Cat_17",155,4636,"High"
9933,"Cat_12",1,916,"Low"
9934,"Cat_19",128,2047,"Mid"
9935,"Cat_18",78,2549,"Mid"
9936,"Cat_16",45,488,"Low"
9937,"Cat_11",142,2580,"Mid"
9938,"Cat_25",14,1510,"Mid"
9939,"Cat_16",71,2895,"Mid"
9940,"Cat_11",192,4863,"High"
9941,"Cat_22",132,2342,"Mid"
9942,"Cat_12",191,2953,"Mid"
9943,"Cat_24",133,2691,"Mid"
9944,"Cat_17",79,283,"Low"
9945,"Cat_3",191,2530,"Mid"
9946,"Cat_21",177,3928,"High"
9947,"Cat_3",178,3805,"High"
9948,"Cat_24",81,1986,"Mid"
9949,"Cat_19",122,4027,"High"
9950,"Cat_6",80,1417,"Mid"
9951,"Cat_5",138,4854,"High"
9952,"Cat_8",110,448,"Low"
9953,"Cat_20",7,3439,"High"
9954,"Cat_2",190,3025,"High"
9955,"Cat_5",56,624,"Low"
9956,"Cat_17",132,3410,"High"
9957,"Cat_11",112,2067,"Mid"
9958,"Cat_28",196,909,"Low"
9959,"Cat_22",25,118,"Low"
9960,"Cat_30",54,2601,"Mid"
9961,"Cat_4",68,1241,"Mid"
9962,"Cat_3",131,4419,"High"
9963,"Cat_10",37,1150,"Mid"
9964,"Cat_27",132,3742,"High"
9965,"Cat_12",77,4418,"High"
9966,"Cat_20",117,626,"Low"
9967,"Cat_18",1,719,"Low"
9968,"Cat_3",114,1699,"Mid"
9969,"Cat_22",173,3859,"High"
9970,"Cat_22",38,4547,"High"
9971,"Cat_4",98,4863,"High"
9972,"Cat_5",121,2755,"Mid"
9973,"Cat_15",162,3927,"High"
9974,"Cat_3",82,4218,"High"
9975,"Cat_19",164,2926,"Mid"
9976,"Cat_10",8,4446,"High"
9977,"Cat_12",161,4105,"High"
9978,"Cat_3",14,2228,"Mid"
9979,"Cat_6",31,3651,"High"
9980,"Cat_14",98,3566,"High"
9981,"Cat_25",190,1911,"Mid"
9982,"Cat_17",173,1076,"Mid"
9983,"Cat_16",26,2641,"Mid"
9984,"Cat_20",173,4468,"High"
9985,"Cat_19",70,1157,"Mid"
9986,"Cat_28",99,2041,"Mid"
9987,"Cat_13",155,3470,"High"
9988,"Cat_16",128,1622,"Mid"
9989,"Cat_19",34,434,"Low"
9990,"Cat_9",140,4903,"High"
9991,"Cat_10",54,334,"Low"
9992,"Cat_6",29,1002,"Mid"
9993,"Cat_1",109,616,"Low"
9994,"Cat_5",136,580,"Low"
9995,"Cat_9",126,1175,"Mid"
9996,"Cat_15",197,2558,"Mid"
9997,"Cat_20",156,2516,"Mid"
9998,"Cat_9",44,1668,"Mid"
9999,"Cat_18",93,3895,"High"
10000,"Cat_1",18,4711,"High"
